EmployeeID,Age,MonthlySalary,OvertimeHoursPerMonth,LeavesTaken,ProjectsHandled,TrainingHours,CustomerSatisfaction,LastPromotionYear,YearsAtCompany,WorkLifeBalanceScore,PerformanceRating,AttritionRisk_Label,tenure_adjusted_salary,years_since_last_promotion,overtime_to_projects_ratio,days_since_last_leave,engagement_score,Gender_Female,Gender_Male,Gender_Other,Department_Finance,Department_Hr,Department_It,Department_Marketing,Department_Sales,Department_Support,JobRole_Account Manager,JobRole_Accountant,JobRole_Auditor,JobRole_Content Lead,JobRole_Developer,JobRole_Engineer,JobRole_Helpdesk,JobRole_Hr Executive,JobRole_Hr Manager,JobRole_Sales Executive,JobRole_Seo Analyst,JobRole_Support Engineer,JobRole_Tester,EducationLevel_1,EducationLevel_2,EducationLevel_3,EducationLevel_4,EducationLevel_5
1,57,93531,33,9,13,16,5.0,2020,9,1.9,4,0,9353.1,4,2.357142857142857,181,0.03783709736738225,False,False,True,True,False,False,False,False,False,False,False,True,False,False,False,False,False,False,False,False,False,False,False,True,False,False,False
2,26,53706,24,1,15,44,8.0,2014,11,5.03,1,1,4475.5,10,1.5,361,-0.08117900117447545,True,False,False,False,False,False,False,True,False,False,False,False,False,False,False,False,False,False,True,False,False,False,False,True,False,False,False
3,59,105756,20,7,7,62,7.0,2012,15,4.83,4,0,6609.75,12,2.5,34,0.767221984593271,False,False,True,False,False,False,False,False,True,False,False,False,False,False,False,True,False,False,False,False,False,False,True,False,False,False,False
4,43,176377,22,6,15,8,5.0,2016,10,4.6,4,0,16034.272727272728,8,1.375,169,0.3523007370285081,True,False,False,False,True,False,False,False,False,False,False,False,False,False,False,False,True,False,False,False,False,False,False,False,True,False,False
5,52,154782,18,16,10,57,8.0,2022,6,3.73,4,0,22111.714285714286,2,1.6363636363636365,14,0.8331739705281457,False,True,False,False,False,False,False,True,False,True,False,False,False,False,False,False,False,False,False,False,False,False,False,False,True,False,False
6,33,58647,34,5,6,5,6.0,2020,7,2.37,3,0,7330.875,4,4.857142857142857,91,-0.06860993056843905,False,False,True,False,False,False,False,False,True,False,False,False,False,False,False,True,False,False,False,False,False,False,False,True,False,False,False
7,55,70273,1,20,8,66,5.0,2024,7,6.47,1,0,8784.125,0,0.1111111111111111,213,-0.49566546630120856,False,True,False,False,False,True,False,False,False,False,False,False,False,False,True,False,False,False,False,False,False,False,False,True,False,False,False
8,51,178909,33,22,3,78,5.0,2019,9,-0.27,3,0,17890.9,5,8.25,66,-0.5701522914413177,True,False,False,False,True,False,False,False,False,False,False,False,False,False,False,False,True,False,False,False,False,False,False,False,False,False,True
9,32,51014,40,11,6,10,5.0,2023,15,0.17,3,0,3188.375,1,5.714285714285714,164,-0.5189063649780231,False,True,False,False,True,False,False,False,False,False,False,False,False,False,False,False,True,False,False,False,False,False,False,True,False,False,False
10,54,63726,21,19,1,25,5.0,2024,14,2.63,2,1,4248.4,0,10.5,158,-0.5876488457752369,True,False,False,True,False,False,False,False,False,False,True,False,False,False,False,False,False,False,False,False,False,False,False,False,True,False,False
11,52,64215,2,13,6,21,5.0,2021,10,7.43,3,0,5837.727272727273,3,0.2857142857142857,252,0.3266514216663376,False,False,True,False,True,False,False,False,False,False,False,False,False,False,False,False,True,False,False,False,False,False,False,False,False,True,False
12,55,76960,14,2,11,56,6.0,2017,14,6.87,5,0,5130.666666666667,7,1.1666666666666667,235,1.16600372939925,False,True,False,False,False,False,False,False,True,False,False,False,False,False,False,True,False,False,False,False,False,False,False,False,False,False,True
13,47,151391,8,20,12,7,5.0,2022,5,5.07,4,0,25231.833333333332,2,0.6153846153846154,83,0.407040703932482,False,True,False,True,False,False,False,False,False,False,True,False,False,False,False,False,False,False,False,False,False,False,False,False,True,False,False
14,50,170862,7,1,8,60,5.0,2022,13,8.43,4,0,12204.42857142857,2,0.7777777777777778,143,0.7983732332885496,True,False,False,False,True,False,False,False,False,False,False,False,False,False,False,False,False,True,False,False,False,False,True,False,False,False,False
15,26,161974,6,3,15,76,5.0,2024,7,8.3,3,0,20246.75,0,0.375,186,0.42797859444603376,False,True,False,False,False,True,False,False,False,False,False,False,False,True,False,False,False,False,False,False,False,False,False,False,True,False,False
16,43,164012,1,19,10,10,5.0,2020,5,6.63,3,0,27335.333333333332,4,0.09090909090909091,287,0.23347700991489284,True,False,False,False,False,False,True,False,False,False,False,False,False,False,False,False,False,False,False,True,False,False,False,False,True,False,False
17,41,70403,10,14,6,42,9.0,2019,11,5.67,3,0,5866.916666666667,5,1.4285714285714286,152,0.8979349241856038,False,False,True,False,False,False,False,False,True,False,False,False,False,False,False,False,False,False,False,False,True,False,False,False,True,False,False
18,39,173689,21,11,3,76,5.0,2020,15,3.97,3,0,10855.5625,4,5.25,261,-0.07632790915866076,True,False,False,False,False,True,False,False,False,False,False,False,False,False,False,False,False,False,False,False,False,True,False,False,False,True,False
19,47,122403,9,17,4,20,9.0,2015,15,5.37,1,0,7650.1875,9,1.8,247,0.15248692591299973,False,True,False,False,False,False,False,False,True,False,False,False,False,False,False,True,False,False,False,False,False,False,False,True,False,False,False
20,23,65010,2,29,11,12,8.0,2015,10,4.77,3,0,5910.0,9,0.16666666666666666,22,0.5990469088721174,False,False,True,False,False,False,False,False,True,False,False,False,False,False,False,False,False,False,False,False,True,False,True,False,False,False,False
21,54,75646,20,7,4,50,8.0,2024,2,4.83,3,0,25215.333333333332,0,4.0,265,0.6060349897534759,True,False,False,False,False,False,False,False,True,False,False,False,False,False,False,False,False,False,False,False,True,False,False,True,False,False,False
22,60,130906,18,28,8,23,10.0,2013,14,1.73,4,0,8727.066666666668,11,2.0,225,0.9883715453357561,False,False,True,False,False,False,False,True,False,False,False,False,False,False,False,False,False,False,True,False,False,False,True,False,False,False,False
23,42,176048,19,17,3,34,5.0,2022,6,3.37,3,0,25149.714285714286,2,4.75,100,-0.14620871797224433,False,True,False,False,False,True,False,False,False,False,False,False,False,False,False,False,False,False,False,False,False,True,False,False,False,False,True
24,57,68060,31,30,12,15,5.0,2023,3,-1.2,2,1,17015.0,1,2.3846153846153846,224,-1.0337213420352787,True,False,False,False,False,True,False,False,False,False,False,False,False,False,False,False,False,False,False,False,False,True,False,True,False,False,False
25,59,62282,35,5,15,63,5.0,2021,5,2.17,4,0,10380.333333333334,3,2.1875,258,0.06928346133349485,False,False,True,False,False,False,True,False,False,False,False,False,True,False,False,False,False,False,False,False,False,False,False,False,False,True,False
26,28,89567,29,13,15,65,5.0,2024,2,2.03,3,0,29855.666666666668,0,1.8125,318,-0.30227585765591425,False,False,True,False,False,False,True,False,False,False,False,False,False,False,False,False,False,False,False,True,False,False,False,False,False,True,False
27,33,82449,31,19,9,36,1.0,2014,11,0.63,4,0,6870.75,10,3.1,77,-0.886344489660481,False,False,True,False,False,False,False,True,False,False,False,False,False,False,False,False,False,False,True,False,False,False,False,False,False,True,False
28,52,41883,20,11,1,28,5.0,2022,4,4.17,2,0,8376.6,2,10.0,229,-0.40828810315370584,True,False,False,False,False,False,True,False,False,False,False,False,True,False,False,False,False,False,False,False,False,False,False,False,False,True,False
29,46,74577,37,11,6,73,5.0,2012,15,0.77,3,0,4661.0625,12,5.285714285714286,90,-0.4490255561644397,False,True,False,True,False,False,False,False,False,False,True,False,False,False,False,False,False,False,False,False,False,False,True,False,False,False,False
30,23,104549,38,30,6,80,4.0,2022,12,-2.6,4,0,8042.2307692307695,2,5.428571428571429,207,-0.6803357708276055,False,True,False,False,False,False,False,False,True,False,False,False,False,False,False,False,False,False,False,False,True,False,False,True,False,False,False
31,60,74638,39,4,7,12,5.0,2024,4,1.53,4,0,14927.6,0,4.875,272,-0.005256068067660873,False,False,True,False,False,True,False,False,False,False,False,False,False,True,False,False,False,False,False,False,False,False,False,False,False,False,True
32,50,103189,8,18,4,44,5.0,2023,5,5.4,3,0,17198.166666666668,1,1.6,59,0.09022135184704667,False,True,False,False,False,False,True,False,False,False,False,False,True,False,False,False,False,False,False,False,False,False,False,False,False,False,True
33,43,41254,9,23,13,33,5.0,2020,12,4.37,1,0,3173.3846153846152,4,0.6428571428571429,316,-0.7402482971487511,False,True,False,False,False,True,False,False,False,False,False,False,False,False,False,False,False,False,False,False,False,True,False,True,False,False,False
34,33,152027,24,2,11,7,5.0,2018,8,4.87,3,0,16891.88888888889,6,2.0,364,0.02849330406171453,False,True,False,False,False,True,False,False,False,False,False,False,False,False,True,False,False,False,False,False,False,False,False,False,False,True,False
35,27,109614,21,0,5,56,5.0,2021,4,5.8,4,0,21922.8,3,3.5,183,0.49206235465567527,False,True,False,False,False,False,True,False,False,False,False,False,False,False,False,False,False,False,False,True,False,False,False,False,False,False,True
36,32,38475,25,24,7,79,5.0,2024,7,1.0,3,0,4809.375,0,3.125,291,-0.4222379127858993,False,True,False,True,False,False,False,False,False,False,False,True,False,False,False,False,False,False,False,False,False,False,False,False,False,True,False
37,43,72671,32,16,5,80,5.0,2023,6,0.93,3,0,10381.57142857143,1,5.333333333333333,22,-0.4303906738141507,False,True,False,False,False,False,True,False,False,False,False,False,True,False,False,False,False,False,False,False,False,False,False,True,False,False,False
38,58,34306,28,14,8,61,5.0,2023,15,2.07,4,0,2144.125,1,3.111111111111111,119,0.05763665986456424,False,True,False,True,False,False,False,False,False,False,True,False,False,False,False,False,False,False,False,False,False,False,False,False,False,True,False
39,22,73324,21,30,10,36,5.0,2023,14,0.8,3,0,4888.266666666666,1,1.9090909090909092,237,-0.44553151572376043,False,False,True,True,False,False,False,False,False,False,False,True,False,False,False,False,False,False,False,False,False,False,True,False,False,False,False
40,39,163576,12,10,10,76,5.0,2016,13,5.93,3,0,11684.0,8,1.0909090909090908,137,0.15194939963237872,False,True,False,True,False,False,False,False,False,False,False,True,False,False,False,False,False,False,False,False,False,False,False,False,True,False,False
41,22,49953,14,0,10,78,9.0,2019,9,7.2,3,0,4995.3,5,1.2727272727272727,257,1.076130986660242,False,True,False,False,False,False,False,True,False,True,False,False,False,False,False,False,False,False,False,False,False,False,False,True,False,False,False
42,41,108906,8,7,7,56,5.0,2024,6,7.23,3,0,15558.0,0,1.0,348,0.30335781872847645,True,False,False,False,False,False,True,False,False,False,False,False,True,False,False,False,False,False,False,False,False,False,False,True,False,False,False
43,23,78457,7,24,6,62,5.0,2022,15,4.6,5,0,4903.5625,2,1.0,134,0.7075545339614143,False,True,False,False,False,False,True,False,False,False,False,False,True,False,False,False,False,False,False,False,False,False,False,False,False,False,True
44,55,37533,22,30,4,61,5.0,2015,14,0.6,4,0,2502.2,9,4.4,307,-0.11357132172871542,True,False,False,False,False,True,False,False,False,False,False,False,False,False,True,False,False,False,False,False,False,False,False,False,False,False,True
45,33,171225,23,29,8,53,5.0,2024,7,0.57,4,0,21403.125,0,2.5555555555555554,158,-0.11706536216939463,True,False,False,True,False,False,False,False,False,False,True,False,False,False,False,False,False,False,False,False,False,False,False,False,False,False,True
46,21,101051,34,15,7,49,5.0,2019,9,0.7,1,1,10105.1,5,4.25,282,-1.1676859110585036,False,True,False,False,False,True,False,False,False,False,False,False,False,True,False,False,False,False,False,False,False,False,False,False,True,False,False
47,33,50654,38,30,1,26,7.0,2018,7,-2.6,4,0,6331.75,6,19.0,234,-0.09813536454827188,False,False,True,False,False,False,False,True,False,True,False,False,False,False,False,False,False,False,False,False,False,False,False,True,False,False,False
48,22,71622,27,26,12,20,8.0,2023,7,0.27,4,0,8952.75,1,2.076923076923077,64,0.43019463970314725,False,False,True,False,False,False,False,True,False,False,False,False,False,False,False,False,False,False,True,False,False,False,False,False,False,False,True
49,23,132390,14,16,14,45,2.0,2023,4,4.53,4,0,26478.0,1,0.9333333333333333,339,-0.23805243027907674,False,True,False,False,False,False,False,False,True,False,False,False,False,False,False,True,False,False,False,False,False,False,False,False,False,False,True
50,54,179351,40,23,14,18,5.0,2023,2,-1.83,3,0,59783.666666666664,1,2.6666666666666665,270,-0.7518423943566351,True,False,False,False,False,True,False,False,False,False,False,False,False,False,False,False,False,False,False,False,False,True,False,False,False,False,True
51,57,50691,27,13,10,21,3.0,2022,10,2.43,4,0,4608.272727272727,2,2.4545454545454546,165,-0.288568459033508,True,False,False,False,False,False,False,True,False,False,False,False,False,False,False,False,False,False,True,False,False,False,False,False,True,False,False
52,52,163863,37,23,3,50,1.0,2016,14,-1.23,4,0,10924.2,8,9.25,141,-1.1029749969825902,False,False,True,False,False,False,False,False,True,False,False,False,False,False,False,False,False,False,False,False,True,False,False,True,False,False,False
53,36,134280,2,3,14,35,5.0,2024,4,9.1,5,0,26856.0,0,0.13333333333333333,311,1.2316606000632908,False,True,False,False,False,False,True,False,False,False,False,False,False,False,False,False,False,False,False,True,False,False,True,False,False,False,False
54,52,38519,6,14,12,64,5.0,2024,14,6.47,2,0,2567.9333333333334,0,0.46153846153846156,261,-0.14041166936830238,True,False,False,True,False,False,False,False,False,False,False,True,False,False,False,False,False,False,False,False,False,False,False,True,False,False,False
55,35,153394,34,12,12,5,5.0,2023,4,1.2,3,0,30678.8,1,2.6153846153846154,169,-0.3989443098480381,True,False,False,True,False,False,False,False,False,False,True,False,False,False,False,False,False,False,False,False,False,False,False,True,False,False,False
56,48,42964,1,13,5,22,5.0,2018,7,7.63,2,0,5370.5,6,0.16666666666666666,44,-0.005308772328707479,False,True,False,False,False,True,False,False,False,False,False,False,False,True,False,False,False,False,False,False,False,False,True,False,False,False,False
57,30,52745,16,14,7,41,5.0,2023,6,4.47,1,0,7535.0,1,2.0,69,-0.7286014956798205,False,False,True,False,False,True,False,False,False,False,False,False,False,True,False,False,False,False,False,False,False,False,False,False,True,False,False
58,34,37431,4,8,2,60,9.0,2021,13,7.87,3,0,2673.6428571428573,3,1.3333333333333333,157,1.1541645565020768,False,False,True,False,False,False,False,False,True,False,False,False,False,False,False,True,False,False,False,False,False,False,False,False,False,False,True
59,22,124008,28,29,6,51,5.0,2022,3,-0.43,4,0,31002.0,2,4.0,55,-0.23353337685870043,False,True,False,False,False,False,True,False,False,False,False,False,False,False,False,False,False,False,False,True,False,False,True,False,False,False,False
60,48,128442,18,1,10,36,5.0,2021,8,6.23,4,0,14271.333333333334,3,1.6363636363636365,60,0.5421436009720769,False,True,False,False,True,False,False,False,False,False,False,False,False,False,False,False,True,False,False,False,False,False,False,True,False,False,False
61,57,137226,36,1,15,58,5.0,2021,10,2.63,2,1,12475.09090909091,3,2.25,89,-0.5876488457752369,False,False,True,False,True,False,False,False,False,False,False,False,False,False,False,False,False,True,False,False,False,False,False,False,True,False,False
62,48,150377,18,19,8,19,5.0,2022,5,3.23,4,0,25062.833333333332,2,2.0,294,0.19273955690415912,True,False,False,False,False,True,False,False,False,False,False,False,False,False,False,False,False,False,False,False,False,True,False,False,False,False,True
63,27,161874,2,7,11,53,5.0,2015,13,8.43,5,0,11562.42857142857,9,0.16666666666666666,43,1.153627030221456,True,False,False,False,True,False,False,False,False,False,False,False,False,False,False,False,False,True,False,False,False,False,False,True,False,False,False
64,32,39558,19,19,15,50,3.0,2022,6,3.03,3,0,5651.142857142857,2,1.1875,10,-0.5739414471528307,True,False,False,False,False,False,False,False,True,False,False,False,False,False,False,True,False,False,False,False,False,False,False,False,False,False,True
65,60,49620,29,4,5,76,4.0,2013,12,3.53,3,0,3816.923076923077,11,4.833333333333333,159,-0.3216406377150666,False,True,False,False,False,False,False,True,False,True,False,False,False,False,False,False,False,False,False,False,False,False,True,False,False,False,False
66,34,86861,30,0,1,25,5.0,2024,4,4.0,3,0,17372.2,0,15.0,143,-0.07283386871798161,True,False,False,False,False,False,True,False,False,False,False,False,True,False,False,False,False,False,False,False,False,False,False,False,True,False,False
67,22,155851,1,30,12,44,1.0,2024,2,4.8,4,0,51950.333333333336,0,0.07692307692307693,39,-0.40067286840607547,True,False,False,False,False,False,False,True,False,False,False,False,False,False,False,False,False,False,True,False,False,False,False,False,True,False,False
68,21,72637,31,27,7,70,6.0,2021,14,-0.7,2,1,4842.466666666666,3,3.875,118,-0.7814205325975144,True,False,False,False,False,False,False,True,False,False,False,False,False,False,False,False,False,False,True,False,False,False,True,False,False,False,False
69,26,151643,1,1,5,35,1.0,2024,13,9.63,4,0,10831.642857142857,0,0.16666666666666666,356,0.16186764254327204,True,False,False,False,False,False,False,True,False,True,False,False,False,False,False,False,False,False,False,False,False,False,True,False,False,False,False
70,37,155727,26,30,3,46,5.0,2020,10,-0.2,2,1,14157.0,4,6.5,128,-0.9172533273459726,True,False,False,True,False,False,False,False,False,False,True,False,False,False,False,False,False,False,False,False,False,False,False,False,True,False,False
71,55,71487,9,12,7,39,5.0,2023,7,6.2,5,0,8935.875,1,1.125,147,0.8939033574643038,True,False,False,False,True,False,False,False,False,False,False,False,False,False,False,False,True,False,False,False,False,False,True,False,False,False,False
72,23,169631,0,9,7,23,5.0,2012,14,8.5,4,0,11308.733333333334,12,0.0,365,0.8065259943168012,True,False,False,False,False,False,True,False,False,False,False,False,True,False,False,False,False,False,False,False,False,False,False,False,True,False,False
73,29,56935,36,29,6,50,5.0,2024,4,-2.03,4,0,11387.0,0,5.142857142857143,12,-0.4198822003615898,False,True,False,False,False,True,False,False,False,False,False,False,False,True,False,False,False,False,False,False,False,False,False,False,False,False,True
74,32,68664,21,9,14,79,4.0,2023,2,4.3,3,0,22888.0,1,1.4,59,-0.2319602664043011,True,False,False,False,False,False,False,True,False,False,False,False,False,False,False,False,False,False,True,False,False,False,False,False,True,False,False
75,31,129732,29,2,11,58,5.0,2016,11,3.87,4,0,10811.0,8,2.4166666666666665,76,0.2672790863053149,False,False,True,False,False,True,False,False,False,False,False,False,False,True,False,False,False,False,False,False,False,False,False,True,False,False,False
76,21,36008,11,6,5,55,5.0,2016,11,6.8,2,0,3000.6666666666665,8,1.8333333333333333,38,-0.10197722452083142,True,False,False,False,True,False,False,False,False,False,False,False,False,False,False,False,False,True,False,False,False,False,False,True,False,False,False
77,25,163071,15,7,8,60,5.0,2016,12,5.83,4,0,12543.923076923076,8,1.6666666666666667,116,0.49555639509635446,False,False,True,False,False,False,False,True,False,False,False,False,False,False,False,False,False,False,True,False,False,False,False,True,False,False,False
78,26,44713,21,27,2,48,5.0,2024,3,1.3,3,0,11178.25,0,7.0,136,-0.38729750837910754,False,False,True,False,False,False,False,True,False,False,False,False,False,False,False,False,False,False,True,False,False,False,True,False,False,False,False
79,46,73718,10,4,9,34,5.0,2022,4,7.33,4,0,14743.6,2,1.0,4,0.6702584171303131,False,True,False,False,False,False,True,False,False,False,False,False,True,False,False,False,False,False,False,False,False,False,False,False,True,False,False
80,47,142815,21,13,15,22,5.0,2023,11,3.63,2,1,11901.25,1,1.3125,168,-0.47118083108593106,False,False,True,False,True,False,False,False,False,False,False,False,False,False,False,False,False,True,False,False,False,False,False,False,False,True,False
81,43,82938,18,17,7,16,4.0,2015,11,3.57,4,0,6911.5,9,2.25,314,0.03827187980541191,False,True,False,False,False,False,False,False,True,False,False,False,False,False,False,True,False,False,False,False,False,False,False,False,False,True,False
82,22,32356,15,4,12,74,5.0,2020,5,6.33,2,0,5392.666666666667,4,1.1538461538461537,144,-0.15671719142480514,True,False,False,False,False,True,False,False,False,False,False,False,False,False,True,False,False,False,False,False,False,False,False,False,True,False,False
83,28,150136,31,14,2,71,5.0,2023,5,1.47,4,0,25022.666666666668,1,10.333333333333334,83,-0.012244148949019292,False,False,True,False,False,True,False,False,False,False,False,False,False,True,False,False,False,False,False,False,False,False,False,False,False,False,True
84,51,103550,13,23,9,53,5.0,2024,4,3.57,3,0,20710.0,0,1.3,81,-0.12291511503438318,True,False,False,True,False,False,False,False,False,False,False,True,False,False,False,False,False,False,False,False,False,False,False,False,False,False,True
85,31,145121,23,22,13,34,4.0,2024,5,1.73,2,1,24186.833333333332,0,1.6428571428571428,120,-0.8865368610887234,False,False,True,False,False,False,False,True,False,False,False,False,False,False,False,False,False,False,True,False,False,False,False,False,True,False,False
86,54,152976,8,19,9,45,4.0,2024,8,5.23,3,0,16997.333333333332,0,0.8,290,-0.1236450127432465,False,True,False,False,False,False,False,True,False,False,False,False,False,False,False,False,False,False,True,False,False,False,False,False,False,True,False
87,44,43063,5,9,13,46,4.0,2022,5,7.5,3,0,7177.166666666667,2,0.35714285714285715,145,0.14073738060147775,False,True,False,False,False,False,False,False,True,False,False,False,False,False,False,False,False,False,False,False,True,False,False,False,False,True,False
88,30,33987,21,16,9,57,5.0,2014,12,3.13,4,0,2614.3846153846152,10,2.1,170,0.18109275543522851,False,True,False,False,False,False,True,False,False,False,False,False,True,False,False,False,False,False,False,False,False,False,False,True,False,False,False
89,44,145588,26,22,7,31,5.0,2020,11,1.13,3,0,12132.333333333334,4,3.25,364,-0.4070970708762895,True,False,False,False,False,False,True,False,False,False,False,False,False,False,False,False,False,False,False,True,False,False,False,False,True,False,False
90,32,43235,38,12,6,23,5.0,2023,2,0.4,3,0,14411.666666666666,1,5.428571428571429,260,-0.49211872159948283,False,False,True,True,False,False,False,False,False,False,False,True,False,False,False,False,False,False,False,False,False,False,False,False,False,True,False
91,60,56904,31,7,15,37,5.0,2021,4,2.63,3,0,11380.8,3,1.9375,78,-0.23239504884233073,False,False,True,False,False,True,False,False,False,False,False,False,False,False,False,False,False,False,False,False,False,True,False,False,False,True,False
92,26,62833,10,3,5,63,5.0,2024,2,7.5,5,0,20944.333333333332,0,1.6666666666666667,249,1.0453117765604014,True,False,False,True,False,False,False,False,False,False,True,False,False,False,False,False,False,False,False,False,False,False,True,False,False,False,False
93,22,133108,16,2,11,47,5.0,2022,4,6.47,3,0,26621.6,2,1.3333333333333333,361,0.21484212756460389,False,False,True,False,False,False,False,True,False,True,False,False,False,False,False,False,False,False,False,False,False,False,False,False,False,False,True
94,35,65954,17,22,3,41,5.0,2024,5,2.93,3,0,10992.333333333334,0,4.25,279,-0.19745464443553892,False,True,False,False,False,False,False,False,True,False,False,False,False,False,False,True,False,False,False,False,False,False,True,False,False,False,False
95,58,99805,6,23,15,6,10.0,2020,7,4.97,4,0,12475.625,4,0.375,283,1.3657279129291073,True,False,False,False,False,False,False,False,True,False,False,False,False,False,False,False,False,False,False,False,True,False,False,False,False,True,False
96,43,156104,2,0,12,20,5.0,2011,14,9.6,3,0,10406.933333333332,13,0.15384615384615385,284,0.5793870135421313,True,False,False,False,False,False,True,False,False,False,False,False,True,False,False,False,False,False,False,False,False,False,True,False,False,False,False
97,34,115105,29,12,15,19,5.0,2022,3,2.2,3,0,28776.25,2,1.8125,307,-0.28247629515873224,True,False,False,False,True,False,False,False,False,False,False,False,False,False,False,False,False,True,False,False,False,False,False,False,False,True,False
98,52,77462,22,18,14,65,5.0,2021,10,2.6,3,0,7042.0,3,1.4666666666666666,263,-0.23588908928300986,True,False,False,False,False,False,True,False,False,False,False,False,True,False,False,False,False,False,False,False,False,False,False,False,False,False,True
99,58,136059,1,18,12,69,5.0,2024,12,6.8,4,0,10466.076923076924,0,0.07692307692307693,26,0.6085303693449812,True,False,False,False,True,False,False,False,False,False,False,False,False,False,False,False,True,False,False,False,False,False,False,False,True,False,False
100,29,152981,14,9,15,9,7.0,2019,6,5.7,3,0,21854.428571428572,5,0.875,325,0.5132953604400609,False,True,False,False,False,False,False,True,False,True,False,False,False,False,False,False,False,False,False,False,False,False,False,False,False,False,True
101,43,107081,31,29,15,80,5.0,2014,11,-1.03,3,0,8923.416666666666,10,1.9375,236,-0.6586679826051902,False,False,True,False,True,False,False,False,False,False,False,False,False,False,False,False,False,True,False,False,False,False,False,True,False,False,False
102,30,172259,38,22,2,62,5.0,2012,14,-1.27,5,0,11483.933333333332,12,12.666666666666666,196,0.023887287735188823,True,False,False,False,True,False,False,False,False,False,False,False,False,False,False,False,True,False,False,False,False,False,False,True,False,False,False
103,51,50979,31,25,13,52,2.0,2019,11,-0.37,4,0,4248.25,5,2.2142857142857144,329,-0.8087457022566756,True,False,False,False,False,False,False,True,False,True,False,False,False,False,False,False,False,False,False,False,False,False,False,True,False,False,False
104,27,98130,12,20,10,19,7.0,2020,9,4.27,4,0,9813.0,4,1.0909090909090908,5,0.7019998963672597,True,False,False,False,False,False,False,False,True,False,False,False,False,False,False,False,False,False,False,False,True,False,False,False,False,False,True
105,59,117953,34,7,15,8,5.0,2019,7,2.03,3,0,14744.125,5,2.125,203,-0.30227585765591425,False,False,True,False,False,False,True,False,False,False,False,False,False,False,False,False,False,False,False,True,False,False,False,False,False,True,False
106,31,149459,23,24,3,66,5.0,2020,7,1.4,2,1,18682.375,4,5.75,201,-0.7309045038430834,True,False,False,True,False,False,False,False,False,False,True,False,False,False,False,False,False,False,False,False,False,False,False,False,False,True,False
107,33,68241,16,6,6,41,5.0,2020,13,5.8,5,0,4874.357142857143,4,2.2857142857142856,250,0.8473161515885814,False,False,True,False,False,True,False,False,False,False,False,False,False,True,False,False,False,False,False,False,False,False,False,False,False,False,True
108,51,47360,13,17,4,69,5.0,2023,7,4.57,4,0,5920.0,1,2.6,320,0.3488066965878291,True,False,False,False,True,False,False,False,False,False,False,False,False,False,False,False,True,False,False,False,False,False,False,False,False,True,False
109,49,126122,5,20,13,67,5.0,2018,7,5.67,4,0,15765.25,6,0.35714285714285715,357,0.4769215127460655,False,False,True,False,False,False,False,False,True,False,False,False,False,False,False,False,False,False,False,False,True,False,False,False,False,False,True
110,33,77857,7,13,9,61,5.0,2016,13,6.43,4,0,5561.214285714285,8,0.7,286,0.5654372039099379,False,False,True,False,False,True,False,False,False,False,False,False,False,True,False,False,False,False,False,False,False,False,False,True,False,False,False
111,53,50520,33,17,3,50,4.0,2021,4,0.57,3,0,10104.0,3,8.25,262,-0.6663859611954122,False,True,False,False,False,False,False,False,True,False,False,False,False,False,False,True,False,False,False,False,False,False,False,False,False,True,False
112,49,113247,34,9,4,30,5.0,2010,15,1.7,1,1,7077.9375,14,6.8,70,-1.0512178963691976,False,True,False,False,False,True,False,False,False,False,False,False,False,False,True,False,False,False,False,False,False,False,False,True,False,False,False
113,39,74074,17,30,7,45,5.0,2014,11,1.6,3,0,6172.833333333333,10,2.125,130,-0.35235710397231573,False,True,False,False,False,True,False,False,False,False,False,False,False,True,False,False,False,False,False,False,False,False,False,False,False,False,True
114,59,152599,27,5,7,64,2.0,2023,2,3.77,4,0,50866.333333333336,1,3.375,134,-0.3265681214429493,False,True,False,False,False,False,False,False,True,False,False,False,False,False,False,True,False,False,False,False,False,False,False,True,False,False,False
115,33,156093,0,1,6,37,4.0,2022,3,9.83,3,0,39023.25,2,0.0,138,0.4121078548275605,False,True,False,False,False,False,False,True,False,True,False,False,False,False,False,False,False,False,False,False,False,False,False,False,False,False,True
116,22,153900,16,3,2,8,7.0,2022,15,6.3,3,0,9618.75,2,5.333333333333333,56,0.5831761692536443,False,False,True,False,False,False,False,False,True,False,False,False,False,False,False,True,False,False,False,False,False,False,False,False,False,True,False
117,43,168316,29,1,14,74,5.0,2023,13,4.03,2,1,12022.57142857143,1,1.9333333333333333,312,-0.42459362521020866,False,False,True,False,False,False,True,False,False,False,False,False,False,False,False,False,False,False,False,True,False,False,False,False,False,True,False
118,52,31840,29,30,4,59,5.0,2017,12,-0.8,2,1,2449.230769230769,7,5.8,251,-0.9871341361595563,True,False,False,False,True,False,False,False,False,False,False,False,False,False,False,False,True,False,False,False,False,False,False,False,False,True,False
119,31,44728,6,7,4,33,5.0,2023,3,7.63,3,0,11182.0,1,1.2,350,0.34994502460419885,True,False,False,True,False,False,False,False,False,False,False,True,False,False,False,False,False,False,False,False,False,False,False,False,True,False,False
120,59,144337,30,28,2,6,1.0,2024,15,-0.67,3,0,9021.0625,0,10.0,227,-1.393006705689485,False,False,True,False,False,False,False,True,False,False,False,False,False,False,False,False,False,False,True,False,False,False,True,False,False,False,False
121,45,78575,39,22,10,60,5.0,2022,12,-1.47,2,1,6044.2307692307695,2,3.5454545454545454,134,-1.065167706001391,False,True,False,False,False,True,False,False,False,False,False,False,False,True,False,False,False,False,False,False,False,False,False,False,True,False,False
122,59,121058,19,6,4,35,10.0,2019,11,5.2,3,0,10088.166666666666,5,3.8,241,1.0372617593747415,False,True,False,False,False,False,False,False,True,False,False,False,False,False,False,False,False,False,False,False,True,False,False,False,False,True,False
123,49,151344,12,22,15,51,5.0,2021,7,3.93,4,0,18918.0,3,0.75,346,0.27426716718667327,True,False,False,True,False,False,False,False,False,False,False,True,False,False,False,False,False,False,False,False,False,False,False,False,False,True,False
124,44,67225,15,3,4,42,5.0,2024,3,6.5,3,0,16806.25,0,3.0,363,0.2183361680052831,True,False,False,False,False,True,False,False,False,False,False,False,False,False,True,False,False,False,False,False,False,False,False,False,False,False,True
125,22,172135,0,13,6,21,5.0,2023,10,7.83,4,0,15648.636363636364,1,0.0,319,0.7284924244749663,True,False,False,True,False,False,False,False,False,False,True,False,False,False,False,False,False,False,False,False,False,False,False,True,False,False,False
126,60,91931,18,1,6,49,5.0,2023,8,6.23,3,0,10214.555555555555,1,2.5714285714285716,18,0.18688980403917055,False,True,False,False,False,True,False,False,False,False,False,False,False,True,False,False,False,False,False,False,False,False,False,True,False,False,False
127,25,89066,4,5,7,73,5.0,2015,14,8.37,3,0,5937.733333333334,9,0.5,167,0.4361313554742851,True,False,False,False,False,False,False,True,False,False,False,False,False,False,False,False,False,False,True,False,False,False,True,False,False,False,False
128,47,72561,22,19,14,66,5.0,2024,5,2.43,3,0,12093.5,0,1.4666666666666666,348,-0.25568865178019184,False,False,True,False,True,False,False,False,False,False,False,False,False,False,False,False,True,False,False,False,False,False,False,True,False,False,False
129,56,68809,29,17,13,12,1.0,2017,8,1.37,4,0,7645.444444444444,7,2.0714285714285716,186,-0.8001581587903946,True,False,False,False,False,False,False,False,True,False,False,False,False,False,False,False,False,False,False,False,True,False,False,False,True,False,False
130,35,93279,2,14,13,35,5.0,2022,7,7.27,5,0,11659.875,2,0.14285714285714285,94,1.018524133181861,True,False,False,False,False,True,False,False,False,False,False,False,False,False,False,False,False,False,False,False,False,True,False,False,False,False,True
131,27,55650,9,4,14,18,1.0,2019,10,7.53,3,0,5059.090909090909,5,0.6,170,-0.4379689852371766,True,False,False,False,False,False,False,False,True,False,False,False,False,False,False,True,False,False,False,False,False,False,False,False,True,False,False
132,59,74552,11,5,11,8,5.0,2021,7,6.97,5,0,9319.0,3,0.9166666666666666,208,0.9835837287750692,False,False,True,False,True,False,False,False,False,False,False,False,False,False,False,False,True,False,False,False,False,False,True,False,False,False,False
133,55,145869,22,5,3,29,5.0,2020,6,4.77,5,0,20838.428571428572,4,5.5,53,0.7273540964585963,False,False,True,True,False,False,False,False,False,False,False,True,False,False,False,False,False,False,False,False,False,False,False,False,False,False,True
134,45,148129,9,19,14,8,5.0,2022,11,5.03,3,0,12344.083333333334,2,0.6,56,0.047128186412003475,False,True,False,False,True,False,False,False,False,False,False,False,False,False,False,False,False,True,False,False,False,False,False,False,False,True,False
135,38,44652,9,18,12,50,5.0,2012,14,5.2,3,0,2976.8,12,0.6923076923076923,5,0.06692774890918549,True,False,False,False,False,False,True,False,False,False,False,False,True,False,False,False,False,False,False,False,False,False,False,False,True,False,False
136,39,178756,27,12,13,76,5.0,2024,2,2.6,5,0,59585.333333333336,0,1.9285714285714286,345,0.47461850458280264,False,True,False,False,False,False,True,False,False,False,False,False,False,False,False,False,False,False,False,True,False,False,False,True,False,False,False
137,56,110538,32,3,4,38,5.0,2018,9,3.1,3,0,11053.8,6,6.4,101,-0.1776550819383569,True,False,False,True,False,False,False,False,False,False,False,True,False,False,False,False,False,False,False,False,False,False,False,False,False,False,True
138,40,39286,12,25,11,52,5.0,2019,12,3.43,4,0,3022.0,5,1.0,257,0.2160331598420203,True,False,False,False,False,True,False,False,False,False,False,False,False,False,True,False,False,False,False,False,False,False,False,False,False,False,True
139,30,55595,4,13,6,36,5.0,2021,4,7.03,4,0,11119.0,3,0.5714285714285714,234,0.6353180127235215,False,True,False,False,False,True,False,False,False,False,False,False,False,True,False,False,False,False,False,False,False,False,False,False,False,True,False
140,56,168010,32,17,14,65,1.0,2022,3,0.77,5,0,42002.5,2,2.1333333333333333,115,-0.514785170671072,False,False,True,False,False,False,False,True,False,True,False,False,False,False,False,False,False,False,False,False,False,False,False,False,False,False,True
141,50,71526,24,7,3,10,5.0,2022,10,4.03,2,1,6502.363636363636,2,6.0,193,-0.42459362521020866,False,False,True,False,False,True,False,False,False,False,False,False,False,False,False,False,False,False,False,False,False,True,False,False,True,False,False
142,23,152981,3,8,14,56,9.0,2020,7,8.07,4,0,19122.625,4,0.2,239,1.5327119563728442,False,True,False,False,False,False,False,True,False,True,False,False,False,False,False,False,False,False,False,False,False,False,True,False,False,False,False
143,51,60483,16,23,8,38,6.0,2021,6,2.97,3,0,8640.42857142857,3,1.7777777777777777,25,0.0012708782451445282,False,False,True,False,False,False,False,False,True,False,False,False,False,False,False,True,False,False,False,False,False,False,False,False,False,False,True
144,53,37564,10,0,2,41,10.0,2021,4,8.0,3,0,7512.8,3,3.3333333333333335,323,1.363372200504798,False,False,True,False,False,False,False,True,False,True,False,False,False,False,False,False,False,False,False,False,False,False,False,True,False,False,False
145,52,103473,11,0,5,80,5.0,2023,4,7.8,3,0,20694.6,1,1.8333333333333333,355,0.36974458710138075,False,True,False,False,False,False,False,False,True,False,False,False,False,False,False,False,False,False,False,False,True,False,False,True,False,False,False
146,43,98618,6,1,8,42,5.0,2021,14,8.63,3,0,6574.533333333334,3,0.6666666666666666,11,0.4664130392935047,False,True,False,False,True,False,False,False,False,False,False,False,False,False,False,False,False,True,False,False,False,False,False,False,False,False,True
147,28,69768,21,8,4,13,1.0,2019,10,4.47,4,0,6342.545454545455,5,4.2,51,-0.4391073132535464,False,False,True,False,False,False,False,True,False,True,False,False,False,False,False,False,False,False,False,False,False,False,False,True,False,False,False
148,32,124262,16,27,1,76,8.0,2022,11,2.3,4,0,10355.166666666666,2,8.0,179,0.6666247095224381,False,False,True,False,False,False,False,True,False,True,False,False,False,False,False,False,False,False,False,False,False,False,False,False,False,True,False
149,48,31181,32,1,10,15,10.0,2015,11,3.43,3,0,2598.4166666666665,9,2.909090909090909,156,0.83111337337467,True,False,False,False,False,False,False,False,True,False,False,False,False,False,False,False,False,False,False,False,True,False,True,False,False,False,False
150,48,139956,35,0,10,10,5.0,2019,10,3.0,3,0,12723.272727272728,5,3.1818181818181817,136,-0.1893018834072875,False,True,False,False,False,False,True,False,False,False,False,False,True,False,False,False,False,False,False,False,False,False,False,True,False,False,False
151,34,53489,23,27,3,51,5.0,2019,6,0.9,3,0,7641.285714285715,5,5.75,85,-0.4338847142548299,False,False,True,False,True,False,False,False,False,False,False,False,False,False,False,False,True,False,False,False,False,False,False,True,False,False,False
152,34,123313,12,21,5,25,7.0,2020,5,4.1,4,0,20552.166666666668,4,2.0,17,0.6822003338700776,False,False,True,False,False,False,False,True,False,True,False,False,False,False,False,False,False,False,False,False,False,False,True,False,False,False,False
153,52,34410,3,8,3,26,5.0,2022,4,8.07,4,0,6882.0,2,0.75,359,0.7564447480003996,False,False,True,False,False,True,False,False,False,False,False,False,False,False,False,False,False,False,False,False,False,True,False,False,False,False,True
154,54,35504,30,20,9,8,5.0,2018,9,0.67,4,0,3550.4,6,3.0,135,-0.10541856070046403,False,True,False,False,False,False,True,False,False,False,False,False,False,False,False,False,False,False,False,True,False,False,False,True,False,False,False
155,41,47809,37,20,2,71,5.0,2023,8,-0.73,4,0,5312.111111111111,1,12.333333333333334,115,-0.2684737812654923,False,False,True,False,True,False,False,False,False,False,False,False,False,False,False,False,True,False,False,False,False,False,False,False,False,True,False
156,33,152793,30,14,11,51,5.0,2023,2,1.67,3,0,50931.0,1,2.5,106,-0.3442043429440644,False,True,False,False,False,True,False,False,False,False,False,False,False,True,False,False,False,False,False,False,False,False,True,False,False,False,False
157,51,144222,23,16,15,75,5.0,2023,8,2.73,4,0,16024.666666666666,1,1.4375,115,0.13450554955950614,False,True,False,False,True,False,False,False,False,False,False,False,False,False,False,False,True,False,False,False,False,False,False,True,False,False,False
158,55,122095,15,0,13,32,5.0,2020,7,7.0,4,0,15261.875,4,1.0714285714285714,151,0.6318239722828424,True,False,False,False,False,False,True,False,False,False,False,False,True,False,False,False,False,False,False,False,False,False,False,False,False,False,True
159,60,176852,18,9,2,62,3.0,2014,13,4.9,5,0,12632.285714285714,10,6.0,196,0.35436133418198384,False,False,True,False,False,False,False,False,True,False,False,False,False,False,False,False,False,False,False,False,True,False,False,False,True,False,False
160,51,138076,2,15,7,47,3.0,2022,15,7.1,3,0,8629.75,2,0.25,271,-0.0999166273673557,False,True,False,False,False,False,False,True,False,False,False,False,False,False,False,False,False,False,True,False,False,False,False,False,False,True,False
161,53,166057,33,17,2,77,1.0,2024,2,0.57,3,0,55352.333333333336,0,11.0,186,-1.2485863674747457,False,True,False,False,False,False,False,False,True,False,False,False,False,False,False,True,False,False,False,False,False,False,True,False,False,False,False
162,35,81547,37,9,3,30,5.0,2021,4,1.1,4,0,16309.4,3,9.25,302,-0.05533731438406245,True,False,False,True,False,False,False,False,False,False,True,False,False,False,False,False,False,False,False,False,False,False,False,False,True,False,False
163,47,78148,5,10,4,22,5.0,2024,8,7.33,5,0,8683.111111111111,0,1.0,234,1.0255122140632194,True,False,False,False,True,False,False,False,False,False,False,False,False,False,False,False,True,False,False,False,False,False,False,False,False,True,False
164,25,57534,39,3,15,14,5.0,2022,5,1.7,3,0,9589.0,2,2.4375,66,-0.34071030250338513,True,False,False,False,True,False,False,False,False,False,False,False,False,False,False,False,False,True,False,False,False,False,False,True,False,False,False
165,60,77413,27,0,6,50,5.0,2020,15,4.6,2,1,4838.3125,4,3.857142857142857,346,-0.3582068568373043,False,False,True,False,False,True,False,False,False,False,False,False,False,False,False,False,False,False,False,False,False,True,False,False,True,False,False
166,31,143831,17,0,13,72,5.0,2023,2,6.6,3,0,47943.666666666664,1,1.2142857142857142,19,0.22998296947421362,True,False,False,False,False,True,False,False,False,False,False,False,False,False,False,False,False,False,False,False,False,True,True,False,False,False,False
167,28,126163,6,10,11,15,5.0,2022,3,7.13,3,0,31540.75,2,0.5,255,0.2917110172595458,True,False,False,False,True,False,False,False,False,False,False,False,False,False,False,False,False,True,False,False,False,False,False,True,False,False,False
168,34,151729,35,0,14,46,5.0,2020,5,3.0,3,0,25288.166666666668,4,2.3333333333333335,144,-0.1893018834072875,False,False,True,False,True,False,False,False,False,False,False,False,False,False,False,False,True,False,False,False,False,False,True,False,False,False,False
169,33,44773,6,7,5,57,8.0,2020,10,7.63,3,0,4070.2727272727275,4,1.0,295,0.9321454308835323,False,False,True,False,False,False,False,False,True,False,False,False,False,False,False,False,False,False,False,False,True,False,True,False,False,False,False
170,60,115425,40,25,5,78,1.0,2024,5,-2.17,1,1,19237.5,0,6.666666666666667,131,-2.2782163215892566,True,False,False,False,False,False,False,True,False,True,False,False,False,False,False,False,False,False,False,False,False,False,True,False,False,False,False
171,60,52297,39,1,12,72,5.0,2017,13,2.03,5,0,3735.5,7,3.0,290,0.4082317362098982,False,False,True,False,False,False,True,False,False,False,False,False,False,False,False,False,False,False,False,True,False,False,False,False,True,False,False
172,22,166881,6,1,13,77,5.0,2020,12,8.63,3,0,12837.0,4,0.42857142857142855,191,0.4664130392935047,True,False,False,False,True,False,False,False,False,False,False,False,False,False,False,False,False,True,False,False,False,False,False,False,True,False,False
173,39,38986,8,13,12,53,10.0,2015,13,6.23,1,0,2784.714285714286,9,0.6153846153846154,139,0.446716220638914,True,False,False,False,False,False,False,False,True,False,False,False,False,False,False,False,False,False,False,False,True,False,False,True,False,False,False
174,43,172355,27,11,13,43,5.0,2024,13,2.77,4,0,12311.07142857143,0,1.9285714285714286,67,0.13916427014707838,False,False,True,False,False,False,True,False,False,False,False,False,True,False,False,False,False,False,False,False,False,False,False,False,False,False,True
175,51,43852,39,14,11,73,5.0,2024,2,-0.13,4,0,14617.333333333334,0,3.25,286,-0.19859297245190868,False,False,True,False,False,False,True,False,False,False,False,False,False,False,False,False,False,False,False,True,False,False,True,False,False,False,False
176,24,134669,28,24,11,45,4.0,2024,9,0.4,3,0,13466.9,0,2.3333333333333335,54,-0.6861855236925941,False,True,False,False,False,False,False,False,True,False,False,False,False,False,False,True,False,False,False,False,False,False,False,True,False,False,False
177,59,126177,10,15,10,78,3.0,2023,2,5.5,1,0,42059.0,1,0.9090909090909091,133,-0.9967730447360577,False,True,False,False,False,False,False,False,True,False,False,False,False,False,False,True,False,False,False,False,False,False,False,False,False,True,False
178,49,47221,12,4,3,56,6.0,2018,15,6.93,4,0,2951.3125,6,3.0,167,0.817738013347702,False,True,False,False,False,False,False,True,False,True,False,False,False,False,False,False,False,False,False,False,False,False,False,False,False,False,True
179,34,88315,22,17,12,24,5.0,2017,9,2.77,2,1,8831.5,7,1.6923076923076923,135,-0.5713433237187341,False,False,True,False,False,False,True,False,False,False,False,False,False,False,False,False,False,False,False,True,False,False,False,False,False,False,True
180,49,139006,23,26,3,79,8.0,2015,14,1.07,2,1,9267.066666666668,9,5.75,24,-0.1871385424112205,False,True,False,False,False,False,False,False,True,False,False,False,False,False,False,True,False,False,False,False,False,False,True,False,False,False,False
181,30,124984,12,6,5,75,3.0,2021,4,6.6,3,0,24996.8,3,2.0,111,-0.15815063471200871,False,False,True,False,False,False,False,False,True,False,False,False,False,False,False,True,False,False,False,False,False,False,False,False,True,False,False
182,51,48033,8,2,7,70,4.0,2022,11,8.07,3,0,4002.75,2,1.0,290,0.20712414897438222,False,False,True,False,False,False,False,False,True,False,False,False,False,False,False,False,False,False,False,False,True,False,False,True,False,False,False
183,28,176131,18,16,1,27,4.0,2017,8,3.73,3,0,19570.11111111111,7,9.0,35,-0.2983470347772054,True,False,False,False,False,False,False,True,False,True,False,False,False,False,False,False,False,False,False,False,False,False,False,False,False,True,False
184,58,83089,4,26,3,45,5.0,2014,11,4.87,2,0,6924.083333333333,10,1.0,296,-0.32676049287119174,False,False,True,True,False,False,False,False,False,False,False,True,False,False,False,False,False,False,False,False,False,False,False,False,False,False,True
185,33,65067,31,9,7,25,1.0,2022,3,2.3,4,0,16266.75,2,3.875,175,-0.6918429051293402,True,False,False,False,False,False,False,True,False,False,False,False,False,False,False,False,False,False,True,False,False,False,False,True,False,False,False
186,29,35093,37,13,5,35,5.0,2024,11,0.43,4,0,2924.4166666666665,0,6.166666666666667,37,-0.1333708842258974,False,False,True,False,False,True,False,False,False,False,False,False,False,True,False,False,False,False,False,False,False,False,False,False,True,False,False
187,33,161083,16,15,12,58,6.0,2024,4,4.3,3,0,32216.6,0,1.2307692307692308,321,0.1561733377819213,True,False,False,False,False,False,False,False,True,False,False,False,False,False,False,False,False,False,False,False,True,False,False,True,False,False,False
188,26,142521,23,5,15,79,4.0,2012,14,4.57,4,0,9501.4,12,1.4375,221,0.15473989449471784,False,True,False,False,False,False,False,False,True,False,False,False,False,False,False,False,False,False,False,False,True,False,False,True,False,False,False
189,55,98836,40,6,7,26,5.0,2021,4,1.0,2,1,19767.2,3,5.0,3,-0.7774917097188055,False,False,True,True,False,False,False,False,False,False,True,False,False,False,False,False,False,False,False,False,False,False,False,False,True,False,False
190,23,36596,20,22,8,7,5.0,2020,9,2.33,5,0,3659.6,4,2.2222222222222223,39,0.44317214061669,False,False,True,True,False,False,False,False,False,False,False,True,False,False,False,False,False,False,False,False,False,False,False,False,False,False,True
191,25,79311,9,20,1,7,5.0,2023,3,4.87,4,0,19827.75,1,4.5,311,0.3837471009946208,False,True,False,False,True,False,False,False,False,False,False,False,False,False,False,False,True,False,False,False,False,False,False,False,True,False,False
192,51,177547,39,16,13,11,5.0,2023,6,-0.47,3,0,25363.85714285714,1,2.7857142857142856,323,-0.5934458943791789,False,False,True,False,False,True,False,False,False,False,False,False,False,False,True,False,False,False,False,False,False,False,False,False,True,False,False
193,51,139711,39,28,6,17,7.0,2020,6,-2.47,5,0,19958.714285714286,4,5.571428571428571,365,0.27225927429424407,False,True,False,False,False,False,False,False,True,False,False,False,False,False,False,False,False,False,False,False,True,False,True,False,False,False,False
194,23,133661,25,11,13,36,5.0,2021,14,3.17,4,0,8910.733333333334,3,1.7857142857142858,354,0.18575147602280073,True,False,False,True,False,False,False,False,False,False,False,True,False,False,False,False,False,False,False,False,False,False,False,True,False,False,False
195,55,119959,26,4,6,6,3.0,2023,8,4.13,3,0,13328.777777777777,1,3.7142857142857144,133,-0.4458266309945942,False,False,True,False,False,False,False,False,True,False,False,False,False,False,False,True,False,False,False,False,False,False,False,True,False,False,False
196,29,41236,37,17,6,26,5.0,2024,13,-0.23,4,0,2945.4285714285716,0,5.285714285714286,340,-0.21023977392083928,False,True,False,False,True,False,False,False,False,False,False,False,False,False,False,False,False,True,False,False,False,False,False,False,True,False,False
197,36,60667,4,11,7,12,5.0,2020,5,7.37,4,0,10111.166666666666,4,0.5,181,0.6749171377178854,False,True,False,False,True,False,False,False,False,False,False,False,False,False,False,False,True,False,False,False,False,False,True,False,False,False,False
198,57,85219,20,5,12,73,5.0,2020,11,5.17,4,0,7101.583333333333,4,1.5384615384615385,33,0.4186875054014126,False,True,False,True,False,False,False,False,False,False,True,False,False,False,False,False,False,False,False,False,False,False,False,False,True,False,False
199,22,113299,13,7,11,69,5.0,2022,8,6.23,2,0,12588.777777777777,2,1.0833333333333333,121,-0.16836399289373571,False,True,False,False,False,True,False,False,False,False,False,False,False,False,False,False,False,False,False,False,False,True,False,False,False,False,True
200,35,73218,39,2,2,15,5.0,2024,4,1.87,2,1,14643.6,0,13.0,11,-0.6761645369391095,False,False,True,False,False,True,False,False,False,False,False,False,False,False,True,False,False,False,False,False,False,False,False,False,False,True,False
201,51,166935,17,29,2,13,5.0,2020,10,1.77,5,0,15175.90909090909,4,5.666666666666667,125,0.37795005239067875,False,False,True,True,False,False,False,False,False,False,True,False,False,False,False,False,False,False,False,False,False,False,False,False,False,True,False
202,21,149268,25,4,2,42,5.0,2019,10,4.33,5,0,13569.818181818182,5,8.333333333333334,190,0.6761081699953019,True,False,False,True,False,False,False,False,False,False,True,False,False,False,False,False,False,False,False,False,False,False,True,False,False,False,False
203,24,167109,22,15,15,21,5.0,2023,2,3.1,3,0,55703.0,1,1.375,22,-0.1776550819383569,True,False,False,False,False,False,True,False,False,False,False,False,False,False,False,False,False,False,False,True,False,False,False,False,False,False,True
204,23,44615,10,20,1,67,5.0,2024,5,4.67,5,0,7435.833333333333,0,5.0,327,0.7157072949896658,True,False,False,False,True,False,False,False,False,False,False,False,False,False,False,False,True,False,False,False,False,False,False,False,True,False,False
205,40,174938,33,26,3,7,5.0,2021,6,-0.93,3,0,24991.14285714286,3,8.25,106,-0.6470211811362596,True,False,False,False,False,False,True,False,False,False,False,False,True,False,False,False,False,False,False,False,False,False,False,True,False,False,False
206,55,141609,8,22,7,14,8.0,2019,9,4.73,4,0,14160.9,5,1.0,206,0.9496419852174517,False,True,False,False,False,False,False,True,False,False,False,False,False,False,False,False,False,False,True,False,False,False,False,True,False,False,False
207,48,143395,26,30,15,61,10.0,2023,2,-0.2,2,1,47798.333333333336,1,1.625,119,0.053080683119583284,False,True,False,False,False,False,False,False,True,False,False,False,False,False,False,True,False,False,False,False,False,False,True,False,False,False,False
208,48,91560,32,28,6,54,7.0,2024,6,-1.07,4,0,13080.0,0,4.571428571428571,72,0.08006069792636612,False,True,False,False,False,False,False,False,True,False,False,False,False,False,False,False,False,False,False,False,True,False,False,False,False,False,True
209,42,178594,4,1,10,8,3.0,2024,2,9.03,3,0,59531.333333333336,0,0.36363636363636365,88,0.1248666409830046,True,False,False,False,False,False,False,True,False,True,False,False,False,False,False,False,False,False,False,False,False,False,False,False,False,True,False
210,49,136861,6,27,11,34,2.0,2017,12,4.3,3,0,10527.76923076923,7,0.5,88,-0.6200938705905233,False,False,True,False,False,False,False,True,False,False,False,False,False,False,False,False,False,False,True,False,False,False,True,False,False,False,False
211,48,70640,13,16,13,64,5.0,2023,7,4.73,2,0,8830.0,1,0.9285714285714286,202,-0.3430660149276945,True,False,False,True,False,False,False,False,False,False,False,True,False,False,False,False,False,False,False,False,False,False,False,False,True,False,False
212,60,86918,35,25,10,14,7.0,2018,15,-1.17,5,0,5432.375,6,3.1818181818181817,158,0.4236676933903418,False,True,False,False,False,False,False,True,False,True,False,False,False,False,False,False,False,False,False,False,False,False,True,False,False,False,False
213,27,87099,9,24,3,30,4.0,2023,7,4.2,3,0,10887.375,1,2.25,66,-0.2436070678732316,True,False,False,False,False,False,False,True,False,False,False,False,False,False,False,False,False,False,True,False,False,False,False,False,True,False,False
214,52,33037,18,6,7,46,8.0,2021,8,5.4,3,0,3670.777777777778,3,2.25,161,0.6724217581263803,False,False,True,False,False,False,False,True,False,True,False,False,False,False,False,False,False,False,False,False,False,False,False,True,False,False,False
215,38,143214,36,28,11,30,5.0,2021,8,-1.87,5,0,15912.666666666666,3,3.0,71,-0.04599352107839471,True,False,False,False,True,False,False,False,False,False,False,False,False,False,False,False,False,True,False,False,False,False,False,False,False,True,False
216,30,168202,17,14,1,80,5.0,2023,3,4.27,5,0,42050.5,1,8.5,288,0.6691200891139434,True,False,False,False,False,False,True,False,False,False,False,False,False,False,False,False,False,False,False,True,False,False,False,True,False,False,False
217,25,151301,31,30,12,46,5.0,2018,15,-1.2,4,0,9456.3125,6,2.3846153846153846,298,-0.323213748169466,False,False,True,False,False,True,False,False,False,False,False,False,False,False,True,False,False,False,False,False,False,False,False,False,True,False,False
218,35,32158,10,18,6,48,5.0,2024,3,5.0,4,0,8039.5,0,1.4285714285714286,358,0.3988879429042305,False,True,False,False,False,True,False,False,False,False,False,False,False,True,False,False,False,False,False,False,False,False,False,False,False,False,True
219,42,122405,16,16,12,21,5.0,2023,2,4.13,3,0,40801.666666666664,1,1.2307692307692308,344,-0.05769302680837187,False,False,True,True,False,False,False,False,False,False,False,True,False,False,False,False,False,False,False,False,False,False,False,False,False,False,True
220,39,33150,3,20,14,28,3.0,2023,2,6.07,4,0,11050.0,1,0.2,41,0.1353751144355655,True,False,False,False,False,False,False,False,True,False,False,False,False,False,False,False,False,False,False,False,True,False,True,False,False,False,False
221,55,70445,25,11,14,33,5.0,2024,13,3.17,2,1,5031.785714285715,0,1.6666666666666667,186,-0.5247561178430117,False,False,True,False,False,False,False,True,False,False,False,False,False,False,False,False,False,False,True,False,False,False,False,False,False,True,False
222,24,173731,28,25,4,23,5.0,2019,6,0.23,4,0,24818.714285714286,5,5.6,109,-0.1566644871637586,True,False,False,False,False,False,True,False,False,False,False,False,True,False,False,False,False,False,False,False,False,False,False,False,False,True,False
223,26,35989,16,6,6,72,5.0,2016,9,5.8,3,0,3598.9,8,2.2857142857142856,84,0.13680855772276898,True,False,False,False,True,False,False,False,False,False,False,False,False,False,False,False,True,False,False,False,False,False,False,False,True,False,False
224,26,87882,32,6,2,21,4.0,2015,14,2.6,3,0,5858.8,9,10.666666666666666,98,-0.429955891376121,False,False,True,False,False,False,False,True,False,True,False,False,False,False,False,False,False,False,False,False,False,False,True,False,False,False,False
225,44,125274,38,8,4,77,3.0,2021,9,1.07,1,1,12527.4,3,7.6,247,-1.5127263498096826,False,False,True,False,False,False,False,True,False,False,False,False,False,False,False,False,False,False,True,False,False,False,False,False,True,False,False
226,32,69596,8,25,1,51,5.0,2019,6,4.23,3,0,9942.285714285714,5,4.0,329,-0.046046225339441214,True,False,False,True,False,False,False,False,False,False,False,True,False,False,False,False,False,False,False,False,False,False,True,False,False,False,False
227,21,150477,30,11,7,37,2.0,2021,4,2.17,3,0,30095.4,3,3.75,120,-0.8681707418787449,False,True,False,False,False,False,False,False,True,False,False,False,False,False,False,True,False,False,False,False,False,False,False,False,False,False,True
228,39,147300,26,12,12,62,3.0,2024,2,2.8,3,0,49100.0,0,2.0,219,-0.600729090531371,False,False,True,False,False,False,False,False,True,False,False,False,False,False,False,False,False,False,False,False,True,False,False,True,False,False,False
229,28,137113,9,6,5,69,5.0,2020,6,7.2,3,0,19587.571428571428,4,1.5,243,0.29986377828779726,False,True,False,False,True,False,False,False,False,False,False,False,False,False,False,False,False,True,False,False,False,False,False,True,False,False,False
230,54,43249,4,20,2,62,5.0,2022,9,5.87,4,0,4324.9,2,1.3333333333333333,206,0.5002151156839266,False,False,True,True,False,False,False,False,False,False,False,True,False,False,False,False,False,False,False,False,False,False,False,False,True,False,False
231,27,35448,40,20,4,41,5.0,2020,11,-1.33,4,0,2954.0,4,8.0,59,-0.3383545900790757,True,False,False,True,False,False,False,False,False,False,True,False,False,False,False,False,False,False,False,False,False,False,False,False,False,True,False
232,56,122891,14,25,6,45,5.0,2017,12,3.03,4,0,9453.153846153846,7,2.0,249,0.1694459539662979,False,False,True,False,True,False,False,False,False,False,False,False,False,False,False,False,False,True,False,False,False,False,True,False,False,False,False
233,24,42837,34,5,10,14,5.0,2020,6,2.37,4,0,6119.571428571428,4,3.090909090909091,34,0.09257706427135604,True,False,False,False,False,True,False,False,False,False,False,False,False,True,False,False,False,False,False,False,False,False,True,False,False,False,False
234,29,74702,15,11,3,54,5.0,2014,13,5.17,3,0,5335.857142857143,10,3.75,225,0.06343370846850628,True,False,False,True,False,False,False,False,False,False,True,False,False,False,False,False,False,False,False,False,False,False,False,True,False,False,False
235,38,112040,37,3,9,54,5.0,2012,14,2.1,3,0,7469.333333333333,12,3.7,226,-0.29412309662766284,True,False,False,False,True,False,False,False,False,False,False,False,False,False,False,False,True,False,False,False,False,False,False,True,False,False,False
236,35,170493,17,6,15,57,5.0,2020,11,5.6,3,0,14207.75,4,1.0625,355,0.11351495478490777,True,False,False,True,False,False,False,False,False,False,True,False,False,False,False,False,False,False,False,False,False,False,False,False,True,False,False
237,42,44817,9,25,14,60,6.0,2023,2,4.03,3,0,14939.0,1,0.6,105,0.12472697381580877,False,True,False,False,False,False,False,True,False,True,False,False,False,False,False,False,False,False,False,False,False,False,False,False,True,False,False
238,56,39070,7,20,12,54,7.0,2023,2,5.27,3,0,13023.333333333334,1,0.5384615384615384,105,0.4632141141236592,True,False,False,False,False,False,False,False,True,False,False,False,False,False,False,False,False,False,False,False,True,False,True,False,False,False,False
239,32,107827,15,29,2,35,5.0,2024,3,2.17,3,0,26956.75,0,5.0,212,-0.28597033559941143,True,False,False,True,False,False,False,False,False,False,False,True,False,False,False,False,False,False,False,False,False,False,False,False,False,False,True
240,44,170873,14,17,3,72,5.0,2022,5,4.37,2,0,28478.833333333332,2,3.5,29,-0.38499450021584464,True,False,False,False,False,True,False,False,False,False,False,False,False,True,False,False,False,False,False,False,False,False,False,False,False,False,True
241,55,162151,9,14,15,69,9.0,2022,10,5.87,3,0,14741.0,2,0.5625,132,0.921228527123465,False,False,True,False,False,False,False,False,True,False,False,False,False,False,False,True,False,False,False,False,False,False,False,False,True,False,False
242,42,170095,2,2,11,42,5.0,2015,12,9.27,5,0,13084.23076923077,9,0.16666666666666666,346,1.2514601625604729,True,False,False,False,False,False,True,False,False,False,False,False,True,False,False,False,False,False,False,False,False,False,False,False,False,True,False
243,50,155425,8,13,8,44,7.0,2015,13,6.23,3,0,11101.785714285714,9,0.8888888888888888,347,0.575023408225393,True,False,False,False,False,False,False,False,True,False,False,False,False,False,False,False,False,False,False,False,True,False,False,False,False,True,False
244,56,75142,5,24,1,14,3.0,2023,2,5.0,3,0,25047.333333333332,1,2.5,201,-0.3444994582148981,False,False,True,False,False,False,False,False,True,False,False,False,False,False,False,True,False,False,False,False,False,False,False,False,False,False,True
245,25,156837,40,5,9,9,1.0,2019,8,1.17,2,1,17426.333333333332,5,4.0,110,-1.5339593555940685,False,False,True,False,False,False,False,True,False,False,False,False,False,False,False,False,False,False,True,False,False,False,False,True,False,False,False
246,26,32981,40,25,14,16,5.0,2019,6,-2.17,3,0,4711.571428571428,5,2.6666666666666665,198,-0.791441519350999,True,False,False,True,False,False,False,False,False,False,True,False,False,False,False,False,False,False,False,False,False,False,False,False,False,True,False
247,39,171542,35,18,10,45,5.0,2016,13,0.0,3,0,12253.0,8,3.1818181818181817,137,-0.5387059274752052,False,True,False,False,False,True,False,False,False,False,False,False,False,False,True,False,False,False,False,False,False,False,False,True,False,False,False
248,23,164893,21,13,3,44,5.0,2021,12,3.63,2,1,12684.076923076924,3,5.25,131,-0.47118083108593106,True,False,False,False,False,True,False,False,False,False,False,False,False,False,True,False,False,False,False,False,False,False,True,False,False,False,False
249,49,123450,20,9,11,25,5.0,2020,13,4.5,3,0,8817.857142857143,4,1.6666666666666667,352,-0.014599861373328667,False,False,True,False,True,False,False,False,False,False,False,False,False,False,False,False,True,False,False,False,False,False,False,False,False,True,False
250,24,99973,5,0,5,21,5.0,2021,6,9.0,5,0,14281.857142857143,3,0.8333333333333334,195,1.2200137985943604,False,True,False,False,False,True,False,False,False,False,False,False,False,True,False,False,False,False,False,False,False,False,False,True,False,False,False
251,22,71184,29,17,1,41,5.0,2016,11,1.37,3,0,5932.0,8,14.5,257,-0.37914474735085607,False,False,True,True,False,False,False,False,False,False,True,False,False,False,False,False,False,False,False,False,False,False,False,True,False,False,False
252,56,169664,33,24,14,70,1.0,2024,4,-0.6,4,0,33932.8,0,2.2,322,-1.0296001477283272,False,True,False,False,False,False,False,False,True,False,False,False,False,False,False,True,False,False,False,False,False,False,False,False,False,False,True
253,50,102015,8,11,2,19,5.0,2023,6,6.57,3,0,14573.57142857143,1,2.6666666666666665,333,0.22648892903353457,True,False,False,False,False,False,True,False,False,False,False,False,False,False,False,False,False,False,False,True,False,False,False,False,True,False,False
254,42,83883,16,13,2,24,5.0,2019,11,4.63,2,0,6990.25,5,5.333333333333333,250,-0.35471281639662516,True,False,False,False,False,True,False,False,False,False,False,False,False,False,True,False,False,False,False,False,False,False,False,True,False,False,False
255,44,59968,32,16,1,9,7.0,2024,11,0.93,4,0,4997.333333333333,0,16.0,82,0.31299672730497796,False,True,False,False,False,False,False,True,False,False,False,False,False,False,False,False,False,False,True,False,False,False,False,False,False,False,True
256,56,146542,39,6,9,12,5.0,2011,15,1.2,4,0,9158.875,13,3.9,342,-0.043690512915131846,False,True,False,False,True,False,False,False,False,False,False,False,False,False,False,False,False,True,False,False,False,False,False,True,False,False,False
257,54,91897,39,29,14,75,5.0,2024,6,-2.63,1,1,13128.142857142857,0,2.6,291,-1.5555243999738921,False,False,True,True,False,False,False,False,False,False,True,False,False,False,False,False,False,False,False,False,False,False,True,False,False,False,False
258,58,178781,22,23,2,11,5.0,2022,9,1.77,4,0,17878.1,2,7.333333333333333,285,0.022696255457772513,True,False,False,False,True,False,False,False,False,False,False,False,False,False,False,False,True,False,False,False,False,False,False,False,False,False,True
259,26,109535,15,7,6,55,5.0,2024,5,5.83,3,0,18255.833333333332,0,2.142857142857143,325,0.14030259816344817,True,False,False,True,False,False,False,False,False,False,False,True,False,False,False,False,False,False,False,False,False,False,False,False,False,True,False
260,37,165808,24,9,5,17,5.0,2023,4,3.7,4,0,33161.6,1,4.0,233,0.24747952380813287,True,False,False,False,True,False,False,False,False,False,False,False,False,False,False,False,False,True,False,False,False,False,False,False,True,False,False
261,32,84858,17,8,14,70,5.0,2024,3,5.27,3,0,21214.5,0,1.1333333333333333,292,0.0750805099374368,False,True,False,False,False,False,True,False,False,False,False,False,False,False,False,False,False,False,False,True,False,False,False,False,False,True,False
262,60,77093,39,9,15,61,5.0,2024,2,0.7,2,1,25697.666666666668,0,2.4375,135,-0.8124321141255973,True,False,False,False,False,True,False,False,False,False,False,False,False,False,False,False,False,False,False,False,False,True,False,False,True,False,False
263,55,131743,26,3,9,79,5.0,2018,7,4.3,2,1,16467.875,6,2.6,304,-0.3931472612440961,True,False,False,False,False,True,False,False,False,False,False,False,False,False,True,False,False,False,False,False,False,False,False,False,False,False,True
264,55,134434,28,11,13,54,5.0,2017,11,2.57,3,0,11202.833333333334,7,2.0,205,-0.23938312972368905,False,True,False,True,False,False,False,False,False,False,False,True,False,False,False,False,False,False,False,False,False,False,False,False,False,False,True
265,24,136945,28,15,8,25,5.0,2022,9,1.9,4,0,13694.5,2,3.111111111111111,40,0.03783709736738225,False,True,False,False,True,False,False,False,False,False,False,False,False,False,False,False,True,False,False,False,False,False,True,False,False,False,False
266,43,135916,2,17,6,58,5.0,2024,7,6.77,3,0,16989.5,0,0.2857142857142857,285,0.24978253197139563,True,False,False,False,False,False,True,False,False,False,False,False,True,False,False,False,False,False,False,False,False,False,False,False,True,False,False
267,57,93082,12,30,13,42,8.0,2020,12,2.6,3,0,7160.153846153846,4,0.8571428571428571,212,0.3463113169963237,False,True,False,False,False,False,False,False,True,False,False,False,False,False,False,False,False,False,False,False,True,False,False,True,False,False,False
268,29,65014,6,4,5,33,5.0,2024,2,8.13,3,0,21671.333333333332,0,1.0,78,0.40817903194885186,False,True,False,False,False,False,True,False,False,False,False,False,True,False,False,False,False,False,False,False,False,False,True,False,False,False,False
269,30,112960,11,10,9,67,5.0,2023,4,6.13,2,0,22592.0,1,1.1,339,-0.18001079436266634,False,False,True,False,True,False,False,False,False,False,False,False,False,False,False,False,True,False,False,False,False,False,True,False,False,False,False
270,52,132414,15,19,6,64,5.0,2021,8,3.83,3,0,14712.666666666666,3,2.142857142857143,98,-0.09263343121516361,False,False,True,False,True,False,False,False,False,False,False,False,False,False,False,False,True,False,False,False,False,False,False,False,False,True,False
271,35,143004,6,3,11,50,5.0,2020,5,8.3,3,0,23834.0,4,0.5,113,0.42797859444603376,False,False,True,True,False,False,False,False,False,False,True,False,False,False,False,False,False,False,False,False,False,False,True,False,False,False,False
272,56,54712,10,28,2,13,5.0,2020,6,3.33,1,0,7816.0,4,3.3333333333333335,111,-0.8613750324256291,False,True,False,False,False,False,True,False,False,False,False,False,True,False,False,False,False,False,False,False,False,False,False,False,True,False,False
273,30,153348,31,1,13,74,3.0,2018,7,3.63,5,0,19168.5,6,2.2142857142857144,344,0.20644695552656533,False,True,False,False,False,False,False,True,False,True,False,False,False,False,False,False,False,False,False,False,False,False,True,False,False,False,False
274,55,174508,20,4,1,49,5.0,2021,10,5.33,3,0,15864.363636363636,3,10.0,143,0.08206859081879522,False,True,False,False,False,True,False,False,False,False,False,False,False,False,False,False,False,False,False,False,False,True,False,False,False,False,True
275,26,144116,31,2,2,64,5.0,2023,6,3.47,4,0,20588.0,1,10.333333333333334,291,0.22069188042959254,True,False,False,False,True,False,False,False,False,False,False,False,False,False,False,False,False,True,False,False,False,False,False,True,False,False,False
276,56,159885,3,16,7,65,5.0,2019,6,6.73,1,0,22840.714285714286,5,0.375,181,-0.4653837824819889,False,True,False,False,False,True,False,False,False,False,False,False,False,False,True,False,False,False,False,False,False,False,False,True,False,False,False
277,27,169508,17,3,1,48,8.0,2011,15,6.1,4,0,10594.25,13,8.5,121,1.1092031653418006,True,False,False,False,False,False,False,True,False,True,False,False,False,False,False,False,False,False,False,False,False,False,True,False,False,False,False
278,38,177664,39,3,12,70,3.0,2023,2,1.7,2,1,59221.333333333336,1,3.0,347,-1.0840977036225137,False,True,False,False,False,False,False,True,False,False,False,False,False,False,False,False,False,False,True,False,False,False,False,True,False,False,False
279,21,47481,15,12,2,69,8.0,2016,10,5.0,3,0,4316.454545454545,8,5.0,227,0.6258345522506579,False,True,False,False,False,False,False,True,False,True,False,False,False,False,False,False,False,False,False,False,False,False,False,False,False,False,True
280,46,30120,8,27,15,9,5.0,2023,3,3.9,4,0,7530.0,1,0.5,142,0.270773126745994,False,False,True,True,False,False,False,False,False,False,False,True,False,False,False,False,False,False,False,False,False,False,False,False,False,True,False
281,50,142858,15,24,15,76,2.0,2019,7,3.0,4,0,17857.25,5,0.9375,75,-0.41624849275371484,False,False,True,False,False,False,False,True,False,True,False,False,False,False,False,False,False,False,False,False,False,False,False,False,True,False,False
282,31,105734,21,11,9,64,5.0,2016,15,3.97,3,0,6608.375,8,2.1,181,-0.07632790915866076,True,False,False,True,False,False,False,False,False,False,True,False,False,False,False,False,False,False,False,False,False,False,True,False,False,False,False
283,51,162145,33,22,2,58,5.0,2013,13,-0.27,2,1,11581.785714285714,11,11.0,24,-0.9254060883742241,False,False,True,False,True,False,False,False,False,False,False,False,False,False,False,False,False,True,False,False,False,False,False,False,False,True,False
284,24,46636,28,8,10,56,1.0,2020,13,3.07,2,1,3331.1428571428573,4,2.5454545454545454,149,-1.312670127684387,False,False,True,False,False,False,False,False,True,False,False,False,False,False,False,True,False,False,False,False,False,False,False,False,True,False,False
285,32,170728,37,1,10,8,1.0,2021,15,2.43,3,0,10670.5,3,3.3636363636363638,133,-1.0319558601526366,False,True,False,False,False,False,False,False,True,False,False,False,False,False,False,True,False,False,False,False,False,False,False,False,True,False,False
286,27,133923,13,30,7,60,6.0,2022,11,2.4,4,0,11160.25,2,1.625,162,0.2901379068051464,True,False,False,False,False,False,False,True,False,False,False,False,False,False,False,False,False,False,True,False,False,False,True,False,False,False,False
287,57,79891,16,29,11,44,5.0,2024,4,1.97,5,0,15978.2,0,1.3333333333333333,116,0.40124365532853995,False,False,True,False,False,True,False,False,False,False,False,False,False,True,False,False,False,False,False,False,False,False,False,False,True,False,False
288,21,58705,37,22,15,55,5.0,2024,13,-1.07,3,0,4193.214285714285,0,2.3125,233,-0.6633267031927625,True,False,False,False,False,False,True,False,False,False,False,False,False,False,False,False,False,False,False,True,False,False,False,True,False,False,False
289,22,119161,12,13,8,48,5.0,2021,10,5.43,4,0,10832.818181818182,3,1.3333333333333333,26,0.44896918922063206,False,True,False,False,False,False,True,False,False,False,False,False,True,False,False,False,False,False,False,False,False,False,False,False,True,False,False
290,38,122362,22,5,14,33,10.0,2022,3,4.77,3,0,30590.5,2,1.4666666666666666,78,0.9871805130583398,True,False,False,False,False,False,False,True,False,False,False,False,False,False,False,False,False,False,True,False,False,False,False,False,True,False,False
291,57,122097,21,5,12,16,5.0,2021,8,4.97,3,0,13566.333333333334,3,1.6153846153846154,7,0.04014010553064507,False,False,True,False,False,True,False,False,False,False,False,False,False,True,False,False,False,False,False,False,False,False,False,False,False,False,True
292,53,99804,21,9,9,57,1.0,2017,9,4.3,3,0,9980.4,7,2.1,295,-0.8141606726836347,False,False,True,False,False,False,False,True,False,False,False,False,False,False,False,False,False,False,True,False,False,False,False,False,False,True,False
293,21,68709,33,21,9,14,5.0,2024,8,-0.1,4,0,7634.333333333333,0,3.3,329,-0.19509893201122955,True,False,False,False,True,False,False,False,False,False,False,False,False,False,False,False,False,True,False,False,False,False,False,False,False,True,False
294,29,73431,25,27,1,15,5.0,2019,8,0.5,5,0,8159.0,5,12.5,290,0.2300356737352602,True,False,False,False,True,False,False,False,False,False,False,False,False,False,False,False,False,True,False,False,False,False,True,False,False,False,False
295,45,152937,27,0,13,79,6.0,2024,2,4.6,5,0,50979.0,0,1.9285714285714286,27,0.9016213360545255,False,True,False,False,False,False,False,False,True,False,False,False,False,False,False,True,False,False,False,False,False,False,False,False,True,False,False
296,24,50829,25,15,9,52,4.0,2020,8,2.5,3,0,5647.666666666667,4,2.5,203,-0.4416026928450516,False,True,False,False,False,False,False,False,True,False,False,False,False,False,False,False,False,False,False,False,True,False,False,True,False,False,False
297,22,91538,6,19,4,52,1.0,2014,14,5.63,3,0,6102.533333333334,10,1.2,95,-0.6592582131468578,True,False,False,False,False,False,False,False,True,False,False,False,False,False,False,True,False,False,False,False,False,False,False,True,False,False,False
298,53,72612,15,8,4,28,8.0,2021,10,5.67,4,0,6601.090909090909,3,3.0,249,1.059121919025399,False,False,True,False,False,False,False,True,False,True,False,False,False,False,False,False,False,False,False,False,False,False,False,False,False,True,False
299,26,113808,7,5,2,26,5.0,2021,10,7.77,3,0,10346.181818181818,3,2.3333333333333335,301,0.3662505466607016,False,True,False,False,True,False,False,False,False,False,False,False,False,False,False,False,False,True,False,False,False,False,False,False,False,True,False
300,30,78248,39,16,6,51,5.0,2017,8,-0.47,4,0,8694.222222222223,7,5.571428571428571,87,-0.23819209744627268,True,False,False,True,False,False,False,False,False,False,True,False,False,False,False,False,False,False,False,False,False,False,True,False,False,False,False
301,22,36366,20,0,14,37,5.0,2022,6,6.0,4,0,5195.142857142857,2,1.3333333333333333,75,0.5153559575935365,False,True,False,False,False,False,True,False,False,False,False,False,True,False,False,False,False,False,False,False,False,False,True,False,False,False,False
302,34,124118,5,30,4,67,5.0,2022,4,4.0,3,0,24823.6,2,1.0,81,-0.07283386871798161,False,False,True,True,False,False,False,False,False,False,False,True,False,False,False,False,False,False,False,False,False,False,False,False,True,False,False
303,42,173076,35,30,12,51,3.0,2021,4,-2.0,4,0,34615.2,3,2.6923076923076925,186,-0.804521764107133,False,False,True,False,False,False,False,True,False,True,False,False,False,False,False,False,False,False,False,False,False,False,False,False,False,True,False
304,30,60148,5,8,9,50,5.0,2020,6,7.67,3,0,8592.57142857143,4,0.5,331,0.354603745191771,False,True,False,False,False,False,False,True,False,False,False,False,False,False,False,False,False,False,True,False,False,False,False,False,False,False,True
305,48,179876,17,0,10,8,5.0,2024,3,6.6,3,0,44969.0,0,1.5454545454545454,266,0.22998296947421362,True,False,False,False,False,True,False,False,False,False,False,False,False,True,False,False,False,False,False,False,False,False,False,False,True,False,False
306,50,71648,11,12,2,49,5.0,2016,12,5.8,3,0,5511.384615384615,8,3.6666666666666665,269,0.13680855772276898,True,False,False,False,False,True,False,False,False,False,False,False,False,False,True,False,False,False,False,False,False,False,False,False,False,False,True
307,50,129341,40,7,15,71,5.0,2015,15,0.83,4,0,8083.8125,9,2.5,113,-0.08678367835017502,True,False,False,True,False,False,False,False,False,False,False,True,False,False,False,False,False,False,False,False,False,False,False,False,False,True,False
308,32,154022,11,14,2,14,5.0,2017,8,5.47,3,0,17113.555555555555,7,3.6666666666666665,187,0.098374112875298,False,True,False,False,True,False,False,False,False,False,False,False,False,False,False,False,False,True,False,False,False,False,True,False,False,False,False
309,49,38841,20,17,10,53,5.0,2022,10,3.17,3,0,3531.0,2,1.8181818181818181,47,-0.16950232091010553,False,True,False,False,False,True,False,False,False,False,False,False,False,True,False,False,False,False,False,False,False,False,True,False,False,False,False
310,28,54740,24,26,12,13,5.0,2014,15,0.87,4,0,3421.25,10,1.8461538461538463,152,-0.08212495776260278,False,False,True,False,True,False,False,False,False,False,False,False,False,False,False,False,False,True,False,False,False,False,False,False,False,True,False
311,59,53573,2,5,9,43,5.0,2019,14,8.77,2,0,3571.5333333333333,5,0.2,327,0.12746476441710117,True,False,False,False,True,False,False,False,False,False,False,False,False,False,False,False,True,False,False,False,False,False,False,False,False,True,False
312,37,176277,9,2,6,10,1.0,2020,14,7.87,4,0,11751.8,4,1.2857142857142858,162,-0.043116063309906284,False,True,False,False,False,False,False,False,True,False,False,False,False,False,False,True,False,False,False,False,False,False,False,False,True,False,False
313,27,107565,23,7,4,33,9.0,2023,12,4.23,2,1,8274.23076923077,1,4.6,11,0.3749671861000972,False,False,True,False,False,False,False,False,True,False,False,False,False,False,False,False,False,False,False,False,True,False,False,False,False,False,True
314,47,46944,31,15,9,45,5.0,2023,3,1.3,2,1,11736.0,1,3.1,194,-0.7425513053120137,False,False,True,False,True,False,False,False,False,False,False,False,False,False,False,False,False,True,False,False,False,False,False,False,False,False,True
315,35,45633,37,11,7,43,9.0,2023,15,0.77,3,0,2852.0625,1,4.625,346,0.327241652208005,False,True,False,False,False,False,False,True,False,False,False,False,False,False,False,False,False,False,True,False,False,False,False,False,False,True,False
316,35,167197,10,4,5,45,5.0,2018,14,7.33,3,0,11146.466666666667,6,1.6666666666666667,59,0.315004620197407,False,True,False,True,False,False,False,False,False,False,True,False,False,False,False,False,False,False,False,False,False,False,False,True,False,False,False
317,55,112507,13,10,5,75,8.0,2019,7,5.73,5,0,14063.375,5,2.1666666666666665,9,1.4213637968396637,False,True,False,False,False,False,False,True,False,True,False,False,False,False,False,False,False,False,False,False,False,False,True,False,False,False,False
318,33,90509,36,14,9,16,5.0,2023,2,0.47,3,0,30169.666666666668,1,3.6,289,-0.4839659605712315,True,False,False,False,False,False,False,True,False,True,False,False,False,False,False,False,False,False,False,False,False,False,False,True,False,False,False
319,45,150675,40,18,14,76,5.0,2017,12,-1.0,1,1,11590.384615384615,7,2.6666666666666665,165,-1.3656815360303234,True,False,False,False,True,False,False,False,False,False,False,False,False,False,False,False,True,False,False,False,False,False,False,False,False,False,True
320,46,71300,24,11,1,64,5.0,2016,10,3.37,3,0,6481.818181818182,8,12.0,317,-0.14620871797224433,True,False,False,False,False,False,True,False,False,False,False,False,False,False,False,False,False,False,False,True,False,False,True,False,False,False,False
321,60,77783,5,5,8,39,5.0,2022,9,8.17,3,0,7778.3,2,0.5555555555555556,164,0.412837752536424,False,True,False,False,False,False,True,False,False,False,False,False,False,False,False,False,False,False,False,True,False,False,False,False,False,True,False
322,58,109972,24,13,5,32,5.0,2017,10,3.03,4,0,9997.454545454546,7,4.0,94,0.1694459539662979,False,False,True,False,False,True,False,False,False,False,False,False,False,False,False,False,False,False,False,False,False,True,False,True,False,False,False
323,37,148267,34,0,7,10,5.0,2023,5,3.2,4,0,24711.166666666668,1,4.25,96,0.18924551646347995,False,True,False,False,False,False,True,False,False,False,False,False,True,False,False,False,False,False,False,False,False,False,False,False,False,True,False
324,56,131748,37,28,8,61,5.0,2019,7,-2.07,3,0,16468.5,5,4.111111111111111,167,-0.7797947178820684,False,False,True,False,False,True,False,False,False,False,False,False,False,False,False,False,False,False,False,False,False,True,True,False,False,False,False
325,51,145326,6,24,9,75,5.0,2018,12,4.8,3,0,11178.923076923076,6,0.6,73,0.02034054303346308,False,True,False,False,False,True,False,False,False,False,False,False,False,False,True,False,False,False,False,False,False,False,False,True,False,False,False
326,32,145172,24,19,8,28,5.0,2022,3,2.03,5,0,36293.0,2,2.6666666666666665,103,0.4082317362098982,False,True,False,False,False,False,True,False,False,False,False,False,True,False,False,False,False,False,False,False,False,False,False,False,False,True,False
327,25,140663,27,0,6,62,1.0,2019,13,4.6,3,0,10047.357142857143,5,3.857142857142857,269,-0.779220268276843,False,False,True,False,False,False,False,True,False,False,False,False,False,False,False,False,False,False,True,False,False,False,False,False,False,False,True
328,25,122261,39,23,14,28,5.0,2021,4,-1.63,1,1,24452.2,3,2.6,68,-1.4390563852845861,False,True,False,True,False,False,False,False,False,False,True,False,False,False,False,False,False,False,False,False,False,False,False,False,False,False,True
329,31,35923,15,30,7,25,5.0,2021,12,2.0,4,0,2763.3076923076924,3,1.875,28,0.04948389883631285,True,False,False,False,True,False,False,False,False,False,False,False,False,False,False,False,False,True,False,False,False,False,False,False,False,True,False
330,47,121204,34,24,13,22,5.0,2013,14,-0.8,4,0,8080.266666666666,11,2.4285714285714284,29,-0.2766265422937436,True,False,False,False,False,True,False,False,False,False,False,False,False,True,False,False,False,False,False,False,False,False,False,False,False,False,True
331,56,48764,7,14,9,53,9.0,2023,5,6.27,3,0,8127.333333333333,1,0.7,353,0.9678157329991874,False,False,True,False,False,False,False,True,False,True,False,False,False,False,False,False,False,False,False,False,False,False,False,True,False,False,False
332,43,111995,10,7,1,64,8.0,2022,5,6.83,4,0,18665.833333333332,2,5.0,191,1.1942248160649938,True,False,False,False,False,False,False,True,False,False,False,False,False,False,False,False,False,False,True,False,False,False,False,False,False,False,True
333,23,146939,16,13,11,26,5.0,2020,7,4.63,3,0,18367.375,4,1.3333333333333333,20,0.0005409805362810877,True,False,False,False,True,False,False,False,False,False,False,False,False,False,False,False,False,True,False,False,False,False,True,False,False,False,False
334,38,131509,26,26,12,28,9.0,2024,3,0.47,5,0,32877.25,0,2.0,81,1.0028088416670258,False,True,False,False,False,False,False,True,False,True,False,False,False,False,False,False,False,False,False,False,False,False,False,True,False,False,False
335,36,49565,38,26,12,10,8.0,2022,9,-1.93,2,1,4956.5,2,2.923076923076923,212,-0.5365425864791382,False,False,True,False,False,False,False,False,True,False,False,False,False,False,False,False,False,False,False,False,True,False,False,False,False,False,True
336,35,85186,33,12,5,79,5.0,2022,10,1.4,3,0,7744.181818181818,2,5.5,268,-0.37565070691017693,True,False,False,False,True,False,False,False,False,False,False,False,False,False,False,False,True,False,False,False,False,False,False,False,False,False,True
337,37,170101,12,26,11,56,5.0,2024,11,3.27,3,0,14175.083333333334,0,1.0,33,-0.15785551944117493,True,False,False,False,False,False,True,False,False,False,False,False,False,False,False,False,False,False,False,True,False,False,False,False,True,False,False
338,42,166547,29,25,7,7,5.0,2021,6,0.03,3,0,23792.428571428572,3,3.625,188,-0.535211887034526,True,False,False,False,False,False,True,False,False,False,False,False,False,False,False,False,False,False,False,True,False,False,True,False,False,False,False
339,46,136830,0,12,4,30,5.0,2021,4,8.0,3,0,27366.0,3,0.0,321,0.39303819003924195,False,True,False,False,False,False,True,False,False,False,False,False,True,False,False,False,False,False,False,False,False,False,False,False,False,False,True
340,36,89473,15,20,3,5,5.0,2016,13,3.67,3,0,6390.928571428572,8,3.75,14,-0.11126831356545258,False,False,True,False,False,False,True,False,False,False,False,False,True,False,False,False,False,False,False,False,False,False,False,True,False,False,False
341,28,80131,28,19,2,29,5.0,2023,2,1.23,3,0,26710.333333333332,1,9.333333333333334,194,-0.3954502694073589,True,False,False,True,False,False,False,False,False,False,False,True,False,False,False,False,False,False,False,False,False,False,False,False,True,False,False
342,36,60436,27,29,15,57,5.0,2023,8,-0.23,4,0,6715.111111111111,1,1.6875,89,-0.21023977392083928,True,False,False,False,False,True,False,False,False,False,False,False,False,False,False,False,False,False,False,False,False,True,False,False,False,True,False
343,42,167857,3,23,4,48,5.0,2024,4,5.57,3,0,33571.4,0,0.6,313,0.11002091434422867,True,False,False,False,True,False,False,False,False,False,False,False,False,False,False,False,True,False,False,False,False,False,False,False,False,False,True
344,33,153228,30,13,8,14,5.0,2021,4,1.83,4,0,30645.6,3,3.3333333333333335,202,0.029684336339130857,True,False,False,True,False,False,False,False,False,False,False,True,False,False,False,False,False,False,False,False,False,False,False,True,False,False,False
345,47,109066,22,1,5,30,5.0,2021,4,5.43,3,0,21813.2,3,3.6666666666666665,284,0.09371539228772578,False,True,False,True,False,False,False,False,False,False,True,False,False,False,False,False,False,False,False,False,False,False,False,False,False,False,True
346,55,136921,33,13,1,67,5.0,2021,9,1.23,3,0,13692.1,3,16.5,210,-0.3954502694073589,False,True,False,False,True,False,False,False,False,False,False,False,False,False,False,False,False,True,False,False,False,False,True,False,False,False,False
347,32,99855,9,16,3,40,5.0,2021,4,5.53,4,0,19971.0,3,2.25,201,0.46061599068956266,False,True,False,False,True,False,False,False,False,False,False,False,False,False,False,False,True,False,False,False,False,False,False,True,False,False,False
348,36,40969,34,21,15,53,5.0,2013,15,-0.3,2,1,2560.5625,11,2.125,39,-0.9289001288149032,False,True,False,False,False,True,False,False,False,False,False,False,False,True,False,False,False,False,False,False,False,False,False,False,False,True,False
349,21,88812,7,19,3,40,9.0,2018,10,5.43,5,0,8073.818181818182,6,1.75,303,1.5804901945259828,False,False,True,False,False,False,False,True,False,False,False,False,False,False,False,False,False,False,True,False,False,False,True,False,False,False,False
350,33,96146,10,11,6,38,5.0,2023,13,6.17,3,0,6867.571428571428,1,1.4285714285714286,101,0.17990172315781217,True,False,False,False,False,False,True,False,False,False,False,False,True,False,False,False,False,False,False,False,False,False,False,True,False,False,False
351,33,76013,11,3,4,51,5.0,2015,10,7.3,3,0,6910.272727272727,9,2.2,144,0.31151057975672775,False,True,False,False,True,False,False,False,False,False,False,False,False,False,False,False,False,True,False,False,False,False,False,False,False,False,True
352,53,86146,31,7,7,5,3.0,2024,7,2.63,2,1,10768.25,0,3.875,177,-0.9757824499614592,False,True,False,False,False,False,False,False,True,False,False,False,False,False,False,True,False,False,False,False,False,False,False,True,False,False,False
353,36,133790,2,26,10,74,5.0,2023,5,5.27,4,0,22298.333333333332,1,0.18181818181818182,52,0.4303343068703431,True,False,False,False,False,True,False,False,False,False,False,False,False,False,False,False,False,False,False,False,False,True,True,False,False,False,False
354,47,82116,17,15,3,21,6.0,2020,5,4.1,4,0,13686.0,4,4.25,83,0.4881335317769664,True,False,False,False,False,False,False,False,True,False,False,False,False,False,False,True,False,False,False,False,False,False,False,True,False,False,False
355,36,174515,6,6,2,55,1.0,2022,5,7.8,4,0,29085.833333333332,2,2.0,11,-0.05126882433815775,True,False,False,False,False,False,False,True,False,True,False,False,False,False,False,False,False,False,False,False,False,False,False,True,False,False,False
356,51,32394,38,9,6,9,5.0,2014,11,0.9,3,0,2699.5,10,5.428571428571429,227,-0.4338847142548299,True,False,False,False,False,True,False,False,False,False,False,False,False,False,False,False,False,False,False,False,False,True,False,True,False,False,False
357,28,167537,5,14,12,43,5.0,2021,10,6.67,3,0,15230.636363636364,3,0.38461538461538464,8,0.2381357305024651,False,False,True,False,True,False,False,False,False,False,False,False,False,False,False,False,True,False,False,False,False,False,False,True,False,False,False
358,55,172995,23,3,2,55,5.0,2018,14,4.9,3,0,11533.0,6,7.666666666666667,144,0.03198734450239372,False,True,False,False,False,True,False,False,False,False,False,False,False,False,True,False,False,False,False,False,False,False,False,False,True,False,False
359,32,92794,4,22,5,17,5.0,2022,12,5.53,3,0,7138.0,2,0.6666666666666666,323,0.10536219375665641,False,True,False,False,True,False,False,False,False,False,False,False,False,False,False,False,True,False,False,False,False,False,True,False,False,False,False
360,48,137935,35,17,8,66,5.0,2024,3,0.17,3,0,34483.75,0,3.888888888888889,268,-0.5189063649780231,False,False,True,False,True,False,False,False,False,False,False,False,False,False,False,False,False,True,False,False,False,False,False,True,False,False,False
361,44,115462,19,16,13,78,5.0,2021,7,3.53,4,0,14432.75,3,1.3571428571428572,314,0.22767996131095083,True,False,False,False,False,False,True,False,False,False,False,False,False,False,False,False,False,False,False,True,False,False,False,True,False,False,False
362,27,87597,5,14,1,30,6.0,2019,8,6.67,2,0,9733.0,5,2.5,256,0.07694873566267002,False,False,True,False,False,False,False,False,True,False,False,False,False,False,False,True,False,False,False,False,False,False,False,False,True,False,False
363,58,55055,26,3,13,26,3.0,2024,5,4.3,4,0,9175.833333333334,0,1.8571428571428572,10,-0.07077327156450597,True,False,False,False,False,False,False,False,True,False,False,False,False,False,False,True,False,False,False,False,False,False,False,False,True,False,False
364,43,137797,9,6,10,17,5.0,2018,13,7.2,2,0,9842.642857142857,6,0.8181818181818182,33,-0.055390018645109014,False,True,False,False,False,True,False,False,False,False,False,False,False,False,False,False,False,False,False,False,False,True,True,False,False,False,False
365,43,53127,30,18,15,7,3.0,2024,12,1.0,3,0,4086.6923076923076,0,1.875,64,-0.8103715169721216,True,False,False,False,False,False,False,True,False,False,False,False,False,False,False,False,False,False,True,False,False,False,True,False,False,False,False
366,34,140036,27,16,5,80,3.0,2023,8,1.93,3,0,15559.555555555555,1,4.5,212,-0.7020562633110673,False,True,False,False,False,False,False,False,True,False,False,False,False,False,False,True,False,False,False,False,False,False,False,False,False,True,False
367,40,124811,15,6,9,75,5.0,2018,14,6.0,3,0,8320.733333333334,6,1.5,316,0.16010216066063018,False,False,True,True,False,False,False,False,False,False,True,False,False,False,False,False,False,False,False,False,False,False,False,False,False,True,False
368,39,155312,25,4,12,10,5.0,2024,5,4.33,2,1,25885.333333333332,0,1.9230769230769231,147,-0.3896532208034169,False,False,True,False,False,True,False,False,False,False,False,False,False,True,False,False,False,False,False,False,False,False,False,False,False,False,True
369,49,105484,32,30,4,10,7.0,2023,3,-1.4,3,0,26371.0,1,6.4,263,-0.3136275438540111,False,True,False,False,False,False,False,True,False,True,False,False,False,False,False,False,False,False,False,False,False,False,False,False,True,False,False
370,25,104217,10,0,11,24,5.0,2024,2,8.0,5,0,34739.0,0,0.8333333333333334,107,1.1035457839050544,True,False,False,False,True,False,False,False,False,False,False,False,False,False,False,False,True,False,False,False,False,False,True,False,False,False,False
371,46,167454,15,5,10,67,5.0,2024,4,6.17,3,0,33490.8,0,1.3636363636363635,211,0.17990172315781217,False,True,False,True,False,False,False,False,False,False,True,False,False,False,False,False,False,False,False,False,False,False,True,False,False,False,False
372,33,68529,40,0,10,69,5.0,2021,9,2.0,2,1,6852.9,3,3.6363636363636362,193,-0.6610236950294996,False,False,True,False,False,True,False,False,False,False,False,False,False,True,False,False,False,False,False,False,False,False,False,False,False,False,True
373,31,53142,28,1,5,48,5.0,2018,15,4.23,3,0,3321.375,6,4.666666666666667,161,-0.046046225339441214,True,False,False,True,False,False,False,False,False,False,False,True,False,False,False,False,False,False,False,False,False,False,False,False,False,True,False
374,58,40979,18,25,15,46,5.0,2023,9,2.23,3,0,4097.9,1,1.125,210,-0.27898225471805305,False,True,False,True,False,False,False,False,False,False,True,False,False,False,False,False,False,False,False,False,False,False,False,False,False,False,True
375,46,161498,23,3,11,65,5.0,2018,9,4.9,4,0,16149.8,6,1.9166666666666667,212,0.38724114143530003,True,False,False,False,False,False,True,False,False,False,False,False,False,False,False,False,False,False,False,True,False,False,False,False,False,True,False
376,21,147713,23,24,13,43,5.0,2020,14,1.4,3,0,9847.533333333333,4,1.6428571428571428,162,-0.37565070691017693,True,False,False,False,False,True,False,False,False,False,False,False,False,False,True,False,False,False,False,False,False,False,False,False,False,True,False
377,22,93080,30,15,10,66,8.0,2024,2,1.5,3,0,31026.666666666668,0,2.727272727272727,320,0.2181965008380872,False,False,True,False,False,False,False,True,False,False,False,False,False,False,False,False,False,False,True,False,False,False,True,False,False,False,False
378,56,129210,39,8,8,31,5.0,2015,14,0.87,1,1,8614.0,9,4.333333333333333,71,-1.1478863485613215,False,True,False,False,False,False,False,True,False,False,False,False,False,False,False,False,False,False,True,False,False,False,True,False,False,False,False
379,51,37689,15,3,4,19,8.0,2024,13,6.5,2,0,2692.0714285714284,0,3.0,270,0.44528277735171046,False,False,True,False,False,False,False,False,True,False,False,False,False,False,False,False,False,False,False,False,True,False,True,False,False,False,False
380,30,173685,20,23,6,37,5.0,2013,14,2.17,3,0,11579.0,11,2.857142857142857,14,-0.28597033559941143,True,False,False,False,False,False,True,False,False,False,False,False,False,False,False,False,False,False,False,True,False,False,False,False,False,False,True
381,46,68482,3,0,1,24,5.0,2020,11,9.4,2,0,5706.833333333333,4,1.5,269,0.20083961367136396,True,False,False,False,False,True,False,False,False,False,False,False,False,False,False,False,False,False,False,False,False,True,False,False,False,True,False
382,37,51630,11,28,2,6,3.0,2023,7,3.13,3,0,6453.75,1,3.6666666666666665,361,-0.5622946456839001,False,True,False,False,False,False,False,False,True,False,False,False,False,False,False,False,False,False,False,False,True,False,True,False,False,False,False
383,31,41134,31,0,2,19,5.0,2024,2,3.8,4,0,13711.333333333334,0,10.333333333333334,23,0.2591263252770634,False,True,False,False,False,True,False,False,False,False,False,False,False,False,True,False,False,False,False,False,False,False,False,True,False,False,False
384,22,46137,29,25,11,50,4.0,2021,4,0.03,3,0,9227.4,3,2.4166666666666665,83,-0.7292786891276374,False,True,False,False,False,False,False,True,False,False,False,False,False,False,False,False,False,False,True,False,False,False,False,False,False,False,True
385,54,38595,12,1,14,8,5.0,2017,9,7.43,3,0,3859.5,7,0.8,110,0.3266514216663376,True,False,False,False,True,False,False,False,False,False,False,False,False,False,False,False,False,True,False,False,False,False,False,False,False,False,True
386,52,175777,26,23,6,80,4.0,2014,14,0.97,3,0,11718.466666666667,10,3.7142857142857144,364,-0.6197987553196898,False,True,False,False,False,False,False,True,False,False,False,False,False,False,False,False,False,False,True,False,False,False,False,False,True,False,False
387,32,102650,3,2,13,30,1.0,2020,7,9.07,5,0,12831.25,4,0.21428571428571427,78,0.45189935125016695,False,False,True,False,False,False,False,True,False,True,False,False,False,False,False,False,False,False,False,False,False,False,False,False,False,True,False
388,51,107276,13,0,15,6,5.0,2015,13,7.4,5,0,7662.571428571428,9,0.8125,294,1.0336649750914708,True,False,False,False,False,False,True,False,False,False,False,False,True,False,False,False,False,False,False,False,False,False,True,False,False,False,False
389,22,131037,19,9,10,35,9.0,2021,7,4.7,4,0,16379.625,3,1.7272727272727273,262,1.1402147468698836,False,False,True,False,False,False,False,False,True,False,False,False,False,False,False,False,False,False,False,False,True,False,False,False,True,False,False
390,21,131917,20,16,15,70,5.0,2024,5,3.33,2,0,21986.166666666668,0,1.25,217,-0.5061212354927228,True,False,False,False,False,False,False,True,False,True,False,False,False,False,False,False,False,False,False,False,False,False,True,False,False,False,False
391,60,133093,37,8,13,50,5.0,2019,12,1.27,4,0,10237.923076923076,5,2.642857142857143,33,-0.03553775188688046,False,False,True,False,False,False,True,False,False,False,False,False,True,False,False,False,False,False,False,False,False,False,False,False,True,False,False
392,48,72367,25,0,10,60,5.0,2023,2,5.0,4,0,24122.333333333332,1,2.272727272727273,273,0.3988879429042305,True,False,False,False,False,True,False,False,False,False,False,False,False,False,False,False,False,False,False,False,False,True,False,False,False,False,True
393,25,32438,18,29,7,48,9.0,2021,10,1.57,3,0,2948.909090909091,3,2.25,7,0.4204160639594498,False,True,False,False,False,False,False,False,True,False,False,False,False,False,False,True,False,False,False,False,False,False,False,True,False,False,False
394,49,59217,4,22,13,63,5.0,2023,2,5.53,3,0,19739.0,1,0.2857142857142857,225,0.10536219375665641,False,True,False,True,False,False,False,False,False,False,True,False,False,False,False,False,False,False,False,False,False,False,True,False,False,False,False
395,59,175726,35,16,13,70,8.0,2024,12,0.33,4,0,13517.384615384615,0,2.5,328,0.4371827205845056,False,False,True,False,False,False,False,True,False,True,False,False,False,False,False,False,False,False,False,False,False,False,True,False,False,False,False
396,41,32496,15,15,12,44,5.0,2014,12,4.5,3,0,2499.6923076923076,10,1.1538461538461537,187,-0.014599861373328667,True,False,False,False,False,False,True,False,False,False,False,False,False,False,False,False,False,False,False,True,False,False,False,False,True,False,False
397,27,30860,15,29,6,16,5.0,2021,9,2.17,3,0,3086.0,3,2.142857142857143,327,-0.28597033559941143,True,False,False,False,False,True,False,False,False,False,False,False,False,False,True,False,False,False,False,False,False,False,False,False,False,True,False
398,48,84698,34,4,10,57,4.0,2024,7,2.53,4,0,10587.25,0,3.090909090909091,310,-0.08285485547146625,True,False,False,False,False,False,False,True,False,False,False,False,False,False,False,False,False,False,True,False,False,False,False,False,False,False,True
399,39,41440,6,7,6,55,2.0,2023,3,7.63,3,0,10360.0,1,0.8571428571428571,325,-0.2322553816751347,False,True,False,False,False,False,False,True,False,False,False,False,False,False,False,False,False,False,True,False,False,False,False,False,False,False,True
400,41,69711,22,4,9,41,5.0,2019,6,4.93,3,0,9958.714285714286,5,2.2,95,0.03548138494307284,False,False,True,True,False,False,False,False,False,False,True,False,False,False,False,False,False,False,False,False,False,False,True,False,False,False,False
401,60,112591,32,24,2,57,5.0,2021,12,-0.4,1,1,8660.846153846154,3,10.666666666666666,293,-1.2958007272167402,False,False,True,False,False,True,False,False,False,False,False,False,False,True,False,False,False,False,False,False,False,False,True,False,False,False,False
402,41,63692,38,21,15,60,5.0,2021,4,-1.1,2,1,12738.4,3,2.375,19,-1.0220745405663478,False,True,False,False,False,False,True,False,False,False,False,False,False,False,False,False,False,False,False,True,False,False,False,False,False,False,True
403,47,34950,30,13,13,73,1.0,2017,11,1.83,3,0,2912.5,7,2.142857142857143,161,-1.1018366689662202,True,False,False,False,False,False,False,True,False,True,False,False,False,False,False,False,False,False,False,False,False,False,False,False,False,False,True
404,55,162717,10,30,6,68,5.0,2022,12,3.0,5,0,12516.692307692309,2,1.4285714285714286,361,0.5212057104585249,False,True,False,False,False,True,False,False,False,False,False,False,False,True,False,False,False,False,False,False,False,False,True,False,False,False,False
405,49,104563,20,24,5,20,5.0,2014,14,2.0,3,0,6970.866666666667,10,3.3333333333333335,172,-0.30576989809659344,False,True,False,False,False,True,False,False,False,False,False,False,False,False,False,False,False,False,False,False,False,True,False,False,False,True,False
406,29,83355,31,13,7,80,1.0,2024,2,1.63,2,1,27785.0,0,3.875,289,-1.4803840688369878,False,True,False,False,False,False,False,True,False,False,False,False,False,False,False,False,False,False,True,False,False,False,False,True,False,False,False
407,43,98962,2,21,7,16,5.0,2024,11,6.1,4,0,8246.833333333334,0,0.25,60,0.527002759062467,True,False,False,False,False,True,False,False,False,False,False,False,False,False,False,False,False,False,False,False,False,True,False,True,False,False,False
408,37,53289,22,11,2,17,4.0,2022,4,3.77,5,0,10657.8,2,7.333333333333333,268,0.4168192796761794,False,True,False,False,False,False,False,False,True,False,False,False,False,False,False,False,False,False,False,False,True,False,False,False,True,False,False
409,29,67267,38,2,6,45,5.0,2019,8,2.07,3,0,7474.111111111111,5,5.428571428571429,209,-0.29761713706834203,False,True,False,False,True,False,False,False,False,False,False,False,False,False,False,False,False,True,False,False,False,False,False,False,False,True,False
410,23,64955,8,5,3,35,5.0,2021,10,7.57,2,0,5905.0,3,2.0,33,-0.012296853210065824,False,True,False,False,False,False,True,False,False,False,False,False,True,False,False,False,False,False,False,False,False,False,False,False,False,True,False
411,47,32693,37,12,3,52,5.0,2024,2,0.6,4,0,10897.666666666666,0,9.25,144,-0.11357132172871542,False,False,True,False,False,False,True,False,False,False,False,False,False,False,False,False,False,False,False,True,False,False,False,False,True,False,False
412,48,168715,9,10,11,9,2.0,2011,15,6.53,2,0,10544.6875,13,0.75,152,-0.7156239947662776,False,False,True,False,False,False,False,False,True,False,False,False,False,False,False,False,False,False,False,False,True,False,True,False,False,False,False
413,60,69898,37,29,6,41,5.0,2022,5,-2.23,2,1,11649.666666666666,2,5.285714285714286,212,-1.1536833971652638,False,False,True,True,False,False,False,False,False,False,False,True,False,False,False,False,False,False,False,False,False,False,False,False,False,False,True
414,44,76888,22,2,15,72,5.0,2022,13,5.27,4,0,5492.0,2,1.375,25,0.4303343068703431,True,False,False,True,False,False,False,False,False,False,False,True,False,False,False,False,False,False,False,False,False,False,False,False,False,True,False
415,23,77513,11,22,11,17,5.0,2024,5,4.13,1,0,12918.833333333334,0,0.9166666666666666,27,-0.7682006206741844,True,False,False,False,False,True,False,False,False,False,False,False,False,False,True,False,False,False,False,False,False,False,False,False,False,True,False
416,31,144517,40,29,13,73,5.0,2022,4,-2.83,4,0,28903.4,2,2.857142857142857,187,-0.5130566121130345,True,False,False,True,False,False,False,False,False,False,False,True,False,False,False,False,False,False,False,False,False,False,False,True,False,False,False
417,56,125280,19,1,15,62,5.0,2020,9,6.03,3,0,12528.0,4,1.1875,209,0.16359620110130935,False,True,False,True,False,False,False,False,False,False,False,True,False,False,False,False,False,False,False,False,False,False,False,False,True,False,False
418,42,127848,26,25,10,7,1.0,2023,2,0.63,3,0,42616.0,1,2.3636363636363638,129,-1.2415982865933872,False,False,True,False,False,False,False,True,False,True,False,False,False,False,False,False,False,False,False,False,False,False,False,False,False,False,True
419,42,41729,7,7,8,9,5.0,2023,3,7.43,3,0,10432.25,1,0.7777777777777778,231,0.3266514216663376,True,False,False,False,False,False,True,False,False,False,False,False,True,False,False,False,False,False,False,False,False,False,False,False,False,False,True
420,60,115766,31,11,13,76,6.0,2020,5,1.97,4,0,19294.333333333332,4,2.2142857142857144,256,0.24005666048874486,True,False,False,False,False,False,False,True,False,True,False,False,False,False,False,False,False,False,False,False,False,False,False,True,False,False,False
421,45,123401,22,17,5,44,5.0,2022,8,2.77,4,0,13711.222222222223,2,3.6666666666666665,233,0.13916427014707838,False,True,False,True,False,False,False,False,False,False,False,True,False,False,False,False,False,False,False,False,False,False,False,False,False,False,True
422,60,155850,0,13,13,72,5.0,2023,6,7.83,3,0,22264.285714285714,1,0.0,163,0.37323862754206005,True,False,False,False,False,False,True,False,False,False,False,False,True,False,False,False,False,False,False,False,False,False,True,False,False,False,False
423,33,127997,39,3,1,55,7.0,2022,4,1.7,4,0,25599.4,2,19.5,44,0.4026770986157435,True,False,False,False,False,False,False,True,False,True,False,False,False,False,False,False,False,False,False,False,False,False,False,False,True,False,False
424,27,156714,2,23,10,64,5.0,2018,9,5.77,4,0,15671.4,6,0.18181818181818182,126,0.4885683142149961,False,True,False,False,False,False,True,False,False,False,False,False,True,False,False,False,False,False,False,False,False,False,False,False,False,False,True
425,58,149436,17,15,12,6,5.0,2016,15,4.1,3,0,9339.75,8,1.3076923076923077,301,-0.06118706724905107,False,False,True,False,False,False,True,False,False,False,False,False,False,False,False,False,False,False,False,True,False,False,True,False,False,False,False
426,30,36058,26,6,13,76,5.0,2023,3,3.8,3,0,9014.5,1,1.8571428571428572,163,-0.09612747165584283,False,True,False,False,False,False,False,True,False,True,False,False,False,False,False,False,False,False,False,False,False,False,False,False,True,False,False
427,46,159792,8,0,8,50,5.0,2022,3,8.4,3,0,39948.0,2,0.8888888888888888,362,0.43962539591496436,False,False,True,True,False,False,False,False,False,False,True,False,False,False,False,False,False,False,False,False,False,False,False,False,False,True,False
428,47,74415,25,27,3,29,5.0,2020,5,0.5,3,0,12402.5,4,6.25,268,-0.48047192013055223,True,False,False,False,False,False,False,True,False,True,False,False,False,False,False,False,False,False,False,False,False,False,False,False,True,False,False
429,33,43491,2,10,8,79,5.0,2024,8,7.93,4,0,4832.333333333333,0,0.2222222222222222,205,0.7401392259438967,False,False,True,True,False,False,False,False,False,False,False,True,False,False,False,False,False,False,False,False,False,False,False,True,False,False,False
430,29,46600,29,7,4,53,10.0,2017,15,3.03,5,0,2912.5,7,5.8,208,1.49503376136476,False,True,False,False,False,False,False,True,False,False,False,False,False,False,False,False,False,False,True,False,False,False,False,False,False,True,False
431,40,57166,4,4,15,72,5.0,2016,10,8.53,3,0,5196.909090909091,8,0.25,40,0.454766237824574,True,False,False,False,False,True,False,False,False,False,False,False,False,True,False,False,False,False,False,False,False,False,False,False,True,False,False
432,40,159746,2,1,13,19,3.0,2022,3,9.43,4,0,39936.5,2,0.14285714285714285,66,0.5267076437916333,False,True,False,False,False,False,False,False,True,False,False,False,False,False,False,False,False,False,False,False,True,False,False,False,False,False,True
433,53,175837,27,18,8,31,3.0,2022,4,1.6,2,1,35167.4,2,3.0,91,-1.0957445050914443,True,False,False,False,False,False,False,True,False,False,False,False,False,False,False,False,False,False,True,False,False,False,False,False,False,True,False
434,52,80388,19,23,2,11,4.0,2023,8,2.37,1,0,8932.0,1,6.333333333333333,105,-1.1672511286204739,True,False,False,False,False,False,False,False,True,False,False,False,False,False,False,False,False,False,False,False,True,False,True,False,False,False,False
435,52,171878,17,29,7,26,4.0,2016,9,1.77,4,0,17187.8,8,2.125,204,-0.17137054663533868,False,False,True,False,False,False,False,False,True,False,False,False,False,False,False,False,False,False,False,False,True,False,False,False,False,False,True
436,59,85221,17,15,8,61,5.0,2022,4,4.1,4,0,17044.2,2,1.8888888888888888,244,0.29406672968385517,False,True,False,False,False,False,True,False,False,False,False,False,False,False,False,False,False,False,False,True,False,False,False,False,False,True,False
437,48,59266,16,6,15,60,5.0,2021,5,5.8,3,0,9877.666666666666,3,1.0,208,0.13680855772276898,False,False,True,False,True,False,False,False,False,False,False,False,False,False,False,False,True,False,False,False,False,False,True,False,False,False,False
438,37,169877,7,0,2,5,5.0,2023,2,8.6,3,0,56625.666666666664,1,2.3333333333333335,125,0.46291899885282545,False,False,True,False,False,False,True,False,False,False,False,False,False,False,False,False,False,False,False,True,False,False,False,True,False,False,False
439,55,78917,28,20,8,17,5.0,2018,9,1.07,3,0,7891.7,6,3.111111111111111,7,-0.4140851517576478,True,False,False,False,False,False,True,False,False,False,False,False,False,False,False,False,False,False,False,True,False,False,False,False,True,False,False
440,54,135185,36,2,3,24,5.0,2023,3,2.47,3,0,33796.25,1,9.0,355,-0.2510299311926196,False,True,False,False,False,False,False,True,False,False,False,False,False,False,False,False,False,False,True,False,False,False,True,False,False,False,False
441,25,110287,12,26,11,43,9.0,2017,14,3.27,3,0,7352.466666666666,7,1.0,222,0.6184116889312697,True,False,False,False,False,False,False,True,False,False,False,False,False,False,False,False,False,False,True,False,False,False,False,False,False,True,False
442,27,50125,27,1,10,45,4.0,2017,11,4.43,4,0,4177.083333333333,7,2.4545454545454546,4,0.138434372438215,False,False,True,False,False,False,False,False,True,False,False,False,False,False,False,True,False,False,False,False,False,False,False,True,False,False,False
443,25,110690,7,17,11,43,5.0,2017,9,5.77,5,0,11069.0,7,0.5833333333333334,20,0.8438221111479023,True,False,False,False,True,False,False,False,False,False,False,False,False,False,False,False,False,True,False,False,False,False,False,False,True,False,False
444,49,47150,5,18,15,66,5.0,2021,4,6.0,3,0,9430.0,3,0.3125,338,0.16010216066063018,False,False,True,False,False,True,False,False,False,False,False,False,False,False,False,False,False,False,False,False,False,True,True,False,False,False,False
445,34,121514,22,2,9,22,9.0,2019,12,5.27,4,0,9347.23076923077,5,2.2,204,1.2066015152427878,True,False,False,False,False,False,False,True,False,True,False,False,False,False,False,False,False,False,False,False,False,False,False,False,False,False,True
446,30,179581,24,13,15,47,2.0,2024,14,3.03,4,0,11972.066666666668,0,1.5,333,-0.4127544523130356,True,False,False,False,False,False,False,False,True,False,False,False,False,False,False,True,False,False,False,False,False,False,False,False,False,False,True
447,29,161650,31,27,7,70,10.0,2020,9,-0.7,3,0,16165.0,4,3.875,235,0.35010047270783656,True,False,False,False,False,False,False,True,False,False,False,False,False,False,False,False,False,False,True,False,False,False,True,False,False,False,False
448,58,94497,33,29,15,42,5.0,2022,5,-1.43,4,0,15749.5,2,2.0625,252,-0.3500013915480063,False,True,False,False,False,True,False,False,False,False,False,False,False,False,False,False,False,False,False,False,False,True,False,False,False,False,True
449,57,42163,5,1,9,48,5.0,2022,3,8.83,3,0,10540.75,2,0.5,12,0.4897066422313659,True,False,False,True,False,False,False,False,False,False,True,False,False,False,False,False,False,False,False,False,False,False,False,False,True,False,False
450,60,46869,23,15,12,71,5.0,2022,5,2.9,2,1,7811.5,2,1.7692307692307692,117,-0.5562024818091243,False,True,False,False,False,True,False,False,False,False,False,False,False,True,False,False,False,False,False,False,False,False,False,False,False,True,False
451,45,77555,40,13,12,38,10.0,2020,9,-0.17,4,0,7755.5,4,3.076923076923077,44,0.767082317426075,True,False,False,False,False,False,False,False,True,False,False,False,False,False,False,True,False,False,False,False,False,False,False,False,False,False,True
452,34,33685,33,17,7,20,6.0,2023,2,0.57,3,0,11228.333333333334,1,4.125,112,-0.27825235700918977,False,True,False,False,False,False,False,False,True,False,False,False,False,False,False,False,False,False,False,False,True,False,False,True,False,False,False
453,53,152409,3,25,4,57,5.0,2023,3,5.23,4,0,38102.25,1,0.6,345,0.425675586282771,False,True,False,False,False,True,False,False,False,False,False,False,False,False,True,False,False,False,False,False,False,False,False,False,False,True,False
454,43,110233,4,19,10,30,5.0,2022,4,6.03,4,0,22046.6,2,0.36363636363636365,103,0.5188499980342157,False,False,True,False,False,True,False,False,False,False,False,False,False,False,True,False,False,False,False,False,False,False,False,False,False,True,False
455,43,111332,13,8,8,75,5.0,2021,4,6.07,3,0,22266.4,3,1.4444444444444444,174,0.1682549216888816,True,False,False,False,False,True,False,False,False,False,False,False,False,True,False,False,False,False,False,False,False,False,False,False,True,False,False
456,46,141468,24,26,3,73,5.0,2023,3,0.87,3,0,35367.0,1,6.0,74,-0.437378754695509,False,True,False,False,False,False,True,False,False,False,False,False,True,False,False,False,False,False,False,False,False,False,False,False,False,False,True
457,48,88349,32,15,5,27,6.0,2019,7,1.1,3,0,11043.625,5,5.333333333333333,151,-0.21652430922385754,False,True,False,False,False,False,False,False,True,False,False,False,False,False,False,True,False,False,False,False,False,False,False,False,False,True,False
458,47,119643,1,19,5,54,5.0,2016,11,6.63,4,0,9970.25,8,0.16666666666666666,108,0.5887308068477991,True,False,False,False,True,False,False,False,False,False,False,False,False,False,False,False,True,False,False,False,False,False,False,False,True,False,False
459,32,161632,1,23,14,79,8.0,2023,3,5.97,1,0,40408.0,1,0.06666666666666667,26,0.02830093263347207,False,False,True,False,False,False,False,True,False,True,False,False,False,False,False,False,False,False,False,False,False,False,True,False,False,False,False
460,34,53266,13,28,3,19,5.0,2024,2,2.73,4,0,17755.333333333332,0,3.25,200,0.13450554955950614,False,True,False,False,False,False,True,False,False,False,False,False,False,False,False,False,False,False,False,True,False,False,False,False,False,True,False
461,60,67827,23,29,11,38,5.0,2015,15,0.57,2,1,4239.1875,9,1.9166666666666667,36,-0.8275729560352073,False,False,True,True,False,False,False,False,False,False,True,False,False,False,False,False,False,False,False,False,False,False,False,False,False,True,False
462,27,116235,17,10,3,22,2.0,2021,4,4.93,3,0,23247.0,3,4.25,197,-0.5467190213362607,True,False,False,False,False,False,False,False,True,False,False,False,False,False,False,False,False,False,False,False,True,False,False,True,False,False,False
463,58,35093,5,17,1,20,5.0,2018,13,6.17,4,0,2506.6428571428573,6,2.5,270,0.5351555200907184,True,False,False,True,False,False,False,False,False,False,True,False,False,False,False,False,False,False,False,False,False,False,False,True,False,False,False
464,60,155870,6,19,3,24,4.0,2016,14,5.63,3,0,10391.333333333334,8,1.5,283,-0.07705780686752421,True,False,False,False,False,False,False,True,False,True,False,False,False,False,False,False,False,False,False,False,False,False,False,False,True,False,False
465,32,140627,34,18,12,23,10.0,2024,2,0.2,4,0,46875.666666666664,0,2.6153846153846154,351,0.8101754828611182,False,False,True,False,False,False,False,False,True,False,False,False,False,False,False,True,False,False,False,False,False,False,False,False,True,False,False
466,28,93057,15,3,3,52,5.0,2024,2,6.5,4,0,31019.0,0,3.75,307,0.5735899649381894,True,False,False,False,False,True,False,False,False,False,False,False,False,True,False,False,False,False,False,False,False,False,False,False,False,False,True
467,25,107898,8,14,12,74,5.0,2017,11,6.07,3,0,8991.5,7,0.6153846153846154,90,0.1682549216888816,True,False,False,True,False,False,False,False,False,False,False,True,False,False,False,False,False,False,False,False,False,False,False,True,False,False,False
468,59,169457,34,18,13,51,5.0,2019,9,0.2,2,1,16945.7,5,2.4285714285714284,243,-0.8706661214702502,False,True,False,False,True,False,False,False,False,False,False,False,False,False,False,False,True,False,False,False,False,False,False,False,True,False,False
469,40,173633,38,3,6,37,5.0,2021,5,1.9,3,0,28938.833333333332,3,5.428571428571429,80,-0.31741669956552404,True,False,False,True,False,False,False,False,False,False,False,True,False,False,False,False,False,False,False,False,False,False,False,False,True,False,False
470,60,92312,39,17,1,20,5.0,2013,14,-0.63,1,1,6154.133333333333,11,19.5,4,-1.3225883705952806,False,True,False,False,True,False,False,False,False,False,False,False,False,False,False,False,True,False,False,False,False,False,False,False,False,True,False
471,22,35152,11,0,5,30,5.0,2024,8,7.8,3,0,3905.777777777778,0,1.8333333333333333,238,0.36974458710138075,True,False,False,False,True,False,False,False,False,False,False,False,False,False,False,False,False,True,False,False,False,False,False,True,False,False,False
472,37,162437,37,12,10,20,5.0,2023,5,0.6,2,1,27072.833333333332,1,3.3636363636363638,99,-0.824078915594528,False,True,False,True,False,False,False,False,False,False,True,False,False,False,False,False,False,False,False,False,False,False,False,False,False,True,False
473,44,129971,38,17,7,43,5.0,2019,13,-0.43,4,0,9283.642857142857,5,4.75,289,-0.23353337685870043,False,False,True,False,False,True,False,False,False,False,False,False,False,False,True,False,False,False,False,False,False,False,False,False,False,True,False
474,54,175948,40,17,13,39,5.0,2023,9,-0.83,2,1,17594.8,1,2.857142857142857,172,-0.9906281766002354,False,True,False,True,False,False,False,False,False,False,False,True,False,False,False,False,False,False,False,False,False,False,False,False,True,False,False
475,35,162702,12,14,2,25,4.0,2024,4,5.27,3,0,32540.4,0,4.0,17,-0.1189862921556744,False,True,False,False,False,False,False,True,False,True,False,False,False,False,False,False,False,False,False,False,False,False,False,False,False,True,False
476,24,76735,12,25,14,9,5.0,2022,5,3.43,4,0,12789.166666666666,2,0.8,298,0.2160331598420203,False,True,False,False,True,False,False,False,False,False,False,False,False,False,False,False,False,True,False,False,False,False,False,False,True,False,False
477,49,64651,17,4,12,22,6.0,2022,14,5.93,4,0,4310.066666666667,2,1.3076923076923077,180,0.7012699986583962,False,False,True,False,False,False,False,True,False,False,False,False,False,False,False,False,False,False,True,False,False,False,False,False,True,False,False
478,55,94382,2,3,5,67,5.0,2011,15,9.1,4,0,5898.875,13,0.3333333333333333,121,0.8764068031303845,False,False,True,False,False,False,True,False,False,False,False,False,True,False,False,False,False,False,False,False,False,False,False,False,False,False,True
479,56,140237,21,1,3,61,5.0,2021,5,5.63,3,0,23372.833333333332,3,5.25,118,0.11700899522558698,False,False,True,False,False,True,False,False,False,False,False,False,False,False,False,False,False,False,False,False,False,True,False,False,True,False,False
480,51,77476,9,6,3,14,3.0,2012,14,7.2,4,0,5165.066666666667,12,2.25,121,0.26698397103448124,False,False,True,False,False,False,False,False,True,False,False,False,False,False,False,True,False,False,False,False,False,False,False,False,False,True,False
481,21,36213,5,25,8,79,5.0,2023,2,4.83,3,0,12071.0,1,0.5555555555555556,80,0.023834583474142274,True,False,False,False,False,True,False,False,False,False,False,False,False,True,False,False,False,False,False,False,False,False,False,False,False,True,False
482,43,60868,33,6,9,26,6.0,2018,8,2.4,3,0,6763.111111111111,6,3.3,202,-0.06511589012775987,False,False,True,False,False,False,False,False,True,False,False,False,False,False,False,False,False,False,False,False,True,False,True,False,False,False,False
483,52,42425,39,19,8,52,5.0,2024,6,-0.97,2,1,6060.714285714285,0,4.333333333333333,15,-1.006933698656738,False,False,True,False,False,True,False,False,False,False,False,False,False,False,False,False,False,False,False,False,False,True,False,False,False,True,False
484,31,171672,7,14,2,35,9.0,2022,4,6.27,3,0,34334.4,2,2.3333333333333335,118,0.9678157329991874,False,False,True,False,False,False,False,True,False,False,False,False,False,False,False,False,False,False,True,False,False,False,True,False,False,False,False
485,47,64927,37,15,4,73,3.0,2019,7,0.1,5,0,8115.875,5,7.4,187,-0.20468513632668447,True,False,False,False,False,False,False,True,False,False,False,False,False,False,False,False,False,False,True,False,False,False,False,False,False,False,True
486,59,51461,19,20,13,79,10.0,2023,7,2.87,3,0,6432.625,1,1.3571428571428572,323,0.7658912851486587,True,False,False,False,False,False,False,True,False,False,False,False,False,False,False,False,False,False,True,False,False,False,False,True,False,False,False
487,33,31689,5,11,9,45,5.0,2023,11,7.17,4,0,2640.75,1,0.5,7,0.6516235347800243,False,True,False,False,False,True,False,False,False,False,False,False,False,True,False,False,False,False,False,False,False,False,False,False,True,False,False
488,39,151142,29,14,5,71,5.0,2018,15,1.87,4,0,9446.375,6,4.833333333333333,87,0.034343056926703114,False,False,True,True,False,False,False,False,False,False,False,True,False,False,False,False,False,False,False,False,False,False,False,False,False,True,False
489,47,44069,22,7,5,24,5.0,2015,15,4.43,3,0,2754.3125,9,3.6666666666666665,168,-0.022752622401580113,False,True,False,True,False,False,False,False,False,False,True,False,False,False,False,False,False,False,False,False,False,False,True,False,False,False,False
490,57,178046,30,2,6,70,5.0,2021,7,3.67,4,0,22255.75,3,4.285714285714286,290,0.24398548336745365,False,False,True,False,True,False,False,False,False,False,False,False,False,False,False,False,False,True,False,False,False,False,False,True,False,False,False
491,51,109973,1,18,8,51,5.0,2023,4,6.8,3,0,21994.6,1,0.1111111111111111,165,0.25327657241207485,True,False,False,False,False,False,False,True,False,True,False,False,False,False,False,False,False,False,False,False,False,False,False,False,False,True,False
492,34,56917,16,5,9,66,5.0,2024,3,5.97,3,0,14229.25,0,1.6,199,0.15660812021995096,False,True,False,False,False,False,True,False,False,False,False,False,False,False,False,False,False,False,False,True,False,False,False,False,False,False,True
493,59,89449,14,0,6,57,5.0,2021,10,7.2,5,0,8131.727272727273,3,2.0,317,1.0103713721536096,False,False,True,False,False,True,False,False,False,False,False,False,False,False,False,False,False,False,False,False,False,True,False,False,False,False,True
494,53,152708,23,23,12,16,5.0,2021,6,1.57,3,0,21815.428571428572,3,1.7692307692307692,74,-0.35585114441299487,True,False,False,False,True,False,False,False,False,False,False,False,False,False,False,False,False,True,False,False,False,False,False,True,False,False,False
495,38,56333,20,10,6,25,5.0,2023,4,4.33,4,0,11266.6,1,2.857142857142857,9,0.32085437306239556,False,True,False,False,False,True,False,False,False,False,False,False,False,True,False,False,False,False,False,False,False,False,False,False,False,True,False
496,25,127673,2,16,8,53,5.0,2014,12,6.93,3,0,9821.0,10,0.2222222222222222,295,0.2684174143216846,False,False,True,False,False,True,False,False,False,False,False,False,False,True,False,False,False,False,False,False,False,False,False,False,True,False,False
497,47,107623,6,9,1,37,5.0,2019,6,7.3,3,0,15374.714285714286,5,3.0,199,0.31151057975672775,False,False,True,True,False,False,False,False,False,False,False,True,False,False,False,False,False,False,False,False,False,False,False,False,False,False,True
498,44,90850,23,14,1,64,5.0,2024,4,3.07,2,1,18170.0,0,11.5,3,-0.5364029193119423,False,True,False,True,False,False,False,False,False,False,True,False,False,False,False,False,False,False,False,False,False,False,True,False,False,False,False
499,52,138568,25,3,9,28,10.0,2023,7,4.5,3,0,17321.0,1,2.5,11,0.9557341490922272,False,False,True,False,False,False,False,True,False,True,False,False,False,False,False,False,False,False,False,False,False,False,False,False,False,False,True
500,40,77261,7,27,5,42,5.0,2020,8,4.1,4,0,8584.555555555555,4,1.1666666666666667,284,0.29406672968385517,False,True,False,False,False,False,True,False,False,False,False,False,True,False,False,False,False,False,False,False,False,False,True,False,False,False,False
