employee_id,role,soc_code,skill,importance,has_skill,is_gap
1,Auditor,13-2011.00,Active Learning,3.25,False,True
1,Auditor,13-2011.00,Active Listening,3.5,False,True
1,Auditor,13-2011.00,Critical Thinking,3.5,False,True
1,Auditor,13-2011.00,Learning Strategies,2.75,True,False
1,Auditor,13-2011.00,Mathematics,3.38,False,True
1,Auditor,13-2011.00,Monitoring,3.25,False,True
1,Auditor,13-2011.00,Reading Comprehension,3.88,True,False
1,Auditor,13-2011.00,Science,1.25,False,True
1,Auditor,13-2011.00,Speaking,3.38,False,True
1,Auditor,13-2011.00,Writing,3.5,True,False
2,Sales Executive,13-1111.00,Active Learning,3.25,False,True
2,Sales Executive,13-1111.00,Active Listening,4.12,True,False
2,Sales Executive,13-1111.00,Critical Thinking,4.12,False,True
2,Sales Executive,13-1111.00,Learning Strategies,3.0,True,False
2,Sales Executive,13-1111.00,Mathematics,3.0,False,True
2,Sales Executive,13-1111.00,Monitoring,3.88,True,False
2,Sales Executive,13-1111.00,Reading Comprehension,4.12,False,True
2,Sales Executive,13-1111.00,Science,1.88,True,False
2,Sales Executive,13-1111.00,Speaking,4.0,True,False
2,Sales Executive,13-1111.00,Writing,4.0,False,True
3,Helpdesk,13-1111.00,Active Learning,3.25,False,True
3,Helpdesk,13-1111.00,Active Listening,4.12,False,True
3,Helpdesk,13-1111.00,Critical Thinking,4.12,False,True
3,Helpdesk,13-1111.00,Learning Strategies,3.0,False,True
3,Helpdesk,13-1111.00,Mathematics,3.0,True,False
3,Helpdesk,13-1111.00,Monitoring,3.88,False,True
3,Helpdesk,13-1111.00,Reading Comprehension,4.12,False,True
3,Helpdesk,13-1111.00,Science,1.88,True,False
3,Helpdesk,13-1111.00,Speaking,4.0,True,False
3,Helpdesk,13-1111.00,Writing,4.0,False,True
4,Hr Executive,13-1111.00,Active Learning,3.25,False,True
4,Hr Executive,13-1111.00,Active Listening,4.12,True,False
4,Hr Executive,13-1111.00,Critical Thinking,4.12,True,False
4,Hr Executive,13-1111.00,Learning Strategies,3.0,True,False
4,Hr Executive,13-1111.00,Mathematics,3.0,False,True
4,Hr Executive,13-1111.00,Monitoring,3.88,False,True
4,Hr Executive,13-1111.00,Reading Comprehension,4.12,False,True
4,Hr Executive,13-1111.00,Science,1.88,False,True
4,Hr Executive,13-1111.00,Speaking,4.0,False,True
4,Hr Executive,13-1111.00,Writing,4.0,False,True
5,Account Manager,13-1111.00,Active Learning,3.25,False,True
5,Account Manager,13-1111.00,Active Listening,4.12,False,True
5,Account Manager,13-1111.00,Critical Thinking,4.12,True,False
5,Account Manager,13-1111.00,Learning Strategies,3.0,False,True
5,Account Manager,13-1111.00,Mathematics,3.0,True,False
5,Account Manager,13-1111.00,Monitoring,3.88,True,False
5,Account Manager,13-1111.00,Reading Comprehension,4.12,False,True
5,Account Manager,13-1111.00,Science,1.88,False,True
5,Account Manager,13-1111.00,Speaking,4.0,True,False
5,Account Manager,13-1111.00,Writing,4.0,False,True
6,Helpdesk,13-1111.00,Active Learning,3.25,False,True
6,Helpdesk,13-1111.00,Active Listening,4.12,True,False
6,Helpdesk,13-1111.00,Critical Thinking,4.12,True,False
6,Helpdesk,13-1111.00,Learning Strategies,3.0,True,False
6,Helpdesk,13-1111.00,Mathematics,3.0,False,True
6,Helpdesk,13-1111.00,Monitoring,3.88,True,False
6,Helpdesk,13-1111.00,Reading Comprehension,4.12,True,False
6,Helpdesk,13-1111.00,Science,1.88,False,True
6,Helpdesk,13-1111.00,Speaking,4.0,False,True
6,Helpdesk,13-1111.00,Writing,4.0,False,True
7,Engineer,13-1111.00,Active Learning,3.25,False,True
7,Engineer,13-1111.00,Active Listening,4.12,False,True
7,Engineer,13-1111.00,Critical Thinking,4.12,True,False
7,Engineer,13-1111.00,Learning Strategies,3.0,False,True
7,Engineer,13-1111.00,Mathematics,3.0,False,True
7,Engineer,13-1111.00,Monitoring,3.88,True,False
7,Engineer,13-1111.00,Reading Comprehension,4.12,False,True
7,Engineer,13-1111.00,Science,1.88,True,False
7,Engineer,13-1111.00,Speaking,4.0,False,True
7,Engineer,13-1111.00,Writing,4.0,False,True
8,Hr Executive,13-1111.00,Active Learning,3.25,True,False
8,Hr Executive,13-1111.00,Active Listening,4.12,False,True
8,Hr Executive,13-1111.00,Critical Thinking,4.12,True,False
8,Hr Executive,13-1111.00,Learning Strategies,3.0,False,True
8,Hr Executive,13-1111.00,Mathematics,3.0,False,True
8,Hr Executive,13-1111.00,Monitoring,3.88,False,True
8,Hr Executive,13-1111.00,Reading Comprehension,4.12,False,True
8,Hr Executive,13-1111.00,Science,1.88,True,False
8,Hr Executive,13-1111.00,Speaking,4.0,False,True
8,Hr Executive,13-1111.00,Writing,4.0,False,True
9,Hr Executive,13-1111.00,Active Learning,3.25,False,True
9,Hr Executive,13-1111.00,Active Listening,4.12,False,True
9,Hr Executive,13-1111.00,Critical Thinking,4.12,False,True
9,Hr Executive,13-1111.00,Learning Strategies,3.0,True,False
9,Hr Executive,13-1111.00,Mathematics,3.0,True,False
9,Hr Executive,13-1111.00,Monitoring,3.88,False,True
9,Hr Executive,13-1111.00,Reading Comprehension,4.12,True,False
9,Hr Executive,13-1111.00,Science,1.88,True,False
9,Hr Executive,13-1111.00,Speaking,4.0,False,True
9,Hr Executive,13-1111.00,Writing,4.0,False,True
10,Accountant,13-1111.00,Active Learning,3.25,False,True
10,Accountant,13-1111.00,Active Listening,4.12,True,False
10,Accountant,13-1111.00,Critical Thinking,4.12,True,False
10,Accountant,13-1111.00,Learning Strategies,3.0,True,False
10,Accountant,13-1111.00,Mathematics,3.0,False,True
10,Accountant,13-1111.00,Monitoring,3.88,True,False
10,Accountant,13-1111.00,Reading Comprehension,4.12,False,True
10,Accountant,13-1111.00,Science,1.88,False,True
10,Accountant,13-1111.00,Speaking,4.0,False,True
10,Accountant,13-1111.00,Writing,4.0,False,True
11,Hr Executive,13-1111.00,Active Learning,3.25,False,True
11,Hr Executive,13-1111.00,Active Listening,4.12,True,False
11,Hr Executive,13-1111.00,Critical Thinking,4.12,False,True
11,Hr Executive,13-1111.00,Learning Strategies,3.0,False,True
11,Hr Executive,13-1111.00,Mathematics,3.0,False,True
11,Hr Executive,13-1111.00,Monitoring,3.88,False,True
11,Hr Executive,13-1111.00,Reading Comprehension,4.12,True,False
11,Hr Executive,13-1111.00,Science,1.88,False,True
11,Hr Executive,13-1111.00,Speaking,4.0,True,False
11,Hr Executive,13-1111.00,Writing,4.0,True,False
12,Helpdesk,13-1111.00,Active Learning,3.25,True,False
12,Helpdesk,13-1111.00,Active Listening,4.12,False,True
12,Helpdesk,13-1111.00,Critical Thinking,4.12,False,True
12,Helpdesk,13-1111.00,Learning Strategies,3.0,False,True
12,Helpdesk,13-1111.00,Mathematics,3.0,True,False
12,Helpdesk,13-1111.00,Monitoring,3.88,False,True
12,Helpdesk,13-1111.00,Reading Comprehension,4.12,False,True
12,Helpdesk,13-1111.00,Science,1.88,True,False
12,Helpdesk,13-1111.00,Speaking,4.0,True,False
12,Helpdesk,13-1111.00,Writing,4.0,False,True
13,Accountant,13-1111.00,Active Learning,3.25,True,False
13,Accountant,13-1111.00,Active Listening,4.12,False,True
13,Accountant,13-1111.00,Critical Thinking,4.12,False,True
13,Accountant,13-1111.00,Learning Strategies,3.0,False,True
13,Accountant,13-1111.00,Mathematics,3.0,False,True
13,Accountant,13-1111.00,Monitoring,3.88,False,True
13,Accountant,13-1111.00,Reading Comprehension,4.12,False,True
13,Accountant,13-1111.00,Science,1.88,True,False
13,Accountant,13-1111.00,Speaking,4.0,False,True
13,Accountant,13-1111.00,Writing,4.0,True,False
14,Hr Manager,11-3121.00,Active Learning,4.0,True,False
14,Hr Manager,11-3121.00,Active Listening,4.38,False,True
14,Hr Manager,11-3121.00,Critical Thinking,4.0,False,True
14,Hr Manager,11-3121.00,Learning Strategies,3.75,False,True
14,Hr Manager,11-3121.00,Mathematics,3.0,False,True
14,Hr Manager,11-3121.00,Monitoring,4.0,False,True
14,Hr Manager,11-3121.00,Reading Comprehension,4.25,True,False
14,Hr Manager,11-3121.00,Science,1.5,False,True
14,Hr Manager,11-3121.00,Speaking,4.25,True,False
14,Hr Manager,11-3121.00,Writing,4.12,False,True
15,Developer,15-1252.00,Active Learning,3.5,False,True
15,Developer,15-1252.00,Active Listening,3.38,False,True
15,Developer,15-1252.00,Critical Thinking,3.88,True,False
15,Developer,15-1252.00,Learning Strategies,2.62,True,False
15,Developer,15-1252.00,Mathematics,2.75,False,True
15,Developer,15-1252.00,Monitoring,3.0,True,False
15,Developer,15-1252.00,Reading Comprehension,3.5,False,True
15,Developer,15-1252.00,Science,2.12,False,True
15,Developer,15-1252.00,Speaking,3.12,True,False
15,Developer,15-1252.00,Writing,3.25,True,False
16,Seo Analyst,13-1161.00,Active Learning,3.75,False,True
16,Seo Analyst,13-1161.00,Active Listening,4.0,True,False
16,Seo Analyst,13-1161.00,Critical Thinking,4.0,True,False
16,Seo Analyst,13-1161.00,Learning Strategies,2.88,True,False
16,Seo Analyst,13-1161.00,Mathematics,3.12,False,True
16,Seo Analyst,13-1161.00,Monitoring,3.12,False,True
16,Seo Analyst,13-1161.00,Reading Comprehension,4.0,True,False
16,Seo Analyst,13-1161.00,Science,2.0,False,True
16,Seo Analyst,13-1161.00,Speaking,3.88,False,True
16,Seo Analyst,13-1161.00,Writing,4.0,False,True
17,Support Engineer,13-1111.00,Active Learning,3.25,False,True
17,Support Engineer,13-1111.00,Active Listening,4.12,False,True
17,Support Engineer,13-1111.00,Critical Thinking,4.12,False,True
17,Support Engineer,13-1111.00,Learning Strategies,3.0,True,False
17,Support Engineer,13-1111.00,Mathematics,3.0,True,False
17,Support Engineer,13-1111.00,Monitoring,3.88,False,True
17,Support Engineer,13-1111.00,Reading Comprehension,4.12,True,False
17,Support Engineer,13-1111.00,Science,1.88,False,True
17,Support Engineer,13-1111.00,Speaking,4.0,False,True
17,Support Engineer,13-1111.00,Writing,4.0,True,False
18,Tester,13-1111.00,Active Learning,3.25,True,False
18,Tester,13-1111.00,Active Listening,4.12,True,False
18,Tester,13-1111.00,Critical Thinking,4.12,False,True
18,Tester,13-1111.00,Learning Strategies,3.0,False,True
18,Tester,13-1111.00,Mathematics,3.0,True,False
18,Tester,13-1111.00,Monitoring,3.88,False,True
18,Tester,13-1111.00,Reading Comprehension,4.12,False,True
18,Tester,13-1111.00,Science,1.88,False,True
18,Tester,13-1111.00,Speaking,4.0,False,True
18,Tester,13-1111.00,Writing,4.0,False,True
19,Helpdesk,13-1111.00,Active Learning,3.25,True,False
19,Helpdesk,13-1111.00,Active Listening,4.12,True,False
19,Helpdesk,13-1111.00,Critical Thinking,4.12,False,True
19,Helpdesk,13-1111.00,Learning Strategies,3.0,True,False
19,Helpdesk,13-1111.00,Mathematics,3.0,False,True
19,Helpdesk,13-1111.00,Monitoring,3.88,False,True
19,Helpdesk,13-1111.00,Reading Comprehension,4.12,False,True
19,Helpdesk,13-1111.00,Science,1.88,True,False
19,Helpdesk,13-1111.00,Speaking,4.0,True,False
19,Helpdesk,13-1111.00,Writing,4.0,False,True
20,Support Engineer,13-1111.00,Active Learning,3.25,False,True
20,Support Engineer,13-1111.00,Active Listening,4.12,False,True
20,Support Engineer,13-1111.00,Critical Thinking,4.12,True,False
20,Support Engineer,13-1111.00,Learning Strategies,3.0,True,False
20,Support Engineer,13-1111.00,Mathematics,3.0,False,True
20,Support Engineer,13-1111.00,Monitoring,3.88,False,True
20,Support Engineer,13-1111.00,Reading Comprehension,4.12,True,False
20,Support Engineer,13-1111.00,Science,1.88,True,False
20,Support Engineer,13-1111.00,Speaking,4.0,False,True
20,Support Engineer,13-1111.00,Writing,4.0,True,False
21,Support Engineer,13-1111.00,Active Learning,3.25,False,True
21,Support Engineer,13-1111.00,Active Listening,4.12,True,False
21,Support Engineer,13-1111.00,Critical Thinking,4.12,True,False
21,Support Engineer,13-1111.00,Learning Strategies,3.0,False,True
21,Support Engineer,13-1111.00,Mathematics,3.0,False,True
21,Support Engineer,13-1111.00,Monitoring,3.88,False,True
21,Support Engineer,13-1111.00,Reading Comprehension,4.12,True,False
21,Support Engineer,13-1111.00,Science,1.88,False,True
21,Support Engineer,13-1111.00,Speaking,4.0,False,True
21,Support Engineer,13-1111.00,Writing,4.0,False,True
22,Sales Executive,13-1111.00,Active Learning,3.25,True,False
22,Sales Executive,13-1111.00,Active Listening,4.12,False,True
22,Sales Executive,13-1111.00,Critical Thinking,4.12,False,True
22,Sales Executive,13-1111.00,Learning Strategies,3.0,False,True
22,Sales Executive,13-1111.00,Mathematics,3.0,False,True
22,Sales Executive,13-1111.00,Monitoring,3.88,True,False
22,Sales Executive,13-1111.00,Reading Comprehension,4.12,True,False
22,Sales Executive,13-1111.00,Science,1.88,True,False
22,Sales Executive,13-1111.00,Speaking,4.0,True,False
22,Sales Executive,13-1111.00,Writing,4.0,False,True
23,Tester,13-1111.00,Active Learning,3.25,False,True
23,Tester,13-1111.00,Active Listening,4.12,False,True
23,Tester,13-1111.00,Critical Thinking,4.12,False,True
23,Tester,13-1111.00,Learning Strategies,3.0,True,False
23,Tester,13-1111.00,Mathematics,3.0,False,True
23,Tester,13-1111.00,Monitoring,3.88,True,False
23,Tester,13-1111.00,Reading Comprehension,4.12,True,False
23,Tester,13-1111.00,Science,1.88,True,False
23,Tester,13-1111.00,Speaking,4.0,False,True
23,Tester,13-1111.00,Writing,4.0,True,False
24,Tester,13-1111.00,Active Learning,3.25,True,False
24,Tester,13-1111.00,Active Listening,4.12,False,True
24,Tester,13-1111.00,Critical Thinking,4.12,True,False
24,Tester,13-1111.00,Learning Strategies,3.0,True,False
24,Tester,13-1111.00,Mathematics,3.0,False,True
24,Tester,13-1111.00,Monitoring,3.88,False,True
24,Tester,13-1111.00,Reading Comprehension,4.12,False,True
24,Tester,13-1111.00,Science,1.88,True,False
24,Tester,13-1111.00,Speaking,4.0,False,True
24,Tester,13-1111.00,Writing,4.0,True,False
25,Content Lead,13-1111.00,Active Learning,3.25,True,False
25,Content Lead,13-1111.00,Active Listening,4.12,False,True
25,Content Lead,13-1111.00,Critical Thinking,4.12,False,True
25,Content Lead,13-1111.00,Learning Strategies,3.0,False,True
25,Content Lead,13-1111.00,Mathematics,3.0,True,False
25,Content Lead,13-1111.00,Monitoring,3.88,True,False
25,Content Lead,13-1111.00,Reading Comprehension,4.12,True,False
25,Content Lead,13-1111.00,Science,1.88,False,True
25,Content Lead,13-1111.00,Speaking,4.0,False,True
25,Content Lead,13-1111.00,Writing,4.0,False,True
26,Seo Analyst,13-1161.00,Active Learning,3.75,True,False
26,Seo Analyst,13-1161.00,Active Listening,4.0,True,False
26,Seo Analyst,13-1161.00,Critical Thinking,4.0,True,False
26,Seo Analyst,13-1161.00,Learning Strategies,2.88,False,True
26,Seo Analyst,13-1161.00,Mathematics,3.12,False,True
26,Seo Analyst,13-1161.00,Monitoring,3.12,False,True
26,Seo Analyst,13-1161.00,Reading Comprehension,4.0,True,False
26,Seo Analyst,13-1161.00,Science,2.0,False,True
26,Seo Analyst,13-1161.00,Speaking,3.88,False,True
26,Seo Analyst,13-1161.00,Writing,4.0,True,False
27,Sales Executive,13-1111.00,Active Learning,3.25,True,False
27,Sales Executive,13-1111.00,Active Listening,4.12,False,True
27,Sales Executive,13-1111.00,Critical Thinking,4.12,False,True
27,Sales Executive,13-1111.00,Learning Strategies,3.0,False,True
27,Sales Executive,13-1111.00,Mathematics,3.0,False,True
27,Sales Executive,13-1111.00,Monitoring,3.88,True,False
27,Sales Executive,13-1111.00,Reading Comprehension,4.12,True,False
27,Sales Executive,13-1111.00,Science,1.88,False,True
27,Sales Executive,13-1111.00,Speaking,4.0,False,True
27,Sales Executive,13-1111.00,Writing,4.0,True,False
28,Content Lead,13-1111.00,Active Learning,3.25,False,True
28,Content Lead,13-1111.00,Active Listening,4.12,False,True
28,Content Lead,13-1111.00,Critical Thinking,4.12,False,True
28,Content Lead,13-1111.00,Learning Strategies,3.0,False,True
28,Content Lead,13-1111.00,Mathematics,3.0,False,True
28,Content Lead,13-1111.00,Monitoring,3.88,False,True
28,Content Lead,13-1111.00,Reading Comprehension,4.12,False,True
28,Content Lead,13-1111.00,Science,1.88,True,False
28,Content Lead,13-1111.00,Speaking,4.0,True,False
28,Content Lead,13-1111.00,Writing,4.0,True,False
29,Accountant,13-1111.00,Active Learning,3.25,False,True
29,Accountant,13-1111.00,Active Listening,4.12,False,True
29,Accountant,13-1111.00,Critical Thinking,4.12,False,True
29,Accountant,13-1111.00,Learning Strategies,3.0,True,False
29,Accountant,13-1111.00,Mathematics,3.0,True,False
29,Accountant,13-1111.00,Monitoring,3.88,False,True
29,Accountant,13-1111.00,Reading Comprehension,4.12,True,False
29,Accountant,13-1111.00,Science,1.88,False,True
29,Accountant,13-1111.00,Speaking,4.0,True,False
29,Accountant,13-1111.00,Writing,4.0,False,True
30,Support Engineer,13-1111.00,Active Learning,3.25,True,False
30,Support Engineer,13-1111.00,Active Listening,4.12,False,True
30,Support Engineer,13-1111.00,Critical Thinking,4.12,False,True
30,Support Engineer,13-1111.00,Learning Strategies,3.0,False,True
30,Support Engineer,13-1111.00,Mathematics,3.0,False,True
30,Support Engineer,13-1111.00,Monitoring,3.88,True,False
30,Support Engineer,13-1111.00,Reading Comprehension,4.12,True,False
30,Support Engineer,13-1111.00,Science,1.88,True,False
30,Support Engineer,13-1111.00,Speaking,4.0,False,True
30,Support Engineer,13-1111.00,Writing,4.0,False,True
31,Developer,15-1252.00,Active Learning,3.5,False,True
31,Developer,15-1252.00,Active Listening,3.38,False,True
31,Developer,15-1252.00,Critical Thinking,3.88,True,False
31,Developer,15-1252.00,Learning Strategies,2.62,True,False
31,Developer,15-1252.00,Mathematics,2.75,False,True
31,Developer,15-1252.00,Monitoring,3.0,False,True
31,Developer,15-1252.00,Reading Comprehension,3.5,False,True
31,Developer,15-1252.00,Science,2.12,True,False
31,Developer,15-1252.00,Speaking,3.12,False,True
31,Developer,15-1252.00,Writing,3.25,False,True
32,Content Lead,13-1111.00,Active Learning,3.25,True,False
32,Content Lead,13-1111.00,Active Listening,4.12,False,True
32,Content Lead,13-1111.00,Critical Thinking,4.12,False,True
32,Content Lead,13-1111.00,Learning Strategies,3.0,False,True
32,Content Lead,13-1111.00,Mathematics,3.0,False,True
32,Content Lead,13-1111.00,Monitoring,3.88,False,True
32,Content Lead,13-1111.00,Reading Comprehension,4.12,True,False
32,Content Lead,13-1111.00,Science,1.88,True,False
32,Content Lead,13-1111.00,Speaking,4.0,False,True
32,Content Lead,13-1111.00,Writing,4.0,False,True
33,Tester,13-1111.00,Active Learning,3.25,True,False
33,Tester,13-1111.00,Active Listening,4.12,True,False
33,Tester,13-1111.00,Critical Thinking,4.12,False,True
33,Tester,13-1111.00,Learning Strategies,3.0,False,True
33,Tester,13-1111.00,Mathematics,3.0,True,False
33,Tester,13-1111.00,Monitoring,3.88,False,True
33,Tester,13-1111.00,Reading Comprehension,4.12,True,False
33,Tester,13-1111.00,Science,1.88,False,True
33,Tester,13-1111.00,Speaking,4.0,False,True
33,Tester,13-1111.00,Writing,4.0,False,True
34,Engineer,13-1111.00,Active Learning,3.25,True,False
34,Engineer,13-1111.00,Active Listening,4.12,False,True
34,Engineer,13-1111.00,Critical Thinking,4.12,False,True
34,Engineer,13-1111.00,Learning Strategies,3.0,False,True
34,Engineer,13-1111.00,Mathematics,3.0,False,True
34,Engineer,13-1111.00,Monitoring,3.88,True,False
34,Engineer,13-1111.00,Reading Comprehension,4.12,False,True
34,Engineer,13-1111.00,Science,1.88,False,True
34,Engineer,13-1111.00,Speaking,4.0,True,False
34,Engineer,13-1111.00,Writing,4.0,True,False
35,Seo Analyst,13-1161.00,Active Learning,3.75,False,True
35,Seo Analyst,13-1161.00,Active Listening,4.0,True,False
35,Seo Analyst,13-1161.00,Critical Thinking,4.0,False,True
35,Seo Analyst,13-1161.00,Learning Strategies,2.88,False,True
35,Seo Analyst,13-1161.00,Mathematics,3.12,True,False
35,Seo Analyst,13-1161.00,Monitoring,3.12,False,True
35,Seo Analyst,13-1161.00,Reading Comprehension,4.0,False,True
35,Seo Analyst,13-1161.00,Science,2.0,True,False
35,Seo Analyst,13-1161.00,Speaking,3.88,False,True
35,Seo Analyst,13-1161.00,Writing,4.0,True,False
36,Auditor,13-2011.00,Active Learning,3.25,False,True
36,Auditor,13-2011.00,Active Listening,3.5,False,True
36,Auditor,13-2011.00,Critical Thinking,3.5,False,True
36,Auditor,13-2011.00,Learning Strategies,2.75,True,False
36,Auditor,13-2011.00,Mathematics,3.38,False,True
36,Auditor,13-2011.00,Monitoring,3.25,True,False
36,Auditor,13-2011.00,Reading Comprehension,3.88,True,False
36,Auditor,13-2011.00,Science,1.25,False,True
36,Auditor,13-2011.00,Speaking,3.38,False,True
36,Auditor,13-2011.00,Writing,3.5,False,True
37,Content Lead,13-1111.00,Active Learning,3.25,False,True
37,Content Lead,13-1111.00,Active Listening,4.12,False,True
37,Content Lead,13-1111.00,Critical Thinking,4.12,False,True
37,Content Lead,13-1111.00,Learning Strategies,3.0,True,False
37,Content Lead,13-1111.00,Mathematics,3.0,True,False
37,Content Lead,13-1111.00,Monitoring,3.88,True,False
37,Content Lead,13-1111.00,Reading Comprehension,4.12,False,True
37,Content Lead,13-1111.00,Science,1.88,True,False
37,Content Lead,13-1111.00,Speaking,4.0,True,False
37,Content Lead,13-1111.00,Writing,4.0,False,True
38,Accountant,13-1111.00,Active Learning,3.25,False,True
38,Accountant,13-1111.00,Active Listening,4.12,False,True
38,Accountant,13-1111.00,Critical Thinking,4.12,True,False
38,Accountant,13-1111.00,Learning Strategies,3.0,True,False
38,Accountant,13-1111.00,Mathematics,3.0,False,True
38,Accountant,13-1111.00,Monitoring,3.88,False,True
38,Accountant,13-1111.00,Reading Comprehension,4.12,False,True
38,Accountant,13-1111.00,Science,1.88,True,False
38,Accountant,13-1111.00,Speaking,4.0,True,False
38,Accountant,13-1111.00,Writing,4.0,False,True
39,Auditor,13-2011.00,Active Learning,3.25,True,False
39,Auditor,13-2011.00,Active Listening,3.5,False,True
39,Auditor,13-2011.00,Critical Thinking,3.5,True,False
39,Auditor,13-2011.00,Learning Strategies,2.75,False,True
39,Auditor,13-2011.00,Mathematics,3.38,False,True
39,Auditor,13-2011.00,Monitoring,3.25,True,False
39,Auditor,13-2011.00,Reading Comprehension,3.88,False,True
39,Auditor,13-2011.00,Science,1.25,False,True
39,Auditor,13-2011.00,Speaking,3.38,False,True
39,Auditor,13-2011.00,Writing,3.5,False,True
40,Auditor,13-2011.00,Active Learning,3.25,True,False
40,Auditor,13-2011.00,Active Listening,3.5,False,True
40,Auditor,13-2011.00,Critical Thinking,3.5,False,True
40,Auditor,13-2011.00,Learning Strategies,2.75,False,True
40,Auditor,13-2011.00,Mathematics,3.38,False,True
40,Auditor,13-2011.00,Monitoring,3.25,True,False
40,Auditor,13-2011.00,Reading Comprehension,3.88,False,True
40,Auditor,13-2011.00,Science,1.25,True,False
40,Auditor,13-2011.00,Speaking,3.38,True,False
40,Auditor,13-2011.00,Writing,3.5,False,True
41,Account Manager,13-1111.00,Active Learning,3.25,True,False
41,Account Manager,13-1111.00,Active Listening,4.12,False,True
41,Account Manager,13-1111.00,Critical Thinking,4.12,True,False
41,Account Manager,13-1111.00,Learning Strategies,3.0,False,True
41,Account Manager,13-1111.00,Mathematics,3.0,False,True
41,Account Manager,13-1111.00,Monitoring,3.88,False,True
41,Account Manager,13-1111.00,Reading Comprehension,4.12,True,False
41,Account Manager,13-1111.00,Science,1.88,True,False
41,Account Manager,13-1111.00,Speaking,4.0,False,True
41,Account Manager,13-1111.00,Writing,4.0,False,True
42,Content Lead,13-1111.00,Active Learning,3.25,True,False
42,Content Lead,13-1111.00,Active Listening,4.12,False,True
42,Content Lead,13-1111.00,Critical Thinking,4.12,False,True
42,Content Lead,13-1111.00,Learning Strategies,3.0,True,False
42,Content Lead,13-1111.00,Mathematics,3.0,False,True
42,Content Lead,13-1111.00,Monitoring,3.88,True,False
42,Content Lead,13-1111.00,Reading Comprehension,4.12,True,False
42,Content Lead,13-1111.00,Science,1.88,False,True
42,Content Lead,13-1111.00,Speaking,4.0,False,True
42,Content Lead,13-1111.00,Writing,4.0,False,True
43,Content Lead,13-1111.00,Active Learning,3.25,False,True
43,Content Lead,13-1111.00,Active Listening,4.12,True,False
43,Content Lead,13-1111.00,Critical Thinking,4.12,False,True
43,Content Lead,13-1111.00,Learning Strategies,3.0,False,True
43,Content Lead,13-1111.00,Mathematics,3.0,True,False
43,Content Lead,13-1111.00,Monitoring,3.88,False,True
43,Content Lead,13-1111.00,Reading Comprehension,4.12,False,True
43,Content Lead,13-1111.00,Science,1.88,True,False
43,Content Lead,13-1111.00,Speaking,4.0,False,True
43,Content Lead,13-1111.00,Writing,4.0,False,True
44,Engineer,13-1111.00,Active Learning,3.25,True,False
44,Engineer,13-1111.00,Active Listening,4.12,False,True
44,Engineer,13-1111.00,Critical Thinking,4.12,False,True
44,Engineer,13-1111.00,Learning Strategies,3.0,True,False
44,Engineer,13-1111.00,Mathematics,3.0,False,True
44,Engineer,13-1111.00,Monitoring,3.88,False,True
44,Engineer,13-1111.00,Reading Comprehension,4.12,False,True
44,Engineer,13-1111.00,Science,1.88,True,False
44,Engineer,13-1111.00,Speaking,4.0,True,False
44,Engineer,13-1111.00,Writing,4.0,False,True
45,Accountant,13-1111.00,Active Learning,3.25,False,True
45,Accountant,13-1111.00,Active Listening,4.12,True,False
45,Accountant,13-1111.00,Critical Thinking,4.12,False,True
45,Accountant,13-1111.00,Learning Strategies,3.0,True,False
45,Accountant,13-1111.00,Mathematics,3.0,False,True
45,Accountant,13-1111.00,Monitoring,3.88,False,True
45,Accountant,13-1111.00,Reading Comprehension,4.12,True,False
45,Accountant,13-1111.00,Science,1.88,False,True
45,Accountant,13-1111.00,Speaking,4.0,False,True
45,Accountant,13-1111.00,Writing,4.0,False,True
46,Developer,15-1252.00,Active Learning,3.5,True,False
46,Developer,15-1252.00,Active Listening,3.38,False,True
46,Developer,15-1252.00,Critical Thinking,3.88,True,False
46,Developer,15-1252.00,Learning Strategies,2.62,False,True
46,Developer,15-1252.00,Mathematics,2.75,True,False
46,Developer,15-1252.00,Monitoring,3.0,True,False
46,Developer,15-1252.00,Reading Comprehension,3.5,True,False
46,Developer,15-1252.00,Science,2.12,False,True
46,Developer,15-1252.00,Speaking,3.12,False,True
46,Developer,15-1252.00,Writing,3.25,False,True
47,Account Manager,13-1111.00,Active Learning,3.25,False,True
47,Account Manager,13-1111.00,Active Listening,4.12,True,False
47,Account Manager,13-1111.00,Critical Thinking,4.12,True,False
47,Account Manager,13-1111.00,Learning Strategies,3.0,False,True
47,Account Manager,13-1111.00,Mathematics,3.0,False,True
47,Account Manager,13-1111.00,Monitoring,3.88,False,True
47,Account Manager,13-1111.00,Reading Comprehension,4.12,True,False
47,Account Manager,13-1111.00,Science,1.88,False,True
47,Account Manager,13-1111.00,Speaking,4.0,True,False
47,Account Manager,13-1111.00,Writing,4.0,False,True
48,Sales Executive,13-1111.00,Active Learning,3.25,False,True
48,Sales Executive,13-1111.00,Active Listening,4.12,False,True
48,Sales Executive,13-1111.00,Critical Thinking,4.12,True,False
48,Sales Executive,13-1111.00,Learning Strategies,3.0,False,True
48,Sales Executive,13-1111.00,Mathematics,3.0,False,True
48,Sales Executive,13-1111.00,Monitoring,3.88,False,True
48,Sales Executive,13-1111.00,Reading Comprehension,4.12,True,False
48,Sales Executive,13-1111.00,Science,1.88,True,False
48,Sales Executive,13-1111.00,Speaking,4.0,True,False
48,Sales Executive,13-1111.00,Writing,4.0,False,True
49,Helpdesk,13-1111.00,Active Learning,3.25,False,True
49,Helpdesk,13-1111.00,Active Listening,4.12,False,True
49,Helpdesk,13-1111.00,Critical Thinking,4.12,True,False
49,Helpdesk,13-1111.00,Learning Strategies,3.0,True,False
49,Helpdesk,13-1111.00,Mathematics,3.0,True,False
49,Helpdesk,13-1111.00,Monitoring,3.88,False,True
49,Helpdesk,13-1111.00,Reading Comprehension,4.12,False,True
49,Helpdesk,13-1111.00,Science,1.88,False,True
49,Helpdesk,13-1111.00,Speaking,4.0,False,True
49,Helpdesk,13-1111.00,Writing,4.0,False,True
50,Tester,13-1111.00,Active Learning,3.25,True,False
50,Tester,13-1111.00,Active Listening,4.12,False,True
50,Tester,13-1111.00,Critical Thinking,4.12,False,True
50,Tester,13-1111.00,Learning Strategies,3.0,False,True
50,Tester,13-1111.00,Mathematics,3.0,True,False
50,Tester,13-1111.00,Monitoring,3.88,False,True
50,Tester,13-1111.00,Reading Comprehension,4.12,True,False
50,Tester,13-1111.00,Science,1.88,False,True
50,Tester,13-1111.00,Speaking,4.0,True,False
50,Tester,13-1111.00,Writing,4.0,False,True
51,Sales Executive,13-1111.00,Active Learning,3.25,False,True
51,Sales Executive,13-1111.00,Active Listening,4.12,False,True
51,Sales Executive,13-1111.00,Critical Thinking,4.12,False,True
51,Sales Executive,13-1111.00,Learning Strategies,3.0,False,True
51,Sales Executive,13-1111.00,Mathematics,3.0,False,True
51,Sales Executive,13-1111.00,Monitoring,3.88,False,True
51,Sales Executive,13-1111.00,Reading Comprehension,4.12,False,True
51,Sales Executive,13-1111.00,Science,1.88,True,False
51,Sales Executive,13-1111.00,Speaking,4.0,True,False
51,Sales Executive,13-1111.00,Writing,4.0,True,False
52,Support Engineer,13-1111.00,Active Learning,3.25,False,True
52,Support Engineer,13-1111.00,Active Listening,4.12,True,False
52,Support Engineer,13-1111.00,Critical Thinking,4.12,True,False
52,Support Engineer,13-1111.00,Learning Strategies,3.0,False,True
52,Support Engineer,13-1111.00,Mathematics,3.0,False,True
52,Support Engineer,13-1111.00,Monitoring,3.88,True,False
52,Support Engineer,13-1111.00,Reading Comprehension,4.12,False,True
52,Support Engineer,13-1111.00,Science,1.88,True,False
52,Support Engineer,13-1111.00,Speaking,4.0,True,False
52,Support Engineer,13-1111.00,Writing,4.0,False,True
53,Seo Analyst,13-1161.00,Active Learning,3.75,True,False
53,Seo Analyst,13-1161.00,Active Listening,4.0,True,False
53,Seo Analyst,13-1161.00,Critical Thinking,4.0,False,True
53,Seo Analyst,13-1161.00,Learning Strategies,2.88,False,True
53,Seo Analyst,13-1161.00,Mathematics,3.12,True,False
53,Seo Analyst,13-1161.00,Monitoring,3.12,False,True
53,Seo Analyst,13-1161.00,Reading Comprehension,4.0,False,True
53,Seo Analyst,13-1161.00,Science,2.0,False,True
53,Seo Analyst,13-1161.00,Speaking,3.88,True,False
53,Seo Analyst,13-1161.00,Writing,4.0,False,True
54,Auditor,13-2011.00,Active Learning,3.25,True,False
54,Auditor,13-2011.00,Active Listening,3.5,True,False
54,Auditor,13-2011.00,Critical Thinking,3.5,True,False
54,Auditor,13-2011.00,Learning Strategies,2.75,False,True
54,Auditor,13-2011.00,Mathematics,3.38,False,True
54,Auditor,13-2011.00,Monitoring,3.25,False,True
54,Auditor,13-2011.00,Reading Comprehension,3.88,True,False
54,Auditor,13-2011.00,Science,1.25,True,False
54,Auditor,13-2011.00,Speaking,3.38,False,True
54,Auditor,13-2011.00,Writing,3.5,False,True
55,Accountant,13-1111.00,Active Learning,3.25,True,False
55,Accountant,13-1111.00,Active Listening,4.12,False,True
55,Accountant,13-1111.00,Critical Thinking,4.12,False,True
55,Accountant,13-1111.00,Learning Strategies,3.0,False,True
55,Accountant,13-1111.00,Mathematics,3.0,False,True
55,Accountant,13-1111.00,Monitoring,3.88,False,True
55,Accountant,13-1111.00,Reading Comprehension,4.12,True,False
55,Accountant,13-1111.00,Science,1.88,True,False
55,Accountant,13-1111.00,Speaking,4.0,False,True
55,Accountant,13-1111.00,Writing,4.0,False,True
56,Developer,15-1252.00,Active Learning,3.5,False,True
56,Developer,15-1252.00,Active Listening,3.38,True,False
56,Developer,15-1252.00,Critical Thinking,3.88,False,True
56,Developer,15-1252.00,Learning Strategies,2.62,False,True
56,Developer,15-1252.00,Mathematics,2.75,True,False
56,Developer,15-1252.00,Monitoring,3.0,True,False
56,Developer,15-1252.00,Reading Comprehension,3.5,True,False
56,Developer,15-1252.00,Science,2.12,False,True
56,Developer,15-1252.00,Speaking,3.12,True,False
56,Developer,15-1252.00,Writing,3.25,False,True
57,Developer,15-1252.00,Active Learning,3.5,True,False
57,Developer,15-1252.00,Active Listening,3.38,False,True
57,Developer,15-1252.00,Critical Thinking,3.88,False,True
57,Developer,15-1252.00,Learning Strategies,2.62,False,True
57,Developer,15-1252.00,Mathematics,2.75,False,True
57,Developer,15-1252.00,Monitoring,3.0,True,False
57,Developer,15-1252.00,Reading Comprehension,3.5,False,True
57,Developer,15-1252.00,Science,2.12,False,True
57,Developer,15-1252.00,Speaking,3.12,False,True
57,Developer,15-1252.00,Writing,3.25,True,False
58,Helpdesk,13-1111.00,Active Learning,3.25,True,False
58,Helpdesk,13-1111.00,Active Listening,4.12,False,True
58,Helpdesk,13-1111.00,Critical Thinking,4.12,False,True
58,Helpdesk,13-1111.00,Learning Strategies,3.0,True,False
58,Helpdesk,13-1111.00,Mathematics,3.0,False,True
58,Helpdesk,13-1111.00,Monitoring,3.88,True,False
58,Helpdesk,13-1111.00,Reading Comprehension,4.12,False,True
58,Helpdesk,13-1111.00,Science,1.88,False,True
58,Helpdesk,13-1111.00,Speaking,4.0,False,True
58,Helpdesk,13-1111.00,Writing,4.0,True,False
59,Seo Analyst,13-1161.00,Active Learning,3.75,False,True
59,Seo Analyst,13-1161.00,Active Listening,4.0,True,False
59,Seo Analyst,13-1161.00,Critical Thinking,4.0,False,True
59,Seo Analyst,13-1161.00,Learning Strategies,2.88,False,True
59,Seo Analyst,13-1161.00,Mathematics,3.12,False,True
59,Seo Analyst,13-1161.00,Monitoring,3.12,True,False
59,Seo Analyst,13-1161.00,Reading Comprehension,4.0,False,True
59,Seo Analyst,13-1161.00,Science,2.0,True,False
59,Seo Analyst,13-1161.00,Speaking,3.88,False,True
59,Seo Analyst,13-1161.00,Writing,4.0,False,True
60,Hr Executive,13-1111.00,Active Learning,3.25,False,True
60,Hr Executive,13-1111.00,Active Listening,4.12,False,True
60,Hr Executive,13-1111.00,Critical Thinking,4.12,False,True
60,Hr Executive,13-1111.00,Learning Strategies,3.0,False,True
60,Hr Executive,13-1111.00,Mathematics,3.0,False,True
60,Hr Executive,13-1111.00,Monitoring,3.88,False,True
60,Hr Executive,13-1111.00,Reading Comprehension,4.12,True,False
60,Hr Executive,13-1111.00,Science,1.88,True,False
60,Hr Executive,13-1111.00,Speaking,4.0,False,True
60,Hr Executive,13-1111.00,Writing,4.0,True,False
61,Hr Manager,11-3121.00,Active Learning,4.0,True,False
61,Hr Manager,11-3121.00,Active Listening,4.38,False,True
61,Hr Manager,11-3121.00,Critical Thinking,4.0,False,True
61,Hr Manager,11-3121.00,Learning Strategies,3.75,False,True
61,Hr Manager,11-3121.00,Mathematics,3.0,True,False
61,Hr Manager,11-3121.00,Monitoring,4.0,False,True
61,Hr Manager,11-3121.00,Reading Comprehension,4.25,False,True
61,Hr Manager,11-3121.00,Science,1.5,True,False
61,Hr Manager,11-3121.00,Speaking,4.25,True,False
61,Hr Manager,11-3121.00,Writing,4.12,False,True
62,Tester,13-1111.00,Active Learning,3.25,True,False
62,Tester,13-1111.00,Active Listening,4.12,True,False
62,Tester,13-1111.00,Critical Thinking,4.12,False,True
62,Tester,13-1111.00,Learning Strategies,3.0,True,False
62,Tester,13-1111.00,Mathematics,3.0,False,True
62,Tester,13-1111.00,Monitoring,3.88,False,True
62,Tester,13-1111.00,Reading Comprehension,4.12,False,True
62,Tester,13-1111.00,Science,1.88,True,False
62,Tester,13-1111.00,Speaking,4.0,False,True
62,Tester,13-1111.00,Writing,4.0,True,False
63,Hr Manager,11-3121.00,Active Learning,4.0,False,True
63,Hr Manager,11-3121.00,Active Listening,4.38,True,False
63,Hr Manager,11-3121.00,Critical Thinking,4.0,False,True
63,Hr Manager,11-3121.00,Learning Strategies,3.75,False,True
63,Hr Manager,11-3121.00,Mathematics,3.0,True,False
63,Hr Manager,11-3121.00,Monitoring,4.0,False,True
63,Hr Manager,11-3121.00,Reading Comprehension,4.25,True,False
63,Hr Manager,11-3121.00,Science,1.5,False,True
63,Hr Manager,11-3121.00,Speaking,4.25,False,True
63,Hr Manager,11-3121.00,Writing,4.12,True,False
64,Helpdesk,13-1111.00,Active Learning,3.25,False,True
64,Helpdesk,13-1111.00,Active Listening,4.12,False,True
64,Helpdesk,13-1111.00,Critical Thinking,4.12,True,False
64,Helpdesk,13-1111.00,Learning Strategies,3.0,True,False
64,Helpdesk,13-1111.00,Mathematics,3.0,False,True
64,Helpdesk,13-1111.00,Monitoring,3.88,True,False
64,Helpdesk,13-1111.00,Reading Comprehension,4.12,False,True
64,Helpdesk,13-1111.00,Science,1.88,False,True
64,Helpdesk,13-1111.00,Speaking,4.0,False,True
64,Helpdesk,13-1111.00,Writing,4.0,True,False
65,Account Manager,13-1111.00,Active Learning,3.25,True,False
65,Account Manager,13-1111.00,Active Listening,4.12,True,False
65,Account Manager,13-1111.00,Critical Thinking,4.12,False,True
65,Account Manager,13-1111.00,Learning Strategies,3.0,False,True
65,Account Manager,13-1111.00,Mathematics,3.0,False,True
65,Account Manager,13-1111.00,Monitoring,3.88,False,True
65,Account Manager,13-1111.00,Reading Comprehension,4.12,True,False
65,Account Manager,13-1111.00,Science,1.88,False,True
65,Account Manager,13-1111.00,Speaking,4.0,True,False
65,Account Manager,13-1111.00,Writing,4.0,False,True
66,Content Lead,13-1111.00,Active Learning,3.25,True,False
66,Content Lead,13-1111.00,Active Listening,4.12,True,False
66,Content Lead,13-1111.00,Critical Thinking,4.12,True,False
66,Content Lead,13-1111.00,Learning Strategies,3.0,False,True
66,Content Lead,13-1111.00,Mathematics,3.0,False,True
66,Content Lead,13-1111.00,Monitoring,3.88,False,True
66,Content Lead,13-1111.00,Reading Comprehension,4.12,False,True
66,Content Lead,13-1111.00,Science,1.88,False,True
66,Content Lead,13-1111.00,Speaking,4.0,False,True
66,Content Lead,13-1111.00,Writing,4.0,False,True
67,Sales Executive,13-1111.00,Active Learning,3.25,False,True
67,Sales Executive,13-1111.00,Active Listening,4.12,True,False
67,Sales Executive,13-1111.00,Critical Thinking,4.12,True,False
67,Sales Executive,13-1111.00,Learning Strategies,3.0,False,True
67,Sales Executive,13-1111.00,Mathematics,3.0,False,True
67,Sales Executive,13-1111.00,Monitoring,3.88,False,True
67,Sales Executive,13-1111.00,Reading Comprehension,4.12,False,True
67,Sales Executive,13-1111.00,Science,1.88,False,True
67,Sales Executive,13-1111.00,Speaking,4.0,False,True
67,Sales Executive,13-1111.00,Writing,4.0,True,False
68,Sales Executive,13-1111.00,Active Learning,3.25,True,False
68,Sales Executive,13-1111.00,Active Listening,4.12,True,False
68,Sales Executive,13-1111.00,Critical Thinking,4.12,True,False
68,Sales Executive,13-1111.00,Learning Strategies,3.0,True,False
68,Sales Executive,13-1111.00,Mathematics,3.0,False,True
68,Sales Executive,13-1111.00,Monitoring,3.88,False,True
68,Sales Executive,13-1111.00,Reading Comprehension,4.12,False,True
68,Sales Executive,13-1111.00,Science,1.88,False,True
68,Sales Executive,13-1111.00,Speaking,4.0,True,False
68,Sales Executive,13-1111.00,Writing,4.0,False,True
69,Account Manager,13-1111.00,Active Learning,3.25,False,True
69,Account Manager,13-1111.00,Active Listening,4.12,False,True
69,Account Manager,13-1111.00,Critical Thinking,4.12,False,True
69,Account Manager,13-1111.00,Learning Strategies,3.0,True,False
69,Account Manager,13-1111.00,Mathematics,3.0,False,True
69,Account Manager,13-1111.00,Monitoring,3.88,False,True
69,Account Manager,13-1111.00,Reading Comprehension,4.12,True,False
69,Account Manager,13-1111.00,Science,1.88,True,False
69,Account Manager,13-1111.00,Speaking,4.0,True,False
69,Account Manager,13-1111.00,Writing,4.0,True,False
70,Accountant,13-1111.00,Active Learning,3.25,False,True
70,Accountant,13-1111.00,Active Listening,4.12,True,False
70,Accountant,13-1111.00,Critical Thinking,4.12,False,True
70,Accountant,13-1111.00,Learning Strategies,3.0,True,False
70,Accountant,13-1111.00,Mathematics,3.0,False,True
70,Accountant,13-1111.00,Monitoring,3.88,False,True
70,Accountant,13-1111.00,Reading Comprehension,4.12,True,False
70,Accountant,13-1111.00,Science,1.88,True,False
70,Accountant,13-1111.00,Speaking,4.0,True,False
70,Accountant,13-1111.00,Writing,4.0,False,True
71,Hr Executive,13-1111.00,Active Learning,3.25,False,True
71,Hr Executive,13-1111.00,Active Listening,4.12,False,True
71,Hr Executive,13-1111.00,Critical Thinking,4.12,False,True
71,Hr Executive,13-1111.00,Learning Strategies,3.0,False,True
71,Hr Executive,13-1111.00,Mathematics,3.0,False,True
71,Hr Executive,13-1111.00,Monitoring,3.88,True,False
71,Hr Executive,13-1111.00,Reading Comprehension,4.12,True,False
71,Hr Executive,13-1111.00,Science,1.88,False,True
71,Hr Executive,13-1111.00,Speaking,4.0,False,True
71,Hr Executive,13-1111.00,Writing,4.0,True,False
72,Content Lead,13-1111.00,Active Learning,3.25,False,True
72,Content Lead,13-1111.00,Active Listening,4.12,False,True
72,Content Lead,13-1111.00,Critical Thinking,4.12,False,True
72,Content Lead,13-1111.00,Learning Strategies,3.0,False,True
72,Content Lead,13-1111.00,Mathematics,3.0,True,False
72,Content Lead,13-1111.00,Monitoring,3.88,False,True
72,Content Lead,13-1111.00,Reading Comprehension,4.12,False,True
72,Content Lead,13-1111.00,Science,1.88,True,False
72,Content Lead,13-1111.00,Speaking,4.0,False,True
72,Content Lead,13-1111.00,Writing,4.0,True,False
73,Developer,15-1252.00,Active Learning,3.5,False,True
73,Developer,15-1252.00,Active Listening,3.38,True,False
73,Developer,15-1252.00,Critical Thinking,3.88,False,True
73,Developer,15-1252.00,Learning Strategies,2.62,False,True
73,Developer,15-1252.00,Mathematics,2.75,False,True
73,Developer,15-1252.00,Monitoring,3.0,False,True
73,Developer,15-1252.00,Reading Comprehension,3.5,False,True
73,Developer,15-1252.00,Science,2.12,True,False
73,Developer,15-1252.00,Speaking,3.12,True,False
73,Developer,15-1252.00,Writing,3.25,False,True
74,Sales Executive,13-1111.00,Active Learning,3.25,False,True
74,Sales Executive,13-1111.00,Active Listening,4.12,False,True
74,Sales Executive,13-1111.00,Critical Thinking,4.12,False,True
74,Sales Executive,13-1111.00,Learning Strategies,3.0,True,False
74,Sales Executive,13-1111.00,Mathematics,3.0,True,False
74,Sales Executive,13-1111.00,Monitoring,3.88,True,False
74,Sales Executive,13-1111.00,Reading Comprehension,4.12,False,True
74,Sales Executive,13-1111.00,Science,1.88,True,False
74,Sales Executive,13-1111.00,Speaking,4.0,True,False
74,Sales Executive,13-1111.00,Writing,4.0,False,True
75,Developer,15-1252.00,Active Learning,3.5,False,True
75,Developer,15-1252.00,Active Listening,3.38,True,False
75,Developer,15-1252.00,Critical Thinking,3.88,True,False
75,Developer,15-1252.00,Learning Strategies,2.62,False,True
75,Developer,15-1252.00,Mathematics,2.75,True,False
75,Developer,15-1252.00,Monitoring,3.0,True,False
75,Developer,15-1252.00,Reading Comprehension,3.5,False,True
75,Developer,15-1252.00,Science,2.12,False,True
75,Developer,15-1252.00,Speaking,3.12,False,True
75,Developer,15-1252.00,Writing,3.25,False,True
76,Hr Manager,11-3121.00,Active Learning,4.0,True,False
76,Hr Manager,11-3121.00,Active Listening,4.38,False,True
76,Hr Manager,11-3121.00,Critical Thinking,4.0,True,False
76,Hr Manager,11-3121.00,Learning Strategies,3.75,False,True
76,Hr Manager,11-3121.00,Mathematics,3.0,False,True
76,Hr Manager,11-3121.00,Monitoring,4.0,True,False
76,Hr Manager,11-3121.00,Reading Comprehension,4.25,True,False
76,Hr Manager,11-3121.00,Science,1.5,False,True
76,Hr Manager,11-3121.00,Speaking,4.25,False,True
76,Hr Manager,11-3121.00,Writing,4.12,False,True
77,Sales Executive,13-1111.00,Active Learning,3.25,True,False
77,Sales Executive,13-1111.00,Active Listening,4.12,False,True
77,Sales Executive,13-1111.00,Critical Thinking,4.12,False,True
77,Sales Executive,13-1111.00,Learning Strategies,3.0,True,False
77,Sales Executive,13-1111.00,Mathematics,3.0,True,False
77,Sales Executive,13-1111.00,Monitoring,3.88,True,False
77,Sales Executive,13-1111.00,Reading Comprehension,4.12,False,True
77,Sales Executive,13-1111.00,Science,1.88,False,True
77,Sales Executive,13-1111.00,Speaking,4.0,True,False
77,Sales Executive,13-1111.00,Writing,4.0,False,True
78,Sales Executive,13-1111.00,Active Learning,3.25,True,False
78,Sales Executive,13-1111.00,Active Listening,4.12,False,True
78,Sales Executive,13-1111.00,Critical Thinking,4.12,False,True
78,Sales Executive,13-1111.00,Learning Strategies,3.0,True,False
78,Sales Executive,13-1111.00,Mathematics,3.0,True,False
78,Sales Executive,13-1111.00,Monitoring,3.88,False,True
78,Sales Executive,13-1111.00,Reading Comprehension,4.12,True,False
78,Sales Executive,13-1111.00,Science,1.88,False,True
78,Sales Executive,13-1111.00,Speaking,4.0,True,False
78,Sales Executive,13-1111.00,Writing,4.0,False,True
79,Content Lead,13-1111.00,Active Learning,3.25,True,False
79,Content Lead,13-1111.00,Active Listening,4.12,False,True
79,Content Lead,13-1111.00,Critical Thinking,4.12,False,True
79,Content Lead,13-1111.00,Learning Strategies,3.0,False,True
79,Content Lead,13-1111.00,Mathematics,3.0,True,False
79,Content Lead,13-1111.00,Monitoring,3.88,False,True
79,Content Lead,13-1111.00,Reading Comprehension,4.12,False,True
79,Content Lead,13-1111.00,Science,1.88,True,False
79,Content Lead,13-1111.00,Speaking,4.0,False,True
79,Content Lead,13-1111.00,Writing,4.0,False,True
80,Hr Manager,11-3121.00,Active Learning,4.0,False,True
80,Hr Manager,11-3121.00,Active Listening,4.38,False,True
80,Hr Manager,11-3121.00,Critical Thinking,4.0,True,False
80,Hr Manager,11-3121.00,Learning Strategies,3.75,False,True
80,Hr Manager,11-3121.00,Mathematics,3.0,True,False
80,Hr Manager,11-3121.00,Monitoring,4.0,False,True
80,Hr Manager,11-3121.00,Reading Comprehension,4.25,False,True
80,Hr Manager,11-3121.00,Science,1.5,False,True
80,Hr Manager,11-3121.00,Speaking,4.25,True,False
80,Hr Manager,11-3121.00,Writing,4.12,False,True
81,Helpdesk,13-1111.00,Active Learning,3.25,True,False
81,Helpdesk,13-1111.00,Active Listening,4.12,True,False
81,Helpdesk,13-1111.00,Critical Thinking,4.12,True,False
81,Helpdesk,13-1111.00,Learning Strategies,3.0,False,True
81,Helpdesk,13-1111.00,Mathematics,3.0,True,False
81,Helpdesk,13-1111.00,Monitoring,3.88,False,True
81,Helpdesk,13-1111.00,Reading Comprehension,4.12,False,True
81,Helpdesk,13-1111.00,Science,1.88,False,True
81,Helpdesk,13-1111.00,Speaking,4.0,False,True
81,Helpdesk,13-1111.00,Writing,4.0,False,True
82,Engineer,13-1111.00,Active Learning,3.25,False,True
82,Engineer,13-1111.00,Active Listening,4.12,True,False
82,Engineer,13-1111.00,Critical Thinking,4.12,False,True
82,Engineer,13-1111.00,Learning Strategies,3.0,False,True
82,Engineer,13-1111.00,Mathematics,3.0,False,True
82,Engineer,13-1111.00,Monitoring,3.88,False,True
82,Engineer,13-1111.00,Reading Comprehension,4.12,True,False
82,Engineer,13-1111.00,Science,1.88,False,True
82,Engineer,13-1111.00,Speaking,4.0,True,False
82,Engineer,13-1111.00,Writing,4.0,False,True
83,Developer,15-1252.00,Active Learning,3.5,True,False
83,Developer,15-1252.00,Active Listening,3.38,True,False
83,Developer,15-1252.00,Critical Thinking,3.88,False,True
83,Developer,15-1252.00,Learning Strategies,2.62,True,False
83,Developer,15-1252.00,Mathematics,2.75,False,True
83,Developer,15-1252.00,Monitoring,3.0,False,True
83,Developer,15-1252.00,Reading Comprehension,3.5,False,True
83,Developer,15-1252.00,Science,2.12,True,False
83,Developer,15-1252.00,Speaking,3.12,False,True
83,Developer,15-1252.00,Writing,3.25,False,True
84,Auditor,13-2011.00,Active Learning,3.25,False,True
84,Auditor,13-2011.00,Active Listening,3.5,True,False
84,Auditor,13-2011.00,Critical Thinking,3.5,False,True
84,Auditor,13-2011.00,Learning Strategies,2.75,False,True
84,Auditor,13-2011.00,Mathematics,3.38,True,False
84,Auditor,13-2011.00,Monitoring,3.25,True,False
84,Auditor,13-2011.00,Reading Comprehension,3.88,True,False
84,Auditor,13-2011.00,Science,1.25,False,True
84,Auditor,13-2011.00,Speaking,3.38,False,True
84,Auditor,13-2011.00,Writing,3.5,True,False
85,Sales Executive,13-1111.00,Active Learning,3.25,False,True
85,Sales Executive,13-1111.00,Active Listening,4.12,False,True
85,Sales Executive,13-1111.00,Critical Thinking,4.12,False,True
85,Sales Executive,13-1111.00,Learning Strategies,3.0,True,False
85,Sales Executive,13-1111.00,Mathematics,3.0,True,False
85,Sales Executive,13-1111.00,Monitoring,3.88,False,True
85,Sales Executive,13-1111.00,Reading Comprehension,4.12,False,True
85,Sales Executive,13-1111.00,Science,1.88,False,True
85,Sales Executive,13-1111.00,Speaking,4.0,False,True
85,Sales Executive,13-1111.00,Writing,4.0,True,False
86,Sales Executive,13-1111.00,Active Learning,3.25,False,True
86,Sales Executive,13-1111.00,Active Listening,4.12,True,False
86,Sales Executive,13-1111.00,Critical Thinking,4.12,False,True
86,Sales Executive,13-1111.00,Learning Strategies,3.0,False,True
86,Sales Executive,13-1111.00,Mathematics,3.0,True,False
86,Sales Executive,13-1111.00,Monitoring,3.88,True,False
86,Sales Executive,13-1111.00,Reading Comprehension,4.12,False,True
86,Sales Executive,13-1111.00,Science,1.88,False,True
86,Sales Executive,13-1111.00,Speaking,4.0,True,False
86,Sales Executive,13-1111.00,Writing,4.0,True,False
87,Support Engineer,13-1111.00,Active Learning,3.25,True,False
87,Support Engineer,13-1111.00,Active Listening,4.12,False,True
87,Support Engineer,13-1111.00,Critical Thinking,4.12,False,True
87,Support Engineer,13-1111.00,Learning Strategies,3.0,True,False
87,Support Engineer,13-1111.00,Mathematics,3.0,False,True
87,Support Engineer,13-1111.00,Monitoring,3.88,False,True
87,Support Engineer,13-1111.00,Reading Comprehension,4.12,False,True
87,Support Engineer,13-1111.00,Science,1.88,False,True
87,Support Engineer,13-1111.00,Speaking,4.0,True,False
87,Support Engineer,13-1111.00,Writing,4.0,False,True
88,Content Lead,13-1111.00,Active Learning,3.25,True,False
88,Content Lead,13-1111.00,Active Listening,4.12,False,True
88,Content Lead,13-1111.00,Critical Thinking,4.12,False,True
88,Content Lead,13-1111.00,Learning Strategies,3.0,False,True
88,Content Lead,13-1111.00,Mathematics,3.0,True,False
88,Content Lead,13-1111.00,Monitoring,3.88,False,True
88,Content Lead,13-1111.00,Reading Comprehension,4.12,False,True
88,Content Lead,13-1111.00,Science,1.88,True,False
88,Content Lead,13-1111.00,Speaking,4.0,True,False
88,Content Lead,13-1111.00,Writing,4.0,False,True
89,Seo Analyst,13-1161.00,Active Learning,3.75,False,True
89,Seo Analyst,13-1161.00,Active Listening,4.0,False,True
89,Seo Analyst,13-1161.00,Critical Thinking,4.0,False,True
89,Seo Analyst,13-1161.00,Learning Strategies,2.88,False,True
89,Seo Analyst,13-1161.00,Mathematics,3.12,False,True
89,Seo Analyst,13-1161.00,Monitoring,3.12,False,True
89,Seo Analyst,13-1161.00,Reading Comprehension,4.0,True,False
89,Seo Analyst,13-1161.00,Science,2.0,True,False
89,Seo Analyst,13-1161.00,Speaking,3.88,False,True
89,Seo Analyst,13-1161.00,Writing,4.0,True,False
90,Auditor,13-2011.00,Active Learning,3.25,False,True
90,Auditor,13-2011.00,Active Listening,3.5,True,False
90,Auditor,13-2011.00,Critical Thinking,3.5,False,True
90,Auditor,13-2011.00,Learning Strategies,2.75,True,False
90,Auditor,13-2011.00,Mathematics,3.38,False,True
90,Auditor,13-2011.00,Monitoring,3.25,False,True
90,Auditor,13-2011.00,Reading Comprehension,3.88,True,False
90,Auditor,13-2011.00,Science,1.25,False,True
90,Auditor,13-2011.00,Speaking,3.38,False,True
90,Auditor,13-2011.00,Writing,3.5,False,True
91,Tester,13-1111.00,Active Learning,3.25,False,True
91,Tester,13-1111.00,Active Listening,4.12,False,True
91,Tester,13-1111.00,Critical Thinking,4.12,True,False
91,Tester,13-1111.00,Learning Strategies,3.0,False,True
91,Tester,13-1111.00,Mathematics,3.0,False,True
91,Tester,13-1111.00,Monitoring,3.88,False,True
91,Tester,13-1111.00,Reading Comprehension,4.12,False,True
91,Tester,13-1111.00,Science,1.88,True,False
91,Tester,13-1111.00,Speaking,4.0,False,True
91,Tester,13-1111.00,Writing,4.0,True,False
92,Accountant,13-1111.00,Active Learning,3.25,False,True
92,Accountant,13-1111.00,Active Listening,4.12,False,True
92,Accountant,13-1111.00,Critical Thinking,4.12,True,False
92,Accountant,13-1111.00,Learning Strategies,3.0,False,True
92,Accountant,13-1111.00,Mathematics,3.0,False,True
92,Accountant,13-1111.00,Monitoring,3.88,False,True
92,Accountant,13-1111.00,Reading Comprehension,4.12,True,False
92,Accountant,13-1111.00,Science,1.88,False,True
92,Accountant,13-1111.00,Speaking,4.0,True,False
92,Accountant,13-1111.00,Writing,4.0,True,False
93,Account Manager,13-1111.00,Active Learning,3.25,False,True
93,Account Manager,13-1111.00,Active Listening,4.12,True,False
93,Account Manager,13-1111.00,Critical Thinking,4.12,False,True
93,Account Manager,13-1111.00,Learning Strategies,3.0,True,False
93,Account Manager,13-1111.00,Mathematics,3.0,True,False
93,Account Manager,13-1111.00,Monitoring,3.88,True,False
93,Account Manager,13-1111.00,Reading Comprehension,4.12,False,True
93,Account Manager,13-1111.00,Science,1.88,True,False
93,Account Manager,13-1111.00,Speaking,4.0,False,True
93,Account Manager,13-1111.00,Writing,4.0,False,True
94,Helpdesk,13-1111.00,Active Learning,3.25,True,False
94,Helpdesk,13-1111.00,Active Listening,4.12,False,True
94,Helpdesk,13-1111.00,Critical Thinking,4.12,False,True
94,Helpdesk,13-1111.00,Learning Strategies,3.0,True,False
94,Helpdesk,13-1111.00,Mathematics,3.0,False,True
94,Helpdesk,13-1111.00,Monitoring,3.88,False,True
94,Helpdesk,13-1111.00,Reading Comprehension,4.12,True,False
94,Helpdesk,13-1111.00,Science,1.88,False,True
94,Helpdesk,13-1111.00,Speaking,4.0,True,False
94,Helpdesk,13-1111.00,Writing,4.0,False,True
95,Support Engineer,13-1111.00,Active Learning,3.25,True,False
95,Support Engineer,13-1111.00,Active Listening,4.12,False,True
95,Support Engineer,13-1111.00,Critical Thinking,4.12,False,True
95,Support Engineer,13-1111.00,Learning Strategies,3.0,False,True
95,Support Engineer,13-1111.00,Mathematics,3.0,False,True
95,Support Engineer,13-1111.00,Monitoring,3.88,True,False
95,Support Engineer,13-1111.00,Reading Comprehension,4.12,False,True
95,Support Engineer,13-1111.00,Science,1.88,True,False
95,Support Engineer,13-1111.00,Speaking,4.0,True,False
95,Support Engineer,13-1111.00,Writing,4.0,True,False
96,Content Lead,13-1111.00,Active Learning,3.25,True,False
96,Content Lead,13-1111.00,Active Listening,4.12,False,True
96,Content Lead,13-1111.00,Critical Thinking,4.12,True,False
96,Content Lead,13-1111.00,Learning Strategies,3.0,True,False
96,Content Lead,13-1111.00,Mathematics,3.0,False,True
96,Content Lead,13-1111.00,Monitoring,3.88,False,True
96,Content Lead,13-1111.00,Reading Comprehension,4.12,False,True
96,Content Lead,13-1111.00,Science,1.88,False,True
96,Content Lead,13-1111.00,Speaking,4.0,False,True
96,Content Lead,13-1111.00,Writing,4.0,True,False
97,Hr Manager,11-3121.00,Active Learning,4.0,False,True
97,Hr Manager,11-3121.00,Active Listening,4.38,False,True
97,Hr Manager,11-3121.00,Critical Thinking,4.0,False,True
97,Hr Manager,11-3121.00,Learning Strategies,3.75,False,True
97,Hr Manager,11-3121.00,Mathematics,3.0,True,False
97,Hr Manager,11-3121.00,Monitoring,4.0,True,False
97,Hr Manager,11-3121.00,Reading Comprehension,4.25,False,True
97,Hr Manager,11-3121.00,Science,1.5,False,True
97,Hr Manager,11-3121.00,Speaking,4.25,True,False
97,Hr Manager,11-3121.00,Writing,4.12,False,True
98,Content Lead,13-1111.00,Active Learning,3.25,False,True
98,Content Lead,13-1111.00,Active Listening,4.12,False,True
98,Content Lead,13-1111.00,Critical Thinking,4.12,True,False
98,Content Lead,13-1111.00,Learning Strategies,3.0,False,True
98,Content Lead,13-1111.00,Mathematics,3.0,True,False
98,Content Lead,13-1111.00,Monitoring,3.88,True,False
98,Content Lead,13-1111.00,Reading Comprehension,4.12,False,True
98,Content Lead,13-1111.00,Science,1.88,False,True
98,Content Lead,13-1111.00,Speaking,4.0,False,True
98,Content Lead,13-1111.00,Writing,4.0,True,False
99,Hr Executive,13-1111.00,Active Learning,3.25,True,False
99,Hr Executive,13-1111.00,Active Listening,4.12,False,True
99,Hr Executive,13-1111.00,Critical Thinking,4.12,False,True
99,Hr Executive,13-1111.00,Learning Strategies,3.0,True,False
99,Hr Executive,13-1111.00,Mathematics,3.0,False,True
99,Hr Executive,13-1111.00,Monitoring,3.88,False,True
99,Hr Executive,13-1111.00,Reading Comprehension,4.12,False,True
99,Hr Executive,13-1111.00,Science,1.88,True,False
99,Hr Executive,13-1111.00,Speaking,4.0,False,True
99,Hr Executive,13-1111.00,Writing,4.0,True,False
100,Account Manager,13-1111.00,Active Learning,3.25,False,True
100,Account Manager,13-1111.00,Active Listening,4.12,True,False
100,Account Manager,13-1111.00,Critical Thinking,4.12,True,False
100,Account Manager,13-1111.00,Learning Strategies,3.0,False,True
100,Account Manager,13-1111.00,Mathematics,3.0,False,True
100,Account Manager,13-1111.00,Monitoring,3.88,False,True
100,Account Manager,13-1111.00,Reading Comprehension,4.12,False,True
100,Account Manager,13-1111.00,Science,1.88,True,False
100,Account Manager,13-1111.00,Speaking,4.0,False,True
100,Account Manager,13-1111.00,Writing,4.0,False,True
101,Hr Manager,11-3121.00,Active Learning,4.0,True,False
101,Hr Manager,11-3121.00,Active Listening,4.38,False,True
101,Hr Manager,11-3121.00,Critical Thinking,4.0,False,True
101,Hr Manager,11-3121.00,Learning Strategies,3.75,False,True
101,Hr Manager,11-3121.00,Mathematics,3.0,True,False
101,Hr Manager,11-3121.00,Monitoring,4.0,False,True
101,Hr Manager,11-3121.00,Reading Comprehension,4.25,False,True
101,Hr Manager,11-3121.00,Science,1.5,False,True
101,Hr Manager,11-3121.00,Speaking,4.25,True,False
101,Hr Manager,11-3121.00,Writing,4.12,True,False
102,Hr Executive,13-1111.00,Active Learning,3.25,False,True
102,Hr Executive,13-1111.00,Active Listening,4.12,False,True
102,Hr Executive,13-1111.00,Critical Thinking,4.12,False,True
102,Hr Executive,13-1111.00,Learning Strategies,3.0,False,True
102,Hr Executive,13-1111.00,Mathematics,3.0,True,False
102,Hr Executive,13-1111.00,Monitoring,3.88,False,True
102,Hr Executive,13-1111.00,Reading Comprehension,4.12,False,True
102,Hr Executive,13-1111.00,Science,1.88,True,False
102,Hr Executive,13-1111.00,Speaking,4.0,False,True
102,Hr Executive,13-1111.00,Writing,4.0,True,False
103,Account Manager,13-1111.00,Active Learning,3.25,True,False
103,Account Manager,13-1111.00,Active Listening,4.12,True,False
103,Account Manager,13-1111.00,Critical Thinking,4.12,False,True
103,Account Manager,13-1111.00,Learning Strategies,3.0,True,False
103,Account Manager,13-1111.00,Mathematics,3.0,True,False
103,Account Manager,13-1111.00,Monitoring,3.88,False,True
103,Account Manager,13-1111.00,Reading Comprehension,4.12,True,False
103,Account Manager,13-1111.00,Science,1.88,False,True
103,Account Manager,13-1111.00,Speaking,4.0,False,True
103,Account Manager,13-1111.00,Writing,4.0,False,True
104,Support Engineer,13-1111.00,Active Learning,3.25,True,False
104,Support Engineer,13-1111.00,Active Listening,4.12,False,True
104,Support Engineer,13-1111.00,Critical Thinking,4.12,True,False
104,Support Engineer,13-1111.00,Learning Strategies,3.0,False,True
104,Support Engineer,13-1111.00,Mathematics,3.0,False,True
104,Support Engineer,13-1111.00,Monitoring,3.88,True,False
104,Support Engineer,13-1111.00,Reading Comprehension,4.12,False,True
104,Support Engineer,13-1111.00,Science,1.88,True,False
104,Support Engineer,13-1111.00,Speaking,4.0,False,True
104,Support Engineer,13-1111.00,Writing,4.0,True,False
105,Seo Analyst,13-1161.00,Active Learning,3.75,False,True
105,Seo Analyst,13-1161.00,Active Listening,4.0,False,True
105,Seo Analyst,13-1161.00,Critical Thinking,4.0,False,True
105,Seo Analyst,13-1161.00,Learning Strategies,2.88,True,False
105,Seo Analyst,13-1161.00,Mathematics,3.12,True,False
105,Seo Analyst,13-1161.00,Monitoring,3.12,True,False
105,Seo Analyst,13-1161.00,Reading Comprehension,4.0,True,False
105,Seo Analyst,13-1161.00,Science,2.0,True,False
105,Seo Analyst,13-1161.00,Speaking,3.88,False,True
105,Seo Analyst,13-1161.00,Writing,4.0,False,True
106,Accountant,13-1111.00,Active Learning,3.25,False,True
106,Accountant,13-1111.00,Active Listening,4.12,True,False
106,Accountant,13-1111.00,Critical Thinking,4.12,False,True
106,Accountant,13-1111.00,Learning Strategies,3.0,False,True
106,Accountant,13-1111.00,Mathematics,3.0,False,True
106,Accountant,13-1111.00,Monitoring,3.88,True,False
106,Accountant,13-1111.00,Reading Comprehension,4.12,False,True
106,Accountant,13-1111.00,Science,1.88,True,False
106,Accountant,13-1111.00,Speaking,4.0,True,False
106,Accountant,13-1111.00,Writing,4.0,True,False
107,Developer,15-1252.00,Active Learning,3.5,False,True
107,Developer,15-1252.00,Active Listening,3.38,True,False
107,Developer,15-1252.00,Critical Thinking,3.88,True,False
107,Developer,15-1252.00,Learning Strategies,2.62,False,True
107,Developer,15-1252.00,Mathematics,2.75,False,True
107,Developer,15-1252.00,Monitoring,3.0,False,True
107,Developer,15-1252.00,Reading Comprehension,3.5,False,True
107,Developer,15-1252.00,Science,2.12,False,True
107,Developer,15-1252.00,Speaking,3.12,False,True
107,Developer,15-1252.00,Writing,3.25,True,False
108,Hr Executive,13-1111.00,Active Learning,3.25,False,True
108,Hr Executive,13-1111.00,Active Listening,4.12,False,True
108,Hr Executive,13-1111.00,Critical Thinking,4.12,True,False
108,Hr Executive,13-1111.00,Learning Strategies,3.0,True,False
108,Hr Executive,13-1111.00,Mathematics,3.0,False,True
108,Hr Executive,13-1111.00,Monitoring,3.88,False,True
108,Hr Executive,13-1111.00,Reading Comprehension,4.12,True,False
108,Hr Executive,13-1111.00,Science,1.88,False,True
108,Hr Executive,13-1111.00,Speaking,4.0,False,True
108,Hr Executive,13-1111.00,Writing,4.0,False,True
109,Support Engineer,13-1111.00,Active Learning,3.25,False,True
109,Support Engineer,13-1111.00,Active Listening,4.12,True,False
109,Support Engineer,13-1111.00,Critical Thinking,4.12,False,True
109,Support Engineer,13-1111.00,Learning Strategies,3.0,False,True
109,Support Engineer,13-1111.00,Mathematics,3.0,False,True
109,Support Engineer,13-1111.00,Monitoring,3.88,True,False
109,Support Engineer,13-1111.00,Reading Comprehension,4.12,False,True
109,Support Engineer,13-1111.00,Science,1.88,False,True
109,Support Engineer,13-1111.00,Speaking,4.0,False,True
109,Support Engineer,13-1111.00,Writing,4.0,True,False
110,Developer,15-1252.00,Active Learning,3.5,True,False
110,Developer,15-1252.00,Active Listening,3.38,False,True
110,Developer,15-1252.00,Critical Thinking,3.88,True,False
110,Developer,15-1252.00,Learning Strategies,2.62,False,True
110,Developer,15-1252.00,Mathematics,2.75,True,False
110,Developer,15-1252.00,Monitoring,3.0,False,True
110,Developer,15-1252.00,Reading Comprehension,3.5,False,True
110,Developer,15-1252.00,Science,2.12,False,True
110,Developer,15-1252.00,Speaking,3.12,True,False
110,Developer,15-1252.00,Writing,3.25,True,False
111,Helpdesk,13-1111.00,Active Learning,3.25,True,False
111,Helpdesk,13-1111.00,Active Listening,4.12,True,False
111,Helpdesk,13-1111.00,Critical Thinking,4.12,False,True
111,Helpdesk,13-1111.00,Learning Strategies,3.0,True,False
111,Helpdesk,13-1111.00,Mathematics,3.0,True,False
111,Helpdesk,13-1111.00,Monitoring,3.88,False,True
111,Helpdesk,13-1111.00,Reading Comprehension,4.12,False,True
111,Helpdesk,13-1111.00,Science,1.88,False,True
111,Helpdesk,13-1111.00,Speaking,4.0,False,True
111,Helpdesk,13-1111.00,Writing,4.0,True,False
112,Engineer,13-1111.00,Active Learning,3.25,True,False
112,Engineer,13-1111.00,Active Listening,4.12,True,False
112,Engineer,13-1111.00,Critical Thinking,4.12,False,True
112,Engineer,13-1111.00,Learning Strategies,3.0,False,True
112,Engineer,13-1111.00,Mathematics,3.0,False,True
112,Engineer,13-1111.00,Monitoring,3.88,False,True
112,Engineer,13-1111.00,Reading Comprehension,4.12,True,False
112,Engineer,13-1111.00,Science,1.88,False,True
112,Engineer,13-1111.00,Speaking,4.0,False,True
112,Engineer,13-1111.00,Writing,4.0,True,False
113,Developer,15-1252.00,Active Learning,3.5,False,True
113,Developer,15-1252.00,Active Listening,3.38,True,False
113,Developer,15-1252.00,Critical Thinking,3.88,False,True
113,Developer,15-1252.00,Learning Strategies,2.62,False,True
113,Developer,15-1252.00,Mathematics,2.75,False,True
113,Developer,15-1252.00,Monitoring,3.0,True,False
113,Developer,15-1252.00,Reading Comprehension,3.5,True,False
113,Developer,15-1252.00,Science,2.12,False,True
113,Developer,15-1252.00,Speaking,3.12,False,True
113,Developer,15-1252.00,Writing,3.25,False,True
114,Helpdesk,13-1111.00,Active Learning,3.25,True,False
114,Helpdesk,13-1111.00,Active Listening,4.12,False,True
114,Helpdesk,13-1111.00,Critical Thinking,4.12,False,True
114,Helpdesk,13-1111.00,Learning Strategies,3.0,True,False
114,Helpdesk,13-1111.00,Mathematics,3.0,True,False
114,Helpdesk,13-1111.00,Monitoring,3.88,False,True
114,Helpdesk,13-1111.00,Reading Comprehension,4.12,False,True
114,Helpdesk,13-1111.00,Science,1.88,False,True
114,Helpdesk,13-1111.00,Speaking,4.0,False,True
114,Helpdesk,13-1111.00,Writing,4.0,False,True
115,Account Manager,13-1111.00,Active Learning,3.25,True,False
115,Account Manager,13-1111.00,Active Listening,4.12,False,True
115,Account Manager,13-1111.00,Critical Thinking,4.12,False,True
115,Account Manager,13-1111.00,Learning Strategies,3.0,True,False
115,Account Manager,13-1111.00,Mathematics,3.0,False,True
115,Account Manager,13-1111.00,Monitoring,3.88,False,True
115,Account Manager,13-1111.00,Reading Comprehension,4.12,True,False
115,Account Manager,13-1111.00,Science,1.88,True,False
115,Account Manager,13-1111.00,Speaking,4.0,True,False
115,Account Manager,13-1111.00,Writing,4.0,False,True
116,Helpdesk,13-1111.00,Active Learning,3.25,False,True
116,Helpdesk,13-1111.00,Active Listening,4.12,False,True
116,Helpdesk,13-1111.00,Critical Thinking,4.12,False,True
116,Helpdesk,13-1111.00,Learning Strategies,3.0,False,True
116,Helpdesk,13-1111.00,Mathematics,3.0,True,False
116,Helpdesk,13-1111.00,Monitoring,3.88,True,False
116,Helpdesk,13-1111.00,Reading Comprehension,4.12,True,False
116,Helpdesk,13-1111.00,Science,1.88,False,True
116,Helpdesk,13-1111.00,Speaking,4.0,True,False
116,Helpdesk,13-1111.00,Writing,4.0,True,False
117,Seo Analyst,13-1161.00,Active Learning,3.75,True,False
117,Seo Analyst,13-1161.00,Active Listening,4.0,False,True
117,Seo Analyst,13-1161.00,Critical Thinking,4.0,True,False
117,Seo Analyst,13-1161.00,Learning Strategies,2.88,False,True
117,Seo Analyst,13-1161.00,Mathematics,3.12,False,True
117,Seo Analyst,13-1161.00,Monitoring,3.12,False,True
117,Seo Analyst,13-1161.00,Reading Comprehension,4.0,False,True
117,Seo Analyst,13-1161.00,Science,2.0,True,False
117,Seo Analyst,13-1161.00,Speaking,3.88,False,True
117,Seo Analyst,13-1161.00,Writing,4.0,False,True
118,Hr Executive,13-1111.00,Active Learning,3.25,False,True
118,Hr Executive,13-1111.00,Active Listening,4.12,False,True
118,Hr Executive,13-1111.00,Critical Thinking,4.12,False,True
118,Hr Executive,13-1111.00,Learning Strategies,3.0,True,False
118,Hr Executive,13-1111.00,Mathematics,3.0,True,False
118,Hr Executive,13-1111.00,Monitoring,3.88,False,True
118,Hr Executive,13-1111.00,Reading Comprehension,4.12,True,False
118,Hr Executive,13-1111.00,Science,1.88,True,False
118,Hr Executive,13-1111.00,Speaking,4.0,False,True
118,Hr Executive,13-1111.00,Writing,4.0,True,False
119,Auditor,13-2011.00,Active Learning,3.25,False,True
119,Auditor,13-2011.00,Active Listening,3.5,True,False
119,Auditor,13-2011.00,Critical Thinking,3.5,True,False
119,Auditor,13-2011.00,Learning Strategies,2.75,False,True
119,Auditor,13-2011.00,Mathematics,3.38,False,True
119,Auditor,13-2011.00,Monitoring,3.25,True,False
119,Auditor,13-2011.00,Reading Comprehension,3.88,False,True
119,Auditor,13-2011.00,Science,1.25,True,False
119,Auditor,13-2011.00,Speaking,3.38,True,False
119,Auditor,13-2011.00,Writing,3.5,False,True
120,Sales Executive,13-1111.00,Active Learning,3.25,True,False
120,Sales Executive,13-1111.00,Active Listening,4.12,True,False
120,Sales Executive,13-1111.00,Critical Thinking,4.12,False,True
120,Sales Executive,13-1111.00,Learning Strategies,3.0,True,False
120,Sales Executive,13-1111.00,Mathematics,3.0,False,True
120,Sales Executive,13-1111.00,Monitoring,3.88,False,True
120,Sales Executive,13-1111.00,Reading Comprehension,4.12,False,True
120,Sales Executive,13-1111.00,Science,1.88,True,False
120,Sales Executive,13-1111.00,Speaking,4.0,False,True
120,Sales Executive,13-1111.00,Writing,4.0,False,True
121,Developer,15-1252.00,Active Learning,3.5,False,True
121,Developer,15-1252.00,Active Listening,3.38,False,True
121,Developer,15-1252.00,Critical Thinking,3.88,True,False
121,Developer,15-1252.00,Learning Strategies,2.62,False,True
121,Developer,15-1252.00,Mathematics,2.75,False,True
121,Developer,15-1252.00,Monitoring,3.0,False,True
121,Developer,15-1252.00,Reading Comprehension,3.5,False,True
121,Developer,15-1252.00,Science,2.12,True,False
121,Developer,15-1252.00,Speaking,3.12,False,True
121,Developer,15-1252.00,Writing,3.25,True,False
122,Support Engineer,13-1111.00,Active Learning,3.25,False,True
122,Support Engineer,13-1111.00,Active Listening,4.12,False,True
122,Support Engineer,13-1111.00,Critical Thinking,4.12,False,True
122,Support Engineer,13-1111.00,Learning Strategies,3.0,True,False
122,Support Engineer,13-1111.00,Mathematics,3.0,True,False
122,Support Engineer,13-1111.00,Monitoring,3.88,False,True
122,Support Engineer,13-1111.00,Reading Comprehension,4.12,True,False
122,Support Engineer,13-1111.00,Science,1.88,False,True
122,Support Engineer,13-1111.00,Speaking,4.0,False,True
122,Support Engineer,13-1111.00,Writing,4.0,True,False
123,Auditor,13-2011.00,Active Learning,3.25,False,True
123,Auditor,13-2011.00,Active Listening,3.5,False,True
123,Auditor,13-2011.00,Critical Thinking,3.5,True,False
123,Auditor,13-2011.00,Learning Strategies,2.75,True,False
123,Auditor,13-2011.00,Mathematics,3.38,False,True
123,Auditor,13-2011.00,Monitoring,3.25,False,True
123,Auditor,13-2011.00,Reading Comprehension,3.88,True,False
123,Auditor,13-2011.00,Science,1.25,False,True
123,Auditor,13-2011.00,Speaking,3.38,False,True
123,Auditor,13-2011.00,Writing,3.5,False,True
124,Engineer,13-1111.00,Active Learning,3.25,True,False
124,Engineer,13-1111.00,Active Listening,4.12,False,True
124,Engineer,13-1111.00,Critical Thinking,4.12,False,True
124,Engineer,13-1111.00,Learning Strategies,3.0,False,True
124,Engineer,13-1111.00,Mathematics,3.0,False,True
124,Engineer,13-1111.00,Monitoring,3.88,True,False
124,Engineer,13-1111.00,Reading Comprehension,4.12,False,True
124,Engineer,13-1111.00,Science,1.88,True,False
124,Engineer,13-1111.00,Speaking,4.0,True,False
124,Engineer,13-1111.00,Writing,4.0,True,False
125,Accountant,13-1111.00,Active Learning,3.25,True,False
125,Accountant,13-1111.00,Active Listening,4.12,True,False
125,Accountant,13-1111.00,Critical Thinking,4.12,False,True
125,Accountant,13-1111.00,Learning Strategies,3.0,True,False
125,Accountant,13-1111.00,Mathematics,3.0,False,True
125,Accountant,13-1111.00,Monitoring,3.88,False,True
125,Accountant,13-1111.00,Reading Comprehension,4.12,True,False
125,Accountant,13-1111.00,Science,1.88,True,False
125,Accountant,13-1111.00,Speaking,4.0,False,True
125,Accountant,13-1111.00,Writing,4.0,False,True
126,Developer,15-1252.00,Active Learning,3.5,True,False
126,Developer,15-1252.00,Active Listening,3.38,True,False
126,Developer,15-1252.00,Critical Thinking,3.88,False,True
126,Developer,15-1252.00,Learning Strategies,2.62,False,True
126,Developer,15-1252.00,Mathematics,2.75,True,False
126,Developer,15-1252.00,Monitoring,3.0,False,True
126,Developer,15-1252.00,Reading Comprehension,3.5,False,True
126,Developer,15-1252.00,Science,2.12,False,True
126,Developer,15-1252.00,Speaking,3.12,False,True
126,Developer,15-1252.00,Writing,3.25,True,False
127,Sales Executive,13-1111.00,Active Learning,3.25,False,True
127,Sales Executive,13-1111.00,Active Listening,4.12,False,True
127,Sales Executive,13-1111.00,Critical Thinking,4.12,False,True
127,Sales Executive,13-1111.00,Learning Strategies,3.0,True,False
127,Sales Executive,13-1111.00,Mathematics,3.0,False,True
127,Sales Executive,13-1111.00,Monitoring,3.88,True,False
127,Sales Executive,13-1111.00,Reading Comprehension,4.12,False,True
127,Sales Executive,13-1111.00,Science,1.88,False,True
127,Sales Executive,13-1111.00,Speaking,4.0,False,True
127,Sales Executive,13-1111.00,Writing,4.0,True,False
128,Hr Executive,13-1111.00,Active Learning,3.25,True,False
128,Hr Executive,13-1111.00,Active Listening,4.12,False,True
128,Hr Executive,13-1111.00,Critical Thinking,4.12,True,False
128,Hr Executive,13-1111.00,Learning Strategies,3.0,True,False
128,Hr Executive,13-1111.00,Mathematics,3.0,True,False
128,Hr Executive,13-1111.00,Monitoring,3.88,False,True
128,Hr Executive,13-1111.00,Reading Comprehension,4.12,False,True
128,Hr Executive,13-1111.00,Science,1.88,False,True
128,Hr Executive,13-1111.00,Speaking,4.0,False,True
128,Hr Executive,13-1111.00,Writing,4.0,True,False
129,Support Engineer,13-1111.00,Active Learning,3.25,False,True
129,Support Engineer,13-1111.00,Active Listening,4.12,False,True
129,Support Engineer,13-1111.00,Critical Thinking,4.12,False,True
129,Support Engineer,13-1111.00,Learning Strategies,3.0,False,True
129,Support Engineer,13-1111.00,Mathematics,3.0,True,False
129,Support Engineer,13-1111.00,Monitoring,3.88,True,False
129,Support Engineer,13-1111.00,Reading Comprehension,4.12,True,False
129,Support Engineer,13-1111.00,Science,1.88,False,True
129,Support Engineer,13-1111.00,Speaking,4.0,True,False
129,Support Engineer,13-1111.00,Writing,4.0,False,True
130,Tester,13-1111.00,Active Learning,3.25,False,True
130,Tester,13-1111.00,Active Listening,4.12,True,False
130,Tester,13-1111.00,Critical Thinking,4.12,False,True
130,Tester,13-1111.00,Learning Strategies,3.0,False,True
130,Tester,13-1111.00,Mathematics,3.0,False,True
130,Tester,13-1111.00,Monitoring,3.88,True,False
130,Tester,13-1111.00,Reading Comprehension,4.12,True,False
130,Tester,13-1111.00,Science,1.88,False,True
130,Tester,13-1111.00,Speaking,4.0,True,False
130,Tester,13-1111.00,Writing,4.0,False,True
131,Helpdesk,13-1111.00,Active Learning,3.25,False,True
131,Helpdesk,13-1111.00,Active Listening,4.12,False,True
131,Helpdesk,13-1111.00,Critical Thinking,4.12,True,False
131,Helpdesk,13-1111.00,Learning Strategies,3.0,True,False
131,Helpdesk,13-1111.00,Mathematics,3.0,False,True
131,Helpdesk,13-1111.00,Monitoring,3.88,False,True
131,Helpdesk,13-1111.00,Reading Comprehension,4.12,False,True
131,Helpdesk,13-1111.00,Science,1.88,False,True
131,Helpdesk,13-1111.00,Speaking,4.0,True,False
131,Helpdesk,13-1111.00,Writing,4.0,False,True
132,Hr Executive,13-1111.00,Active Learning,3.25,False,True
132,Hr Executive,13-1111.00,Active Listening,4.12,False,True
132,Hr Executive,13-1111.00,Critical Thinking,4.12,True,False
132,Hr Executive,13-1111.00,Learning Strategies,3.0,False,True
132,Hr Executive,13-1111.00,Mathematics,3.0,False,True
132,Hr Executive,13-1111.00,Monitoring,3.88,True,False
132,Hr Executive,13-1111.00,Reading Comprehension,4.12,False,True
132,Hr Executive,13-1111.00,Science,1.88,True,False
132,Hr Executive,13-1111.00,Speaking,4.0,True,False
132,Hr Executive,13-1111.00,Writing,4.0,False,True
133,Auditor,13-2011.00,Active Learning,3.25,False,True
133,Auditor,13-2011.00,Active Listening,3.5,True,False
133,Auditor,13-2011.00,Critical Thinking,3.5,False,True
133,Auditor,13-2011.00,Learning Strategies,2.75,False,True
133,Auditor,13-2011.00,Mathematics,3.38,True,False
133,Auditor,13-2011.00,Monitoring,3.25,False,True
133,Auditor,13-2011.00,Reading Comprehension,3.88,True,False
133,Auditor,13-2011.00,Science,1.25,False,True
133,Auditor,13-2011.00,Speaking,3.38,True,False
133,Auditor,13-2011.00,Writing,3.5,False,True
134,Hr Manager,11-3121.00,Active Learning,4.0,True,False
134,Hr Manager,11-3121.00,Active Listening,4.38,False,True
134,Hr Manager,11-3121.00,Critical Thinking,4.0,False,True
134,Hr Manager,11-3121.00,Learning Strategies,3.75,False,True
134,Hr Manager,11-3121.00,Mathematics,3.0,False,True
134,Hr Manager,11-3121.00,Monitoring,4.0,True,False
134,Hr Manager,11-3121.00,Reading Comprehension,4.25,False,True
134,Hr Manager,11-3121.00,Science,1.5,True,False
134,Hr Manager,11-3121.00,Speaking,4.25,True,False
134,Hr Manager,11-3121.00,Writing,4.12,False,True
135,Content Lead,13-1111.00,Active Learning,3.25,False,True
135,Content Lead,13-1111.00,Active Listening,4.12,True,False
135,Content Lead,13-1111.00,Critical Thinking,4.12,False,True
135,Content Lead,13-1111.00,Learning Strategies,3.0,False,True
135,Content Lead,13-1111.00,Mathematics,3.0,True,False
135,Content Lead,13-1111.00,Monitoring,3.88,False,True
135,Content Lead,13-1111.00,Reading Comprehension,4.12,True,False
135,Content Lead,13-1111.00,Science,1.88,True,False
135,Content Lead,13-1111.00,Speaking,4.0,False,True
135,Content Lead,13-1111.00,Writing,4.0,True,False
136,Seo Analyst,13-1161.00,Active Learning,3.75,True,False
136,Seo Analyst,13-1161.00,Active Listening,4.0,False,True
136,Seo Analyst,13-1161.00,Critical Thinking,4.0,True,False
136,Seo Analyst,13-1161.00,Learning Strategies,2.88,False,True
136,Seo Analyst,13-1161.00,Mathematics,3.12,False,True
136,Seo Analyst,13-1161.00,Monitoring,3.12,True,False
136,Seo Analyst,13-1161.00,Reading Comprehension,4.0,False,True
136,Seo Analyst,13-1161.00,Science,2.0,False,True
136,Seo Analyst,13-1161.00,Speaking,3.88,True,False
136,Seo Analyst,13-1161.00,Writing,4.0,False,True
137,Auditor,13-2011.00,Active Learning,3.25,True,False
137,Auditor,13-2011.00,Active Listening,3.5,False,True
137,Auditor,13-2011.00,Critical Thinking,3.5,True,False
137,Auditor,13-2011.00,Learning Strategies,2.75,False,True
137,Auditor,13-2011.00,Mathematics,3.38,True,False
137,Auditor,13-2011.00,Monitoring,3.25,False,True
137,Auditor,13-2011.00,Reading Comprehension,3.88,False,True
137,Auditor,13-2011.00,Science,1.25,False,True
137,Auditor,13-2011.00,Speaking,3.38,False,True
137,Auditor,13-2011.00,Writing,3.5,False,True
138,Engineer,13-1111.00,Active Learning,3.25,True,False
138,Engineer,13-1111.00,Active Listening,4.12,True,False
138,Engineer,13-1111.00,Critical Thinking,4.12,False,True
138,Engineer,13-1111.00,Learning Strategies,3.0,False,True
138,Engineer,13-1111.00,Mathematics,3.0,False,True
138,Engineer,13-1111.00,Monitoring,3.88,False,True
138,Engineer,13-1111.00,Reading Comprehension,4.12,True,False
138,Engineer,13-1111.00,Science,1.88,False,True
138,Engineer,13-1111.00,Speaking,4.0,False,True
138,Engineer,13-1111.00,Writing,4.0,False,True
139,Developer,15-1252.00,Active Learning,3.5,False,True
139,Developer,15-1252.00,Active Listening,3.38,False,True
139,Developer,15-1252.00,Critical Thinking,3.88,False,True
139,Developer,15-1252.00,Learning Strategies,2.62,False,True
139,Developer,15-1252.00,Mathematics,2.75,False,True
139,Developer,15-1252.00,Monitoring,3.0,False,True
139,Developer,15-1252.00,Reading Comprehension,3.5,True,False
139,Developer,15-1252.00,Science,2.12,False,True
139,Developer,15-1252.00,Speaking,3.12,True,False
139,Developer,15-1252.00,Writing,3.25,True,False
140,Account Manager,13-1111.00,Active Learning,3.25,False,True
140,Account Manager,13-1111.00,Active Listening,4.12,True,False
140,Account Manager,13-1111.00,Critical Thinking,4.12,False,True
140,Account Manager,13-1111.00,Learning Strategies,3.0,True,False
140,Account Manager,13-1111.00,Mathematics,3.0,False,True
140,Account Manager,13-1111.00,Monitoring,3.88,True,False
140,Account Manager,13-1111.00,Reading Comprehension,4.12,True,False
140,Account Manager,13-1111.00,Science,1.88,False,True
140,Account Manager,13-1111.00,Speaking,4.0,True,False
140,Account Manager,13-1111.00,Writing,4.0,False,True
141,Tester,13-1111.00,Active Learning,3.25,False,True
141,Tester,13-1111.00,Active Listening,4.12,True,False
141,Tester,13-1111.00,Critical Thinking,4.12,False,True
141,Tester,13-1111.00,Learning Strategies,3.0,False,True
141,Tester,13-1111.00,Mathematics,3.0,False,True
141,Tester,13-1111.00,Monitoring,3.88,True,False
141,Tester,13-1111.00,Reading Comprehension,4.12,True,False
141,Tester,13-1111.00,Science,1.88,True,False
141,Tester,13-1111.00,Speaking,4.0,False,True
141,Tester,13-1111.00,Writing,4.0,False,True
142,Account Manager,13-1111.00,Active Learning,3.25,False,True
142,Account Manager,13-1111.00,Active Listening,4.12,True,False
142,Account Manager,13-1111.00,Critical Thinking,4.12,False,True
142,Account Manager,13-1111.00,Learning Strategies,3.0,False,True
142,Account Manager,13-1111.00,Mathematics,3.0,False,True
142,Account Manager,13-1111.00,Monitoring,3.88,False,True
142,Account Manager,13-1111.00,Reading Comprehension,4.12,False,True
142,Account Manager,13-1111.00,Science,1.88,True,False
142,Account Manager,13-1111.00,Speaking,4.0,True,False
142,Account Manager,13-1111.00,Writing,4.0,True,False
143,Helpdesk,13-1111.00,Active Learning,3.25,True,False
143,Helpdesk,13-1111.00,Active Listening,4.12,False,True
143,Helpdesk,13-1111.00,Critical Thinking,4.12,True,False
143,Helpdesk,13-1111.00,Learning Strategies,3.0,True,False
143,Helpdesk,13-1111.00,Mathematics,3.0,False,True
143,Helpdesk,13-1111.00,Monitoring,3.88,True,False
143,Helpdesk,13-1111.00,Reading Comprehension,4.12,False,True
143,Helpdesk,13-1111.00,Science,1.88,False,True
143,Helpdesk,13-1111.00,Speaking,4.0,False,True
143,Helpdesk,13-1111.00,Writing,4.0,True,False
144,Account Manager,13-1111.00,Active Learning,3.25,False,True
144,Account Manager,13-1111.00,Active Listening,4.12,True,False
144,Account Manager,13-1111.00,Critical Thinking,4.12,True,False
144,Account Manager,13-1111.00,Learning Strategies,3.0,True,False
144,Account Manager,13-1111.00,Mathematics,3.0,False,True
144,Account Manager,13-1111.00,Monitoring,3.88,False,True
144,Account Manager,13-1111.00,Reading Comprehension,4.12,False,True
144,Account Manager,13-1111.00,Science,1.88,True,False
144,Account Manager,13-1111.00,Speaking,4.0,False,True
144,Account Manager,13-1111.00,Writing,4.0,False,True
145,Support Engineer,13-1111.00,Active Learning,3.25,True,False
145,Support Engineer,13-1111.00,Active Listening,4.12,True,False
145,Support Engineer,13-1111.00,Critical Thinking,4.12,True,False
145,Support Engineer,13-1111.00,Learning Strategies,3.0,False,True
145,Support Engineer,13-1111.00,Mathematics,3.0,False,True
145,Support Engineer,13-1111.00,Monitoring,3.88,True,False
145,Support Engineer,13-1111.00,Reading Comprehension,4.12,False,True
145,Support Engineer,13-1111.00,Science,1.88,False,True
145,Support Engineer,13-1111.00,Speaking,4.0,True,False
145,Support Engineer,13-1111.00,Writing,4.0,False,True
146,Hr Manager,11-3121.00,Active Learning,4.0,False,True
146,Hr Manager,11-3121.00,Active Listening,4.38,False,True
146,Hr Manager,11-3121.00,Critical Thinking,4.0,False,True
146,Hr Manager,11-3121.00,Learning Strategies,3.75,True,False
146,Hr Manager,11-3121.00,Mathematics,3.0,True,False
146,Hr Manager,11-3121.00,Monitoring,4.0,False,True
146,Hr Manager,11-3121.00,Reading Comprehension,4.25,False,True
146,Hr Manager,11-3121.00,Science,1.5,False,True
146,Hr Manager,11-3121.00,Speaking,4.25,False,True
146,Hr Manager,11-3121.00,Writing,4.12,True,False
147,Account Manager,13-1111.00,Active Learning,3.25,False,True
147,Account Manager,13-1111.00,Active Listening,4.12,True,False
147,Account Manager,13-1111.00,Critical Thinking,4.12,True,False
147,Account Manager,13-1111.00,Learning Strategies,3.0,False,True
147,Account Manager,13-1111.00,Mathematics,3.0,False,True
147,Account Manager,13-1111.00,Monitoring,3.88,False,True
147,Account Manager,13-1111.00,Reading Comprehension,4.12,True,False
147,Account Manager,13-1111.00,Science,1.88,True,False
147,Account Manager,13-1111.00,Speaking,4.0,False,True
147,Account Manager,13-1111.00,Writing,4.0,False,True
148,Account Manager,13-1111.00,Active Learning,3.25,False,True
148,Account Manager,13-1111.00,Active Listening,4.12,False,True
148,Account Manager,13-1111.00,Critical Thinking,4.12,True,False
148,Account Manager,13-1111.00,Learning Strategies,3.0,False,True
148,Account Manager,13-1111.00,Mathematics,3.0,True,False
148,Account Manager,13-1111.00,Monitoring,3.88,True,False
148,Account Manager,13-1111.00,Reading Comprehension,4.12,False,True
148,Account Manager,13-1111.00,Science,1.88,True,False
148,Account Manager,13-1111.00,Speaking,4.0,False,True
148,Account Manager,13-1111.00,Writing,4.0,False,True
149,Support Engineer,13-1111.00,Active Learning,3.25,False,True
149,Support Engineer,13-1111.00,Active Listening,4.12,False,True
149,Support Engineer,13-1111.00,Critical Thinking,4.12,True,False
149,Support Engineer,13-1111.00,Learning Strategies,3.0,False,True
149,Support Engineer,13-1111.00,Mathematics,3.0,False,True
149,Support Engineer,13-1111.00,Monitoring,3.88,False,True
149,Support Engineer,13-1111.00,Reading Comprehension,4.12,True,False
149,Support Engineer,13-1111.00,Science,1.88,True,False
149,Support Engineer,13-1111.00,Speaking,4.0,False,True
149,Support Engineer,13-1111.00,Writing,4.0,False,True
150,Content Lead,13-1111.00,Active Learning,3.25,True,False
150,Content Lead,13-1111.00,Active Listening,4.12,True,False
150,Content Lead,13-1111.00,Critical Thinking,4.12,True,False
150,Content Lead,13-1111.00,Learning Strategies,3.0,False,True
150,Content Lead,13-1111.00,Mathematics,3.0,False,True
150,Content Lead,13-1111.00,Monitoring,3.88,False,True
150,Content Lead,13-1111.00,Reading Comprehension,4.12,False,True
150,Content Lead,13-1111.00,Science,1.88,True,False
150,Content Lead,13-1111.00,Speaking,4.0,True,False
150,Content Lead,13-1111.00,Writing,4.0,False,True
151,Hr Executive,13-1111.00,Active Learning,3.25,True,False
151,Hr Executive,13-1111.00,Active Listening,4.12,True,False
151,Hr Executive,13-1111.00,Critical Thinking,4.12,False,True
151,Hr Executive,13-1111.00,Learning Strategies,3.0,False,True
151,Hr Executive,13-1111.00,Mathematics,3.0,True,False
151,Hr Executive,13-1111.00,Monitoring,3.88,False,True
151,Hr Executive,13-1111.00,Reading Comprehension,4.12,True,False
151,Hr Executive,13-1111.00,Science,1.88,True,False
151,Hr Executive,13-1111.00,Speaking,4.0,False,True
151,Hr Executive,13-1111.00,Writing,4.0,False,True
152,Account Manager,13-1111.00,Active Learning,3.25,False,True
152,Account Manager,13-1111.00,Active Listening,4.12,False,True
152,Account Manager,13-1111.00,Critical Thinking,4.12,True,False
152,Account Manager,13-1111.00,Learning Strategies,3.0,True,False
152,Account Manager,13-1111.00,Mathematics,3.0,False,True
152,Account Manager,13-1111.00,Monitoring,3.88,True,False
152,Account Manager,13-1111.00,Reading Comprehension,4.12,False,True
152,Account Manager,13-1111.00,Science,1.88,True,False
152,Account Manager,13-1111.00,Speaking,4.0,False,True
152,Account Manager,13-1111.00,Writing,4.0,True,False
153,Tester,13-1111.00,Active Learning,3.25,True,False
153,Tester,13-1111.00,Active Listening,4.12,False,True
153,Tester,13-1111.00,Critical Thinking,4.12,False,True
153,Tester,13-1111.00,Learning Strategies,3.0,True,False
153,Tester,13-1111.00,Mathematics,3.0,True,False
153,Tester,13-1111.00,Monitoring,3.88,True,False
153,Tester,13-1111.00,Reading Comprehension,4.12,True,False
153,Tester,13-1111.00,Science,1.88,False,True
153,Tester,13-1111.00,Speaking,4.0,False,True
153,Tester,13-1111.00,Writing,4.0,False,True
154,Seo Analyst,13-1161.00,Active Learning,3.75,True,False
154,Seo Analyst,13-1161.00,Active Listening,4.0,True,False
154,Seo Analyst,13-1161.00,Critical Thinking,4.0,True,False
154,Seo Analyst,13-1161.00,Learning Strategies,2.88,False,True
154,Seo Analyst,13-1161.00,Mathematics,3.12,False,True
154,Seo Analyst,13-1161.00,Monitoring,3.12,False,True
154,Seo Analyst,13-1161.00,Reading Comprehension,4.0,False,True
154,Seo Analyst,13-1161.00,Science,2.0,False,True
154,Seo Analyst,13-1161.00,Speaking,3.88,False,True
154,Seo Analyst,13-1161.00,Writing,4.0,False,True
155,Hr Executive,13-1111.00,Active Learning,3.25,False,True
155,Hr Executive,13-1111.00,Active Listening,4.12,False,True
155,Hr Executive,13-1111.00,Critical Thinking,4.12,True,False
155,Hr Executive,13-1111.00,Learning Strategies,3.0,False,True
155,Hr Executive,13-1111.00,Mathematics,3.0,False,True
155,Hr Executive,13-1111.00,Monitoring,3.88,False,True
155,Hr Executive,13-1111.00,Reading Comprehension,4.12,True,False
155,Hr Executive,13-1111.00,Science,1.88,False,True
155,Hr Executive,13-1111.00,Speaking,4.0,True,False
155,Hr Executive,13-1111.00,Writing,4.0,True,False
156,Developer,15-1252.00,Active Learning,3.5,True,False
156,Developer,15-1252.00,Active Listening,3.38,False,True
156,Developer,15-1252.00,Critical Thinking,3.88,False,True
156,Developer,15-1252.00,Learning Strategies,2.62,True,False
156,Developer,15-1252.00,Mathematics,2.75,True,False
156,Developer,15-1252.00,Monitoring,3.0,False,True
156,Developer,15-1252.00,Reading Comprehension,3.5,False,True
156,Developer,15-1252.00,Science,2.12,True,False
156,Developer,15-1252.00,Speaking,3.12,False,True
156,Developer,15-1252.00,Writing,3.25,False,True
157,Hr Executive,13-1111.00,Active Learning,3.25,True,False
157,Hr Executive,13-1111.00,Active Listening,4.12,True,False
157,Hr Executive,13-1111.00,Critical Thinking,4.12,False,True
157,Hr Executive,13-1111.00,Learning Strategies,3.0,False,True
157,Hr Executive,13-1111.00,Mathematics,3.0,False,True
157,Hr Executive,13-1111.00,Monitoring,3.88,True,False
157,Hr Executive,13-1111.00,Reading Comprehension,4.12,False,True
157,Hr Executive,13-1111.00,Science,1.88,True,False
157,Hr Executive,13-1111.00,Speaking,4.0,False,True
157,Hr Executive,13-1111.00,Writing,4.0,False,True
158,Content Lead,13-1111.00,Active Learning,3.25,True,False
158,Content Lead,13-1111.00,Active Listening,4.12,False,True
158,Content Lead,13-1111.00,Critical Thinking,4.12,False,True
158,Content Lead,13-1111.00,Learning Strategies,3.0,True,False
158,Content Lead,13-1111.00,Mathematics,3.0,False,True
158,Content Lead,13-1111.00,Monitoring,3.88,True,False
158,Content Lead,13-1111.00,Reading Comprehension,4.12,True,False
158,Content Lead,13-1111.00,Science,1.88,False,True
158,Content Lead,13-1111.00,Speaking,4.0,False,True
158,Content Lead,13-1111.00,Writing,4.0,True,False
159,Support Engineer,13-1111.00,Active Learning,3.25,True,False
159,Support Engineer,13-1111.00,Active Listening,4.12,True,False
159,Support Engineer,13-1111.00,Critical Thinking,4.12,False,True
159,Support Engineer,13-1111.00,Learning Strategies,3.0,False,True
159,Support Engineer,13-1111.00,Mathematics,3.0,False,True
159,Support Engineer,13-1111.00,Monitoring,3.88,False,True
159,Support Engineer,13-1111.00,Reading Comprehension,4.12,True,False
159,Support Engineer,13-1111.00,Science,1.88,False,True
159,Support Engineer,13-1111.00,Speaking,4.0,True,False
159,Support Engineer,13-1111.00,Writing,4.0,False,True
160,Sales Executive,13-1111.00,Active Learning,3.25,False,True
160,Sales Executive,13-1111.00,Active Listening,4.12,False,True
160,Sales Executive,13-1111.00,Critical Thinking,4.12,True,False
160,Sales Executive,13-1111.00,Learning Strategies,3.0,False,True
160,Sales Executive,13-1111.00,Mathematics,3.0,True,False
160,Sales Executive,13-1111.00,Monitoring,3.88,False,True
160,Sales Executive,13-1111.00,Reading Comprehension,4.12,False,True
160,Sales Executive,13-1111.00,Science,1.88,True,False
160,Sales Executive,13-1111.00,Speaking,4.0,False,True
160,Sales Executive,13-1111.00,Writing,4.0,False,True
161,Helpdesk,13-1111.00,Active Learning,3.25,True,False
161,Helpdesk,13-1111.00,Active Listening,4.12,False,True
161,Helpdesk,13-1111.00,Critical Thinking,4.12,False,True
161,Helpdesk,13-1111.00,Learning Strategies,3.0,False,True
161,Helpdesk,13-1111.00,Mathematics,3.0,True,False
161,Helpdesk,13-1111.00,Monitoring,3.88,False,True
161,Helpdesk,13-1111.00,Reading Comprehension,4.12,False,True
161,Helpdesk,13-1111.00,Science,1.88,True,False
161,Helpdesk,13-1111.00,Speaking,4.0,True,False
161,Helpdesk,13-1111.00,Writing,4.0,False,True
162,Accountant,13-1111.00,Active Learning,3.25,True,False
162,Accountant,13-1111.00,Active Listening,4.12,False,True
162,Accountant,13-1111.00,Critical Thinking,4.12,False,True
162,Accountant,13-1111.00,Learning Strategies,3.0,False,True
162,Accountant,13-1111.00,Mathematics,3.0,False,True
162,Accountant,13-1111.00,Monitoring,3.88,False,True
162,Accountant,13-1111.00,Reading Comprehension,4.12,False,True
162,Accountant,13-1111.00,Science,1.88,False,True
162,Accountant,13-1111.00,Speaking,4.0,True,False
162,Accountant,13-1111.00,Writing,4.0,True,False
163,Hr Executive,13-1111.00,Active Learning,3.25,False,True
163,Hr Executive,13-1111.00,Active Listening,4.12,True,False
163,Hr Executive,13-1111.00,Critical Thinking,4.12,True,False
163,Hr Executive,13-1111.00,Learning Strategies,3.0,False,True
163,Hr Executive,13-1111.00,Mathematics,3.0,False,True
163,Hr Executive,13-1111.00,Monitoring,3.88,False,True
163,Hr Executive,13-1111.00,Reading Comprehension,4.12,False,True
163,Hr Executive,13-1111.00,Science,1.88,True,False
163,Hr Executive,13-1111.00,Speaking,4.0,False,True
163,Hr Executive,13-1111.00,Writing,4.0,True,False
164,Hr Manager,11-3121.00,Active Learning,4.0,False,True
164,Hr Manager,11-3121.00,Active Listening,4.38,True,False
164,Hr Manager,11-3121.00,Critical Thinking,4.0,False,True
164,Hr Manager,11-3121.00,Learning Strategies,3.75,False,True
164,Hr Manager,11-3121.00,Mathematics,3.0,False,True
164,Hr Manager,11-3121.00,Monitoring,4.0,False,True
164,Hr Manager,11-3121.00,Reading Comprehension,4.25,True,False
164,Hr Manager,11-3121.00,Science,1.5,False,True
164,Hr Manager,11-3121.00,Speaking,4.25,False,True
164,Hr Manager,11-3121.00,Writing,4.12,True,False
165,Tester,13-1111.00,Active Learning,3.25,False,True
165,Tester,13-1111.00,Active Listening,4.12,True,False
165,Tester,13-1111.00,Critical Thinking,4.12,True,False
165,Tester,13-1111.00,Learning Strategies,3.0,True,False
165,Tester,13-1111.00,Mathematics,3.0,False,True
165,Tester,13-1111.00,Monitoring,3.88,False,True
165,Tester,13-1111.00,Reading Comprehension,4.12,False,True
165,Tester,13-1111.00,Science,1.88,False,True
165,Tester,13-1111.00,Speaking,4.0,False,True
165,Tester,13-1111.00,Writing,4.0,False,True
166,Tester,13-1111.00,Active Learning,3.25,False,True
166,Tester,13-1111.00,Active Listening,4.12,False,True
166,Tester,13-1111.00,Critical Thinking,4.12,True,False
166,Tester,13-1111.00,Learning Strategies,3.0,False,True
166,Tester,13-1111.00,Mathematics,3.0,False,True
166,Tester,13-1111.00,Monitoring,3.88,False,True
166,Tester,13-1111.00,Reading Comprehension,4.12,False,True
166,Tester,13-1111.00,Science,1.88,False,True
166,Tester,13-1111.00,Speaking,4.0,True,False
166,Tester,13-1111.00,Writing,4.0,True,False
167,Hr Manager,11-3121.00,Active Learning,4.0,False,True
167,Hr Manager,11-3121.00,Active Listening,4.38,False,True
167,Hr Manager,11-3121.00,Critical Thinking,4.0,True,False
167,Hr Manager,11-3121.00,Learning Strategies,3.75,True,False
167,Hr Manager,11-3121.00,Mathematics,3.0,True,False
167,Hr Manager,11-3121.00,Monitoring,4.0,False,True
167,Hr Manager,11-3121.00,Reading Comprehension,4.25,False,True
167,Hr Manager,11-3121.00,Science,1.5,False,True
167,Hr Manager,11-3121.00,Speaking,4.25,False,True
167,Hr Manager,11-3121.00,Writing,4.12,False,True
168,Hr Executive,13-1111.00,Active Learning,3.25,False,True
168,Hr Executive,13-1111.00,Active Listening,4.12,True,False
168,Hr Executive,13-1111.00,Critical Thinking,4.12,True,False
168,Hr Executive,13-1111.00,Learning Strategies,3.0,True,False
168,Hr Executive,13-1111.00,Mathematics,3.0,True,False
168,Hr Executive,13-1111.00,Monitoring,3.88,False,True
168,Hr Executive,13-1111.00,Reading Comprehension,4.12,False,True
168,Hr Executive,13-1111.00,Science,1.88,False,True
168,Hr Executive,13-1111.00,Speaking,4.0,True,False
168,Hr Executive,13-1111.00,Writing,4.0,False,True
169,Support Engineer,13-1111.00,Active Learning,3.25,False,True
169,Support Engineer,13-1111.00,Active Listening,4.12,False,True
169,Support Engineer,13-1111.00,Critical Thinking,4.12,False,True
169,Support Engineer,13-1111.00,Learning Strategies,3.0,True,False
169,Support Engineer,13-1111.00,Mathematics,3.0,False,True
169,Support Engineer,13-1111.00,Monitoring,3.88,False,True
169,Support Engineer,13-1111.00,Reading Comprehension,4.12,False,True
169,Support Engineer,13-1111.00,Science,1.88,True,False
169,Support Engineer,13-1111.00,Speaking,4.0,False,True
169,Support Engineer,13-1111.00,Writing,4.0,True,False
170,Account Manager,13-1111.00,Active Learning,3.25,False,True
170,Account Manager,13-1111.00,Active Listening,4.12,False,True
170,Account Manager,13-1111.00,Critical Thinking,4.12,False,True
170,Account Manager,13-1111.00,Learning Strategies,3.0,True,False
170,Account Manager,13-1111.00,Mathematics,3.0,True,False
170,Account Manager,13-1111.00,Monitoring,3.88,True,False
170,Account Manager,13-1111.00,Reading Comprehension,4.12,False,True
170,Account Manager,13-1111.00,Science,1.88,False,True
170,Account Manager,13-1111.00,Speaking,4.0,True,False
170,Account Manager,13-1111.00,Writing,4.0,True,False
171,Seo Analyst,13-1161.00,Active Learning,3.75,False,True
171,Seo Analyst,13-1161.00,Active Listening,4.0,False,True
171,Seo Analyst,13-1161.00,Critical Thinking,4.0,True,False
171,Seo Analyst,13-1161.00,Learning Strategies,2.88,False,True
171,Seo Analyst,13-1161.00,Mathematics,3.12,False,True
171,Seo Analyst,13-1161.00,Monitoring,3.12,True,False
171,Seo Analyst,13-1161.00,Reading Comprehension,4.0,True,False
171,Seo Analyst,13-1161.00,Science,2.0,False,True
171,Seo Analyst,13-1161.00,Speaking,3.88,True,False
171,Seo Analyst,13-1161.00,Writing,4.0,True,False
172,Hr Manager,11-3121.00,Active Learning,4.0,True,False
172,Hr Manager,11-3121.00,Active Listening,4.38,True,False
172,Hr Manager,11-3121.00,Critical Thinking,4.0,False,True
172,Hr Manager,11-3121.00,Learning Strategies,3.75,False,True
172,Hr Manager,11-3121.00,Mathematics,3.0,True,False
172,Hr Manager,11-3121.00,Monitoring,4.0,False,True
172,Hr Manager,11-3121.00,Reading Comprehension,4.25,True,False
172,Hr Manager,11-3121.00,Science,1.5,False,True
172,Hr Manager,11-3121.00,Speaking,4.25,False,True
172,Hr Manager,11-3121.00,Writing,4.12,False,True
173,Support Engineer,13-1111.00,Active Learning,3.25,True,False
173,Support Engineer,13-1111.00,Active Listening,4.12,False,True
173,Support Engineer,13-1111.00,Critical Thinking,4.12,False,True
173,Support Engineer,13-1111.00,Learning Strategies,3.0,False,True
173,Support Engineer,13-1111.00,Mathematics,3.0,True,False
173,Support Engineer,13-1111.00,Monitoring,3.88,False,True
173,Support Engineer,13-1111.00,Reading Comprehension,4.12,False,True
173,Support Engineer,13-1111.00,Science,1.88,False,True
173,Support Engineer,13-1111.00,Speaking,4.0,True,False
173,Support Engineer,13-1111.00,Writing,4.0,False,True
174,Content Lead,13-1111.00,Active Learning,3.25,False,True
174,Content Lead,13-1111.00,Active Listening,4.12,True,False
174,Content Lead,13-1111.00,Critical Thinking,4.12,False,True
174,Content Lead,13-1111.00,Learning Strategies,3.0,False,True
174,Content Lead,13-1111.00,Mathematics,3.0,False,True
174,Content Lead,13-1111.00,Monitoring,3.88,True,False
174,Content Lead,13-1111.00,Reading Comprehension,4.12,False,True
174,Content Lead,13-1111.00,Science,1.88,True,False
174,Content Lead,13-1111.00,Speaking,4.0,True,False
174,Content Lead,13-1111.00,Writing,4.0,True,False
175,Seo Analyst,13-1161.00,Active Learning,3.75,True,False
175,Seo Analyst,13-1161.00,Active Listening,4.0,False,True
175,Seo Analyst,13-1161.00,Critical Thinking,4.0,False,True
175,Seo Analyst,13-1161.00,Learning Strategies,2.88,False,True
175,Seo Analyst,13-1161.00,Mathematics,3.12,False,True
175,Seo Analyst,13-1161.00,Monitoring,3.12,True,False
175,Seo Analyst,13-1161.00,Reading Comprehension,4.0,False,True
175,Seo Analyst,13-1161.00,Science,2.0,True,False
175,Seo Analyst,13-1161.00,Speaking,3.88,True,False
175,Seo Analyst,13-1161.00,Writing,4.0,False,True
176,Helpdesk,13-1111.00,Active Learning,3.25,True,False
176,Helpdesk,13-1111.00,Active Listening,4.12,False,True
176,Helpdesk,13-1111.00,Critical Thinking,4.12,True,False
176,Helpdesk,13-1111.00,Learning Strategies,3.0,True,False
176,Helpdesk,13-1111.00,Mathematics,3.0,False,True
176,Helpdesk,13-1111.00,Monitoring,3.88,False,True
176,Helpdesk,13-1111.00,Reading Comprehension,4.12,False,True
176,Helpdesk,13-1111.00,Science,1.88,False,True
176,Helpdesk,13-1111.00,Speaking,4.0,False,True
176,Helpdesk,13-1111.00,Writing,4.0,False,True
177,Helpdesk,13-1111.00,Active Learning,3.25,True,False
177,Helpdesk,13-1111.00,Active Listening,4.12,True,False
177,Helpdesk,13-1111.00,Critical Thinking,4.12,True,False
177,Helpdesk,13-1111.00,Learning Strategies,3.0,False,True
177,Helpdesk,13-1111.00,Mathematics,3.0,True,False
177,Helpdesk,13-1111.00,Monitoring,3.88,False,True
177,Helpdesk,13-1111.00,Reading Comprehension,4.12,False,True
177,Helpdesk,13-1111.00,Science,1.88,False,True
177,Helpdesk,13-1111.00,Speaking,4.0,False,True
177,Helpdesk,13-1111.00,Writing,4.0,True,False
178,Account Manager,13-1111.00,Active Learning,3.25,True,False
178,Account Manager,13-1111.00,Active Listening,4.12,True,False
178,Account Manager,13-1111.00,Critical Thinking,4.12,True,False
178,Account Manager,13-1111.00,Learning Strategies,3.0,False,True
178,Account Manager,13-1111.00,Mathematics,3.0,False,True
178,Account Manager,13-1111.00,Monitoring,3.88,False,True
178,Account Manager,13-1111.00,Reading Comprehension,4.12,False,True
178,Account Manager,13-1111.00,Science,1.88,True,False
178,Account Manager,13-1111.00,Speaking,4.0,True,False
178,Account Manager,13-1111.00,Writing,4.0,False,True
179,Seo Analyst,13-1161.00,Active Learning,3.75,True,False
179,Seo Analyst,13-1161.00,Active Listening,4.0,False,True
179,Seo Analyst,13-1161.00,Critical Thinking,4.0,False,True
179,Seo Analyst,13-1161.00,Learning Strategies,2.88,True,False
179,Seo Analyst,13-1161.00,Mathematics,3.12,False,True
179,Seo Analyst,13-1161.00,Monitoring,3.12,True,False
179,Seo Analyst,13-1161.00,Reading Comprehension,4.0,True,False
179,Seo Analyst,13-1161.00,Science,2.0,False,True
179,Seo Analyst,13-1161.00,Speaking,3.88,True,False
179,Seo Analyst,13-1161.00,Writing,4.0,False,True
180,Helpdesk,13-1111.00,Active Learning,3.25,False,True
180,Helpdesk,13-1111.00,Active Listening,4.12,False,True
180,Helpdesk,13-1111.00,Critical Thinking,4.12,False,True
180,Helpdesk,13-1111.00,Learning Strategies,3.0,True,False
180,Helpdesk,13-1111.00,Mathematics,3.0,False,True
180,Helpdesk,13-1111.00,Monitoring,3.88,True,False
180,Helpdesk,13-1111.00,Reading Comprehension,4.12,True,False
180,Helpdesk,13-1111.00,Science,1.88,False,True
180,Helpdesk,13-1111.00,Speaking,4.0,False,True
180,Helpdesk,13-1111.00,Writing,4.0,False,True
181,Helpdesk,13-1111.00,Active Learning,3.25,False,True
181,Helpdesk,13-1111.00,Active Listening,4.12,False,True
181,Helpdesk,13-1111.00,Critical Thinking,4.12,False,True
181,Helpdesk,13-1111.00,Learning Strategies,3.0,True,False
181,Helpdesk,13-1111.00,Mathematics,3.0,True,False
181,Helpdesk,13-1111.00,Monitoring,3.88,True,False
181,Helpdesk,13-1111.00,Reading Comprehension,4.12,False,True
181,Helpdesk,13-1111.00,Science,1.88,True,False
181,Helpdesk,13-1111.00,Speaking,4.0,False,True
181,Helpdesk,13-1111.00,Writing,4.0,False,True
182,Support Engineer,13-1111.00,Active Learning,3.25,True,False
182,Support Engineer,13-1111.00,Active Listening,4.12,False,True
182,Support Engineer,13-1111.00,Critical Thinking,4.12,False,True
182,Support Engineer,13-1111.00,Learning Strategies,3.0,False,True
182,Support Engineer,13-1111.00,Mathematics,3.0,True,False
182,Support Engineer,13-1111.00,Monitoring,3.88,False,True
182,Support Engineer,13-1111.00,Reading Comprehension,4.12,False,True
182,Support Engineer,13-1111.00,Science,1.88,True,False
182,Support Engineer,13-1111.00,Speaking,4.0,False,True
182,Support Engineer,13-1111.00,Writing,4.0,True,False
183,Account Manager,13-1111.00,Active Learning,3.25,False,True
183,Account Manager,13-1111.00,Active Listening,4.12,False,True
183,Account Manager,13-1111.00,Critical Thinking,4.12,False,True
183,Account Manager,13-1111.00,Learning Strategies,3.0,False,True
183,Account Manager,13-1111.00,Mathematics,3.0,True,False
183,Account Manager,13-1111.00,Monitoring,3.88,True,False
183,Account Manager,13-1111.00,Reading Comprehension,4.12,True,False
183,Account Manager,13-1111.00,Science,1.88,False,True
183,Account Manager,13-1111.00,Speaking,4.0,False,True
183,Account Manager,13-1111.00,Writing,4.0,False,True
184,Auditor,13-2011.00,Active Learning,3.25,True,False
184,Auditor,13-2011.00,Active Listening,3.5,False,True
184,Auditor,13-2011.00,Critical Thinking,3.5,False,True
184,Auditor,13-2011.00,Learning Strategies,2.75,False,True
184,Auditor,13-2011.00,Mathematics,3.38,True,False
184,Auditor,13-2011.00,Monitoring,3.25,False,True
184,Auditor,13-2011.00,Reading Comprehension,3.88,False,True
184,Auditor,13-2011.00,Science,1.25,False,True
184,Auditor,13-2011.00,Speaking,3.38,True,False
184,Auditor,13-2011.00,Writing,3.5,False,True
185,Sales Executive,13-1111.00,Active Learning,3.25,False,True
185,Sales Executive,13-1111.00,Active Listening,4.12,True,False
185,Sales Executive,13-1111.00,Critical Thinking,4.12,False,True
185,Sales Executive,13-1111.00,Learning Strategies,3.0,True,False
185,Sales Executive,13-1111.00,Mathematics,3.0,False,True
185,Sales Executive,13-1111.00,Monitoring,3.88,False,True
185,Sales Executive,13-1111.00,Reading Comprehension,4.12,True,False
185,Sales Executive,13-1111.00,Science,1.88,True,False
185,Sales Executive,13-1111.00,Speaking,4.0,True,False
185,Sales Executive,13-1111.00,Writing,4.0,False,True
186,Developer,15-1252.00,Active Learning,3.5,False,True
186,Developer,15-1252.00,Active Listening,3.38,True,False
186,Developer,15-1252.00,Critical Thinking,3.88,True,False
186,Developer,15-1252.00,Learning Strategies,2.62,False,True
186,Developer,15-1252.00,Mathematics,2.75,False,True
186,Developer,15-1252.00,Monitoring,3.0,True,False
186,Developer,15-1252.00,Reading Comprehension,3.5,False,True
186,Developer,15-1252.00,Science,2.12,False,True
186,Developer,15-1252.00,Speaking,3.12,True,False
186,Developer,15-1252.00,Writing,3.25,False,True
187,Support Engineer,13-1111.00,Active Learning,3.25,False,True
187,Support Engineer,13-1111.00,Active Listening,4.12,True,False
187,Support Engineer,13-1111.00,Critical Thinking,4.12,True,False
187,Support Engineer,13-1111.00,Learning Strategies,3.0,False,True
187,Support Engineer,13-1111.00,Mathematics,3.0,False,True
187,Support Engineer,13-1111.00,Monitoring,3.88,True,False
187,Support Engineer,13-1111.00,Reading Comprehension,4.12,False,True
187,Support Engineer,13-1111.00,Science,1.88,True,False
187,Support Engineer,13-1111.00,Speaking,4.0,False,True
187,Support Engineer,13-1111.00,Writing,4.0,False,True
188,Support Engineer,13-1111.00,Active Learning,3.25,True,False
188,Support Engineer,13-1111.00,Active Listening,4.12,True,False
188,Support Engineer,13-1111.00,Critical Thinking,4.12,False,True
188,Support Engineer,13-1111.00,Learning Strategies,3.0,True,False
188,Support Engineer,13-1111.00,Mathematics,3.0,False,True
188,Support Engineer,13-1111.00,Monitoring,3.88,True,False
188,Support Engineer,13-1111.00,Reading Comprehension,4.12,True,False
188,Support Engineer,13-1111.00,Science,1.88,False,True
188,Support Engineer,13-1111.00,Speaking,4.0,False,True
188,Support Engineer,13-1111.00,Writing,4.0,False,True
189,Accountant,13-1111.00,Active Learning,3.25,True,False
189,Accountant,13-1111.00,Active Listening,4.12,False,True
189,Accountant,13-1111.00,Critical Thinking,4.12,False,True
189,Accountant,13-1111.00,Learning Strategies,3.0,True,False
189,Accountant,13-1111.00,Mathematics,3.0,False,True
189,Accountant,13-1111.00,Monitoring,3.88,False,True
189,Accountant,13-1111.00,Reading Comprehension,4.12,True,False
189,Accountant,13-1111.00,Science,1.88,True,False
189,Accountant,13-1111.00,Speaking,4.0,False,True
189,Accountant,13-1111.00,Writing,4.0,False,True
190,Auditor,13-2011.00,Active Learning,3.25,True,False
190,Auditor,13-2011.00,Active Listening,3.5,False,True
190,Auditor,13-2011.00,Critical Thinking,3.5,False,True
190,Auditor,13-2011.00,Learning Strategies,2.75,False,True
190,Auditor,13-2011.00,Mathematics,3.38,True,False
190,Auditor,13-2011.00,Monitoring,3.25,False,True
190,Auditor,13-2011.00,Reading Comprehension,3.88,False,True
190,Auditor,13-2011.00,Science,1.25,False,True
190,Auditor,13-2011.00,Speaking,3.38,False,True
190,Auditor,13-2011.00,Writing,3.5,True,False
191,Hr Executive,13-1111.00,Active Learning,3.25,True,False
191,Hr Executive,13-1111.00,Active Listening,4.12,False,True
191,Hr Executive,13-1111.00,Critical Thinking,4.12,True,False
191,Hr Executive,13-1111.00,Learning Strategies,3.0,False,True
191,Hr Executive,13-1111.00,Mathematics,3.0,False,True
191,Hr Executive,13-1111.00,Monitoring,3.88,False,True
191,Hr Executive,13-1111.00,Reading Comprehension,4.12,False,True
191,Hr Executive,13-1111.00,Science,1.88,True,False
191,Hr Executive,13-1111.00,Speaking,4.0,True,False
191,Hr Executive,13-1111.00,Writing,4.0,True,False
192,Engineer,13-1111.00,Active Learning,3.25,False,True
192,Engineer,13-1111.00,Active Listening,4.12,True,False
192,Engineer,13-1111.00,Critical Thinking,4.12,False,True
192,Engineer,13-1111.00,Learning Strategies,3.0,True,False
192,Engineer,13-1111.00,Mathematics,3.0,False,True
192,Engineer,13-1111.00,Monitoring,3.88,False,True
192,Engineer,13-1111.00,Reading Comprehension,4.12,True,False
192,Engineer,13-1111.00,Science,1.88,True,False
192,Engineer,13-1111.00,Speaking,4.0,False,True
192,Engineer,13-1111.00,Writing,4.0,False,True
193,Support Engineer,13-1111.00,Active Learning,3.25,False,True
193,Support Engineer,13-1111.00,Active Listening,4.12,True,False
193,Support Engineer,13-1111.00,Critical Thinking,4.12,False,True
193,Support Engineer,13-1111.00,Learning Strategies,3.0,False,True
193,Support Engineer,13-1111.00,Mathematics,3.0,False,True
193,Support Engineer,13-1111.00,Monitoring,3.88,False,True
193,Support Engineer,13-1111.00,Reading Comprehension,4.12,True,False
193,Support Engineer,13-1111.00,Science,1.88,True,False
193,Support Engineer,13-1111.00,Speaking,4.0,True,False
193,Support Engineer,13-1111.00,Writing,4.0,False,True
194,Auditor,13-2011.00,Active Learning,3.25,True,False
194,Auditor,13-2011.00,Active Listening,3.5,False,True
194,Auditor,13-2011.00,Critical Thinking,3.5,False,True
194,Auditor,13-2011.00,Learning Strategies,2.75,True,False
194,Auditor,13-2011.00,Mathematics,3.38,True,False
194,Auditor,13-2011.00,Monitoring,3.25,False,True
194,Auditor,13-2011.00,Reading Comprehension,3.88,False,True
194,Auditor,13-2011.00,Science,1.25,True,False
194,Auditor,13-2011.00,Speaking,3.38,True,False
194,Auditor,13-2011.00,Writing,3.5,False,True
195,Helpdesk,13-1111.00,Active Learning,3.25,True,False
195,Helpdesk,13-1111.00,Active Listening,4.12,True,False
195,Helpdesk,13-1111.00,Critical Thinking,4.12,False,True
195,Helpdesk,13-1111.00,Learning Strategies,3.0,False,True
195,Helpdesk,13-1111.00,Mathematics,3.0,False,True
195,Helpdesk,13-1111.00,Monitoring,3.88,True,False
195,Helpdesk,13-1111.00,Reading Comprehension,4.12,False,True
195,Helpdesk,13-1111.00,Science,1.88,False,True
195,Helpdesk,13-1111.00,Speaking,4.0,True,False
195,Helpdesk,13-1111.00,Writing,4.0,False,True
196,Hr Manager,11-3121.00,Active Learning,4.0,True,False
196,Hr Manager,11-3121.00,Active Listening,4.38,False,True
196,Hr Manager,11-3121.00,Critical Thinking,4.0,True,False
196,Hr Manager,11-3121.00,Learning Strategies,3.75,False,True
196,Hr Manager,11-3121.00,Mathematics,3.0,True,False
196,Hr Manager,11-3121.00,Monitoring,4.0,True,False
196,Hr Manager,11-3121.00,Reading Comprehension,4.25,False,True
196,Hr Manager,11-3121.00,Science,1.5,False,True
196,Hr Manager,11-3121.00,Speaking,4.25,False,True
196,Hr Manager,11-3121.00,Writing,4.12,False,True
197,Hr Executive,13-1111.00,Active Learning,3.25,False,True
197,Hr Executive,13-1111.00,Active Listening,4.12,False,True
197,Hr Executive,13-1111.00,Critical Thinking,4.12,False,True
197,Hr Executive,13-1111.00,Learning Strategies,3.0,False,True
197,Hr Executive,13-1111.00,Mathematics,3.0,True,False
197,Hr Executive,13-1111.00,Monitoring,3.88,True,False
197,Hr Executive,13-1111.00,Reading Comprehension,4.12,False,True
197,Hr Executive,13-1111.00,Science,1.88,True,False
197,Hr Executive,13-1111.00,Speaking,4.0,False,True
197,Hr Executive,13-1111.00,Writing,4.0,True,False
198,Accountant,13-1111.00,Active Learning,3.25,False,True
198,Accountant,13-1111.00,Active Listening,4.12,True,False
198,Accountant,13-1111.00,Critical Thinking,4.12,False,True
198,Accountant,13-1111.00,Learning Strategies,3.0,True,False
198,Accountant,13-1111.00,Mathematics,3.0,False,True
198,Accountant,13-1111.00,Monitoring,3.88,False,True
198,Accountant,13-1111.00,Reading Comprehension,4.12,False,True
198,Accountant,13-1111.00,Science,1.88,False,True
198,Accountant,13-1111.00,Speaking,4.0,False,True
198,Accountant,13-1111.00,Writing,4.0,True,False
199,Tester,13-1111.00,Active Learning,3.25,False,True
199,Tester,13-1111.00,Active Listening,4.12,False,True
199,Tester,13-1111.00,Critical Thinking,4.12,True,False
199,Tester,13-1111.00,Learning Strategies,3.0,False,True
199,Tester,13-1111.00,Mathematics,3.0,False,True
199,Tester,13-1111.00,Monitoring,3.88,True,False
199,Tester,13-1111.00,Reading Comprehension,4.12,True,False
199,Tester,13-1111.00,Science,1.88,False,True
199,Tester,13-1111.00,Speaking,4.0,True,False
199,Tester,13-1111.00,Writing,4.0,False,True
200,Engineer,13-1111.00,Active Learning,3.25,True,False
200,Engineer,13-1111.00,Active Listening,4.12,False,True
200,Engineer,13-1111.00,Critical Thinking,4.12,False,True
200,Engineer,13-1111.00,Learning Strategies,3.0,False,True
200,Engineer,13-1111.00,Mathematics,3.0,False,True
200,Engineer,13-1111.00,Monitoring,3.88,True,False
200,Engineer,13-1111.00,Reading Comprehension,4.12,False,True
200,Engineer,13-1111.00,Science,1.88,True,False
200,Engineer,13-1111.00,Speaking,4.0,False,True
200,Engineer,13-1111.00,Writing,4.0,False,True
201,Accountant,13-1111.00,Active Learning,3.25,False,True
201,Accountant,13-1111.00,Active Listening,4.12,False,True
201,Accountant,13-1111.00,Critical Thinking,4.12,True,False
201,Accountant,13-1111.00,Learning Strategies,3.0,False,True
201,Accountant,13-1111.00,Mathematics,3.0,True,False
201,Accountant,13-1111.00,Monitoring,3.88,True,False
201,Accountant,13-1111.00,Reading Comprehension,4.12,False,True
201,Accountant,13-1111.00,Science,1.88,False,True
201,Accountant,13-1111.00,Speaking,4.0,False,True
201,Accountant,13-1111.00,Writing,4.0,False,True
202,Accountant,13-1111.00,Active Learning,3.25,True,False
202,Accountant,13-1111.00,Active Listening,4.12,True,False
202,Accountant,13-1111.00,Critical Thinking,4.12,True,False
202,Accountant,13-1111.00,Learning Strategies,3.0,True,False
202,Accountant,13-1111.00,Mathematics,3.0,True,False
202,Accountant,13-1111.00,Monitoring,3.88,False,True
202,Accountant,13-1111.00,Reading Comprehension,4.12,False,True
202,Accountant,13-1111.00,Science,1.88,False,True
202,Accountant,13-1111.00,Speaking,4.0,False,True
202,Accountant,13-1111.00,Writing,4.0,False,True
203,Seo Analyst,13-1161.00,Active Learning,3.75,True,False
203,Seo Analyst,13-1161.00,Active Listening,4.0,True,False
203,Seo Analyst,13-1161.00,Critical Thinking,4.0,False,True
203,Seo Analyst,13-1161.00,Learning Strategies,2.88,False,True
203,Seo Analyst,13-1161.00,Mathematics,3.12,False,True
203,Seo Analyst,13-1161.00,Monitoring,3.12,True,False
203,Seo Analyst,13-1161.00,Reading Comprehension,4.0,False,True
203,Seo Analyst,13-1161.00,Science,2.0,False,True
203,Seo Analyst,13-1161.00,Speaking,3.88,False,True
203,Seo Analyst,13-1161.00,Writing,4.0,False,True
204,Hr Executive,13-1111.00,Active Learning,3.25,True,False
204,Hr Executive,13-1111.00,Active Listening,4.12,False,True
204,Hr Executive,13-1111.00,Critical Thinking,4.12,False,True
204,Hr Executive,13-1111.00,Learning Strategies,3.0,True,False
204,Hr Executive,13-1111.00,Mathematics,3.0,False,True
204,Hr Executive,13-1111.00,Monitoring,3.88,False,True
204,Hr Executive,13-1111.00,Reading Comprehension,4.12,False,True
204,Hr Executive,13-1111.00,Science,1.88,True,False
204,Hr Executive,13-1111.00,Speaking,4.0,True,False
204,Hr Executive,13-1111.00,Writing,4.0,False,True
205,Content Lead,13-1111.00,Active Learning,3.25,True,False
205,Content Lead,13-1111.00,Active Listening,4.12,True,False
205,Content Lead,13-1111.00,Critical Thinking,4.12,False,True
205,Content Lead,13-1111.00,Learning Strategies,3.0,True,False
205,Content Lead,13-1111.00,Mathematics,3.0,False,True
205,Content Lead,13-1111.00,Monitoring,3.88,False,True
205,Content Lead,13-1111.00,Reading Comprehension,4.12,False,True
205,Content Lead,13-1111.00,Science,1.88,False,True
205,Content Lead,13-1111.00,Speaking,4.0,True,False
205,Content Lead,13-1111.00,Writing,4.0,False,True
206,Sales Executive,13-1111.00,Active Learning,3.25,True,False
206,Sales Executive,13-1111.00,Active Listening,4.12,False,True
206,Sales Executive,13-1111.00,Critical Thinking,4.12,False,True
206,Sales Executive,13-1111.00,Learning Strategies,3.0,False,True
206,Sales Executive,13-1111.00,Mathematics,3.0,False,True
206,Sales Executive,13-1111.00,Monitoring,3.88,False,True
206,Sales Executive,13-1111.00,Reading Comprehension,4.12,True,False
206,Sales Executive,13-1111.00,Science,1.88,True,False
206,Sales Executive,13-1111.00,Speaking,4.0,False,True
206,Sales Executive,13-1111.00,Writing,4.0,False,True
207,Helpdesk,13-1111.00,Active Learning,3.25,True,False
207,Helpdesk,13-1111.00,Active Listening,4.12,False,True
207,Helpdesk,13-1111.00,Critical Thinking,4.12,False,True
207,Helpdesk,13-1111.00,Learning Strategies,3.0,False,True
207,Helpdesk,13-1111.00,Mathematics,3.0,False,True
207,Helpdesk,13-1111.00,Monitoring,3.88,True,False
207,Helpdesk,13-1111.00,Reading Comprehension,4.12,False,True
207,Helpdesk,13-1111.00,Science,1.88,True,False
207,Helpdesk,13-1111.00,Speaking,4.0,False,True
207,Helpdesk,13-1111.00,Writing,4.0,True,False
208,Support Engineer,13-1111.00,Active Learning,3.25,True,False
208,Support Engineer,13-1111.00,Active Listening,4.12,False,True
208,Support Engineer,13-1111.00,Critical Thinking,4.12,False,True
208,Support Engineer,13-1111.00,Learning Strategies,3.0,False,True
208,Support Engineer,13-1111.00,Mathematics,3.0,False,True
208,Support Engineer,13-1111.00,Monitoring,3.88,True,False
208,Support Engineer,13-1111.00,Reading Comprehension,4.12,True,False
208,Support Engineer,13-1111.00,Science,1.88,False,True
208,Support Engineer,13-1111.00,Speaking,4.0,False,True
208,Support Engineer,13-1111.00,Writing,4.0,False,True
209,Account Manager,13-1111.00,Active Learning,3.25,False,True
209,Account Manager,13-1111.00,Active Listening,4.12,False,True
209,Account Manager,13-1111.00,Critical Thinking,4.12,False,True
209,Account Manager,13-1111.00,Learning Strategies,3.0,False,True
209,Account Manager,13-1111.00,Mathematics,3.0,False,True
209,Account Manager,13-1111.00,Monitoring,3.88,True,False
209,Account Manager,13-1111.00,Reading Comprehension,4.12,True,False
209,Account Manager,13-1111.00,Science,1.88,True,False
209,Account Manager,13-1111.00,Speaking,4.0,False,True
209,Account Manager,13-1111.00,Writing,4.0,True,False
210,Sales Executive,13-1111.00,Active Learning,3.25,False,True
210,Sales Executive,13-1111.00,Active Listening,4.12,False,True
210,Sales Executive,13-1111.00,Critical Thinking,4.12,True,False
210,Sales Executive,13-1111.00,Learning Strategies,3.0,False,True
210,Sales Executive,13-1111.00,Mathematics,3.0,True,False
210,Sales Executive,13-1111.00,Monitoring,3.88,True,False
210,Sales Executive,13-1111.00,Reading Comprehension,4.12,False,True
210,Sales Executive,13-1111.00,Science,1.88,True,False
210,Sales Executive,13-1111.00,Speaking,4.0,False,True
210,Sales Executive,13-1111.00,Writing,4.0,False,True
211,Auditor,13-2011.00,Active Learning,3.25,True,False
211,Auditor,13-2011.00,Active Listening,3.5,True,False
211,Auditor,13-2011.00,Critical Thinking,3.5,False,True
211,Auditor,13-2011.00,Learning Strategies,2.75,False,True
211,Auditor,13-2011.00,Mathematics,3.38,True,False
211,Auditor,13-2011.00,Monitoring,3.25,True,False
211,Auditor,13-2011.00,Reading Comprehension,3.88,False,True
211,Auditor,13-2011.00,Science,1.25,False,True
211,Auditor,13-2011.00,Speaking,3.38,False,True
211,Auditor,13-2011.00,Writing,3.5,False,True
212,Account Manager,13-1111.00,Active Learning,3.25,False,True
212,Account Manager,13-1111.00,Active Listening,4.12,True,False
212,Account Manager,13-1111.00,Critical Thinking,4.12,False,True
212,Account Manager,13-1111.00,Learning Strategies,3.0,False,True
212,Account Manager,13-1111.00,Mathematics,3.0,False,True
212,Account Manager,13-1111.00,Monitoring,3.88,True,False
212,Account Manager,13-1111.00,Reading Comprehension,4.12,True,False
212,Account Manager,13-1111.00,Science,1.88,False,True
212,Account Manager,13-1111.00,Speaking,4.0,False,True
212,Account Manager,13-1111.00,Writing,4.0,True,False
213,Sales Executive,13-1111.00,Active Learning,3.25,True,False
213,Sales Executive,13-1111.00,Active Listening,4.12,False,True
213,Sales Executive,13-1111.00,Critical Thinking,4.12,False,True
213,Sales Executive,13-1111.00,Learning Strategies,3.0,False,True
213,Sales Executive,13-1111.00,Mathematics,3.0,False,True
213,Sales Executive,13-1111.00,Monitoring,3.88,True,False
213,Sales Executive,13-1111.00,Reading Comprehension,4.12,True,False
213,Sales Executive,13-1111.00,Science,1.88,False,True
213,Sales Executive,13-1111.00,Speaking,4.0,False,True
213,Sales Executive,13-1111.00,Writing,4.0,False,True
214,Account Manager,13-1111.00,Active Learning,3.25,False,True
214,Account Manager,13-1111.00,Active Listening,4.12,False,True
214,Account Manager,13-1111.00,Critical Thinking,4.12,True,False
214,Account Manager,13-1111.00,Learning Strategies,3.0,False,True
214,Account Manager,13-1111.00,Mathematics,3.0,True,False
214,Account Manager,13-1111.00,Monitoring,3.88,False,True
214,Account Manager,13-1111.00,Reading Comprehension,4.12,True,False
214,Account Manager,13-1111.00,Science,1.88,False,True
214,Account Manager,13-1111.00,Speaking,4.0,False,True
214,Account Manager,13-1111.00,Writing,4.0,True,False
215,Hr Manager,11-3121.00,Active Learning,4.0,False,True
215,Hr Manager,11-3121.00,Active Listening,4.38,False,True
215,Hr Manager,11-3121.00,Critical Thinking,4.0,False,True
215,Hr Manager,11-3121.00,Learning Strategies,3.75,True,False
215,Hr Manager,11-3121.00,Mathematics,3.0,True,False
215,Hr Manager,11-3121.00,Monitoring,4.0,False,True
215,Hr Manager,11-3121.00,Reading Comprehension,4.25,True,False
215,Hr Manager,11-3121.00,Science,1.5,False,True
215,Hr Manager,11-3121.00,Speaking,4.25,False,True
215,Hr Manager,11-3121.00,Writing,4.12,False,True
216,Seo Analyst,13-1161.00,Active Learning,3.75,True,False
216,Seo Analyst,13-1161.00,Active Listening,4.0,True,False
216,Seo Analyst,13-1161.00,Critical Thinking,4.0,False,True
216,Seo Analyst,13-1161.00,Learning Strategies,2.88,False,True
216,Seo Analyst,13-1161.00,Mathematics,3.12,False,True
216,Seo Analyst,13-1161.00,Monitoring,3.12,True,False
216,Seo Analyst,13-1161.00,Reading Comprehension,4.0,False,True
216,Seo Analyst,13-1161.00,Science,2.0,True,False
216,Seo Analyst,13-1161.00,Speaking,3.88,True,False
216,Seo Analyst,13-1161.00,Writing,4.0,False,True
217,Engineer,13-1111.00,Active Learning,3.25,True,False
217,Engineer,13-1111.00,Active Listening,4.12,False,True
217,Engineer,13-1111.00,Critical Thinking,4.12,False,True
217,Engineer,13-1111.00,Learning Strategies,3.0,True,False
217,Engineer,13-1111.00,Mathematics,3.0,True,False
217,Engineer,13-1111.00,Monitoring,3.88,False,True
217,Engineer,13-1111.00,Reading Comprehension,4.12,True,False
217,Engineer,13-1111.00,Science,1.88,True,False
217,Engineer,13-1111.00,Speaking,4.0,False,True
217,Engineer,13-1111.00,Writing,4.0,False,True
218,Developer,15-1252.00,Active Learning,3.5,False,True
218,Developer,15-1252.00,Active Listening,3.38,False,True
218,Developer,15-1252.00,Critical Thinking,3.88,False,True
218,Developer,15-1252.00,Learning Strategies,2.62,True,False
218,Developer,15-1252.00,Mathematics,2.75,True,False
218,Developer,15-1252.00,Monitoring,3.0,False,True
218,Developer,15-1252.00,Reading Comprehension,3.5,False,True
218,Developer,15-1252.00,Science,2.12,False,True
218,Developer,15-1252.00,Speaking,3.12,True,False
218,Developer,15-1252.00,Writing,3.25,False,True
219,Auditor,13-2011.00,Active Learning,3.25,False,True
219,Auditor,13-2011.00,Active Listening,3.5,False,True
219,Auditor,13-2011.00,Critical Thinking,3.5,False,True
219,Auditor,13-2011.00,Learning Strategies,2.75,False,True
219,Auditor,13-2011.00,Mathematics,3.38,True,False
219,Auditor,13-2011.00,Monitoring,3.25,True,False
219,Auditor,13-2011.00,Reading Comprehension,3.88,False,True
219,Auditor,13-2011.00,Science,1.25,True,False
219,Auditor,13-2011.00,Speaking,3.38,True,False
219,Auditor,13-2011.00,Writing,3.5,True,False
220,Support Engineer,13-1111.00,Active Learning,3.25,True,False
220,Support Engineer,13-1111.00,Active Listening,4.12,True,False
220,Support Engineer,13-1111.00,Critical Thinking,4.12,False,True
220,Support Engineer,13-1111.00,Learning Strategies,3.0,False,True
220,Support Engineer,13-1111.00,Mathematics,3.0,True,False
220,Support Engineer,13-1111.00,Monitoring,3.88,False,True
220,Support Engineer,13-1111.00,Reading Comprehension,4.12,False,True
220,Support Engineer,13-1111.00,Science,1.88,True,False
220,Support Engineer,13-1111.00,Speaking,4.0,False,True
220,Support Engineer,13-1111.00,Writing,4.0,True,False
221,Sales Executive,13-1111.00,Active Learning,3.25,False,True
221,Sales Executive,13-1111.00,Active Listening,4.12,True,False
221,Sales Executive,13-1111.00,Critical Thinking,4.12,False,True
221,Sales Executive,13-1111.00,Learning Strategies,3.0,True,False
221,Sales Executive,13-1111.00,Mathematics,3.0,False,True
221,Sales Executive,13-1111.00,Monitoring,3.88,False,True
221,Sales Executive,13-1111.00,Reading Comprehension,4.12,True,False
221,Sales Executive,13-1111.00,Science,1.88,False,True
221,Sales Executive,13-1111.00,Speaking,4.0,False,True
221,Sales Executive,13-1111.00,Writing,4.0,False,True
222,Content Lead,13-1111.00,Active Learning,3.25,True,False
222,Content Lead,13-1111.00,Active Listening,4.12,False,True
222,Content Lead,13-1111.00,Critical Thinking,4.12,True,False
222,Content Lead,13-1111.00,Learning Strategies,3.0,False,True
222,Content Lead,13-1111.00,Mathematics,3.0,False,True
222,Content Lead,13-1111.00,Monitoring,3.88,True,False
222,Content Lead,13-1111.00,Reading Comprehension,4.12,True,False
222,Content Lead,13-1111.00,Science,1.88,False,True
222,Content Lead,13-1111.00,Speaking,4.0,True,False
222,Content Lead,13-1111.00,Writing,4.0,False,True
223,Hr Executive,13-1111.00,Active Learning,3.25,True,False
223,Hr Executive,13-1111.00,Active Listening,4.12,True,False
223,Hr Executive,13-1111.00,Critical Thinking,4.12,True,False
223,Hr Executive,13-1111.00,Learning Strategies,3.0,False,True
223,Hr Executive,13-1111.00,Mathematics,3.0,False,True
223,Hr Executive,13-1111.00,Monitoring,3.88,False,True
223,Hr Executive,13-1111.00,Reading Comprehension,4.12,False,True
223,Hr Executive,13-1111.00,Science,1.88,False,True
223,Hr Executive,13-1111.00,Speaking,4.0,False,True
223,Hr Executive,13-1111.00,Writing,4.0,False,True
224,Account Manager,13-1111.00,Active Learning,3.25,True,False
224,Account Manager,13-1111.00,Active Listening,4.12,True,False
224,Account Manager,13-1111.00,Critical Thinking,4.12,False,True
224,Account Manager,13-1111.00,Learning Strategies,3.0,True,False
224,Account Manager,13-1111.00,Mathematics,3.0,False,True
224,Account Manager,13-1111.00,Monitoring,3.88,False,True
224,Account Manager,13-1111.00,Reading Comprehension,4.12,False,True
224,Account Manager,13-1111.00,Science,1.88,False,True
224,Account Manager,13-1111.00,Speaking,4.0,False,True
224,Account Manager,13-1111.00,Writing,4.0,False,True
225,Sales Executive,13-1111.00,Active Learning,3.25,True,False
225,Sales Executive,13-1111.00,Active Listening,4.12,True,False
225,Sales Executive,13-1111.00,Critical Thinking,4.12,False,True
225,Sales Executive,13-1111.00,Learning Strategies,3.0,True,False
225,Sales Executive,13-1111.00,Mathematics,3.0,False,True
225,Sales Executive,13-1111.00,Monitoring,3.88,False,True
225,Sales Executive,13-1111.00,Reading Comprehension,4.12,False,True
225,Sales Executive,13-1111.00,Science,1.88,True,False
225,Sales Executive,13-1111.00,Speaking,4.0,True,False
225,Sales Executive,13-1111.00,Writing,4.0,False,True
226,Auditor,13-2011.00,Active Learning,3.25,False,True
226,Auditor,13-2011.00,Active Listening,3.5,True,False
226,Auditor,13-2011.00,Critical Thinking,3.5,False,True
226,Auditor,13-2011.00,Learning Strategies,2.75,False,True
226,Auditor,13-2011.00,Mathematics,3.38,False,True
226,Auditor,13-2011.00,Monitoring,3.25,True,False
226,Auditor,13-2011.00,Reading Comprehension,3.88,False,True
226,Auditor,13-2011.00,Science,1.25,True,False
226,Auditor,13-2011.00,Speaking,3.38,True,False
226,Auditor,13-2011.00,Writing,3.5,False,True
227,Helpdesk,13-1111.00,Active Learning,3.25,False,True
227,Helpdesk,13-1111.00,Active Listening,4.12,True,False
227,Helpdesk,13-1111.00,Critical Thinking,4.12,True,False
227,Helpdesk,13-1111.00,Learning Strategies,3.0,True,False
227,Helpdesk,13-1111.00,Mathematics,3.0,True,False
227,Helpdesk,13-1111.00,Monitoring,3.88,False,True
227,Helpdesk,13-1111.00,Reading Comprehension,4.12,False,True
227,Helpdesk,13-1111.00,Science,1.88,False,True
227,Helpdesk,13-1111.00,Speaking,4.0,False,True
227,Helpdesk,13-1111.00,Writing,4.0,False,True
228,Support Engineer,13-1111.00,Active Learning,3.25,True,False
228,Support Engineer,13-1111.00,Active Listening,4.12,True,False
228,Support Engineer,13-1111.00,Critical Thinking,4.12,False,True
228,Support Engineer,13-1111.00,Learning Strategies,3.0,False,True
228,Support Engineer,13-1111.00,Mathematics,3.0,False,True
228,Support Engineer,13-1111.00,Monitoring,3.88,False,True
228,Support Engineer,13-1111.00,Reading Comprehension,4.12,True,False
228,Support Engineer,13-1111.00,Science,1.88,False,True
228,Support Engineer,13-1111.00,Speaking,4.0,True,False
228,Support Engineer,13-1111.00,Writing,4.0,True,False
229,Hr Manager,11-3121.00,Active Learning,4.0,True,False
229,Hr Manager,11-3121.00,Active Listening,4.38,True,False
229,Hr Manager,11-3121.00,Critical Thinking,4.0,True,False
229,Hr Manager,11-3121.00,Learning Strategies,3.75,False,True
229,Hr Manager,11-3121.00,Mathematics,3.0,False,True
229,Hr Manager,11-3121.00,Monitoring,4.0,False,True
229,Hr Manager,11-3121.00,Reading Comprehension,4.25,False,True
229,Hr Manager,11-3121.00,Science,1.5,False,True
229,Hr Manager,11-3121.00,Speaking,4.25,True,False
229,Hr Manager,11-3121.00,Writing,4.12,False,True
230,Auditor,13-2011.00,Active Learning,3.25,True,False
230,Auditor,13-2011.00,Active Listening,3.5,False,True
230,Auditor,13-2011.00,Critical Thinking,3.5,False,True
230,Auditor,13-2011.00,Learning Strategies,2.75,False,True
230,Auditor,13-2011.00,Mathematics,3.38,True,False
230,Auditor,13-2011.00,Monitoring,3.25,True,False
230,Auditor,13-2011.00,Reading Comprehension,3.88,True,False
230,Auditor,13-2011.00,Science,1.25,False,True
230,Auditor,13-2011.00,Speaking,3.38,True,False
230,Auditor,13-2011.00,Writing,3.5,False,True
231,Accountant,13-1111.00,Active Learning,3.25,False,True
231,Accountant,13-1111.00,Active Listening,4.12,False,True
231,Accountant,13-1111.00,Critical Thinking,4.12,True,False
231,Accountant,13-1111.00,Learning Strategies,3.0,False,True
231,Accountant,13-1111.00,Mathematics,3.0,True,False
231,Accountant,13-1111.00,Monitoring,3.88,False,True
231,Accountant,13-1111.00,Reading Comprehension,4.12,True,False
231,Accountant,13-1111.00,Science,1.88,True,False
231,Accountant,13-1111.00,Speaking,4.0,True,False
231,Accountant,13-1111.00,Writing,4.0,False,True
232,Hr Manager,11-3121.00,Active Learning,4.0,True,False
232,Hr Manager,11-3121.00,Active Listening,4.38,False,True
232,Hr Manager,11-3121.00,Critical Thinking,4.0,False,True
232,Hr Manager,11-3121.00,Learning Strategies,3.75,True,False
232,Hr Manager,11-3121.00,Mathematics,3.0,False,True
232,Hr Manager,11-3121.00,Monitoring,4.0,False,True
232,Hr Manager,11-3121.00,Reading Comprehension,4.25,False,True
232,Hr Manager,11-3121.00,Science,1.5,False,True
232,Hr Manager,11-3121.00,Speaking,4.25,True,False
232,Hr Manager,11-3121.00,Writing,4.12,False,True
233,Developer,15-1252.00,Active Learning,3.5,True,False
233,Developer,15-1252.00,Active Listening,3.38,True,False
233,Developer,15-1252.00,Critical Thinking,3.88,True,False
233,Developer,15-1252.00,Learning Strategies,2.62,False,True
233,Developer,15-1252.00,Mathematics,2.75,False,True
233,Developer,15-1252.00,Monitoring,3.0,False,True
233,Developer,15-1252.00,Reading Comprehension,3.5,False,True
233,Developer,15-1252.00,Science,2.12,True,False
233,Developer,15-1252.00,Speaking,3.12,True,False
233,Developer,15-1252.00,Writing,3.25,False,True
234,Accountant,13-1111.00,Active Learning,3.25,False,True
234,Accountant,13-1111.00,Active Listening,4.12,True,False
234,Accountant,13-1111.00,Critical Thinking,4.12,True,False
234,Accountant,13-1111.00,Learning Strategies,3.0,False,True
234,Accountant,13-1111.00,Mathematics,3.0,False,True
234,Accountant,13-1111.00,Monitoring,3.88,True,False
234,Accountant,13-1111.00,Reading Comprehension,4.12,False,True
234,Accountant,13-1111.00,Science,1.88,False,True
234,Accountant,13-1111.00,Speaking,4.0,True,False
234,Accountant,13-1111.00,Writing,4.0,False,True
235,Hr Executive,13-1111.00,Active Learning,3.25,True,False
235,Hr Executive,13-1111.00,Active Listening,4.12,False,True
235,Hr Executive,13-1111.00,Critical Thinking,4.12,False,True
235,Hr Executive,13-1111.00,Learning Strategies,3.0,False,True
235,Hr Executive,13-1111.00,Mathematics,3.0,False,True
235,Hr Executive,13-1111.00,Monitoring,3.88,True,False
235,Hr Executive,13-1111.00,Reading Comprehension,4.12,False,True
235,Hr Executive,13-1111.00,Science,1.88,False,True
235,Hr Executive,13-1111.00,Speaking,4.0,True,False
235,Hr Executive,13-1111.00,Writing,4.0,True,False
236,Accountant,13-1111.00,Active Learning,3.25,True,False
236,Accountant,13-1111.00,Active Listening,4.12,True,False
236,Accountant,13-1111.00,Critical Thinking,4.12,False,True
236,Accountant,13-1111.00,Learning Strategies,3.0,True,False
236,Accountant,13-1111.00,Mathematics,3.0,True,False
236,Accountant,13-1111.00,Monitoring,3.88,False,True
236,Accountant,13-1111.00,Reading Comprehension,4.12,False,True
236,Accountant,13-1111.00,Science,1.88,False,True
236,Accountant,13-1111.00,Speaking,4.0,True,False
236,Accountant,13-1111.00,Writing,4.0,False,True
237,Account Manager,13-1111.00,Active Learning,3.25,True,False
237,Account Manager,13-1111.00,Active Listening,4.12,False,True
237,Account Manager,13-1111.00,Critical Thinking,4.12,True,False
237,Account Manager,13-1111.00,Learning Strategies,3.0,False,True
237,Account Manager,13-1111.00,Mathematics,3.0,False,True
237,Account Manager,13-1111.00,Monitoring,3.88,True,False
237,Account Manager,13-1111.00,Reading Comprehension,4.12,False,True
237,Account Manager,13-1111.00,Science,1.88,True,False
237,Account Manager,13-1111.00,Speaking,4.0,False,True
237,Account Manager,13-1111.00,Writing,4.0,False,True
238,Support Engineer,13-1111.00,Active Learning,3.25,False,True
238,Support Engineer,13-1111.00,Active Listening,4.12,True,False
238,Support Engineer,13-1111.00,Critical Thinking,4.12,True,False
238,Support Engineer,13-1111.00,Learning Strategies,3.0,True,False
238,Support Engineer,13-1111.00,Mathematics,3.0,False,True
238,Support Engineer,13-1111.00,Monitoring,3.88,True,False
238,Support Engineer,13-1111.00,Reading Comprehension,4.12,False,True
238,Support Engineer,13-1111.00,Science,1.88,False,True
238,Support Engineer,13-1111.00,Speaking,4.0,False,True
238,Support Engineer,13-1111.00,Writing,4.0,True,False
239,Auditor,13-2011.00,Active Learning,3.25,False,True
239,Auditor,13-2011.00,Active Listening,3.5,False,True
239,Auditor,13-2011.00,Critical Thinking,3.5,True,False
239,Auditor,13-2011.00,Learning Strategies,2.75,True,False
239,Auditor,13-2011.00,Mathematics,3.38,False,True
239,Auditor,13-2011.00,Monitoring,3.25,False,True
239,Auditor,13-2011.00,Reading Comprehension,3.88,False,True
239,Auditor,13-2011.00,Science,1.25,True,False
239,Auditor,13-2011.00,Speaking,3.38,False,True
239,Auditor,13-2011.00,Writing,3.5,False,True
240,Developer,15-1252.00,Active Learning,3.5,False,True
240,Developer,15-1252.00,Active Listening,3.38,False,True
240,Developer,15-1252.00,Critical Thinking,3.88,False,True
240,Developer,15-1252.00,Learning Strategies,2.62,True,False
240,Developer,15-1252.00,Mathematics,2.75,True,False
240,Developer,15-1252.00,Monitoring,3.0,True,False
240,Developer,15-1252.00,Reading Comprehension,3.5,True,False
240,Developer,15-1252.00,Science,2.12,False,True
240,Developer,15-1252.00,Speaking,3.12,False,True
240,Developer,15-1252.00,Writing,3.25,True,False
241,Helpdesk,13-1111.00,Active Learning,3.25,False,True
241,Helpdesk,13-1111.00,Active Listening,4.12,True,False
241,Helpdesk,13-1111.00,Critical Thinking,4.12,False,True
241,Helpdesk,13-1111.00,Learning Strategies,3.0,True,False
241,Helpdesk,13-1111.00,Mathematics,3.0,True,False
241,Helpdesk,13-1111.00,Monitoring,3.88,False,True
241,Helpdesk,13-1111.00,Reading Comprehension,4.12,True,False
241,Helpdesk,13-1111.00,Science,1.88,False,True
241,Helpdesk,13-1111.00,Speaking,4.0,False,True
241,Helpdesk,13-1111.00,Writing,4.0,True,False
242,Content Lead,13-1111.00,Active Learning,3.25,False,True
242,Content Lead,13-1111.00,Active Listening,4.12,True,False
242,Content Lead,13-1111.00,Critical Thinking,4.12,False,True
242,Content Lead,13-1111.00,Learning Strategies,3.0,False,True
242,Content Lead,13-1111.00,Mathematics,3.0,False,True
242,Content Lead,13-1111.00,Monitoring,3.88,False,True
242,Content Lead,13-1111.00,Reading Comprehension,4.12,True,False
242,Content Lead,13-1111.00,Science,1.88,False,True
242,Content Lead,13-1111.00,Speaking,4.0,True,False
242,Content Lead,13-1111.00,Writing,4.0,True,False
243,Support Engineer,13-1111.00,Active Learning,3.25,True,False
243,Support Engineer,13-1111.00,Active Listening,4.12,False,True
243,Support Engineer,13-1111.00,Critical Thinking,4.12,True,False
243,Support Engineer,13-1111.00,Learning Strategies,3.0,False,True
243,Support Engineer,13-1111.00,Mathematics,3.0,True,False
243,Support Engineer,13-1111.00,Monitoring,3.88,True,False
243,Support Engineer,13-1111.00,Reading Comprehension,4.12,False,True
243,Support Engineer,13-1111.00,Science,1.88,False,True
243,Support Engineer,13-1111.00,Speaking,4.0,True,False
243,Support Engineer,13-1111.00,Writing,4.0,False,True
244,Helpdesk,13-1111.00,Active Learning,3.25,False,True
244,Helpdesk,13-1111.00,Active Listening,4.12,True,False
244,Helpdesk,13-1111.00,Critical Thinking,4.12,True,False
244,Helpdesk,13-1111.00,Learning Strategies,3.0,False,True
244,Helpdesk,13-1111.00,Mathematics,3.0,False,True
244,Helpdesk,13-1111.00,Monitoring,3.88,True,False
244,Helpdesk,13-1111.00,Reading Comprehension,4.12,False,True
244,Helpdesk,13-1111.00,Science,1.88,True,False
244,Helpdesk,13-1111.00,Speaking,4.0,False,True
244,Helpdesk,13-1111.00,Writing,4.0,True,False
245,Sales Executive,13-1111.00,Active Learning,3.25,False,True
245,Sales Executive,13-1111.00,Active Listening,4.12,True,False
245,Sales Executive,13-1111.00,Critical Thinking,4.12,False,True
245,Sales Executive,13-1111.00,Learning Strategies,3.0,True,False
245,Sales Executive,13-1111.00,Mathematics,3.0,False,True
245,Sales Executive,13-1111.00,Monitoring,3.88,False,True
245,Sales Executive,13-1111.00,Reading Comprehension,4.12,False,True
245,Sales Executive,13-1111.00,Science,1.88,False,True
245,Sales Executive,13-1111.00,Speaking,4.0,False,True
245,Sales Executive,13-1111.00,Writing,4.0,True,False
246,Accountant,13-1111.00,Active Learning,3.25,False,True
246,Accountant,13-1111.00,Active Listening,4.12,True,False
246,Accountant,13-1111.00,Critical Thinking,4.12,True,False
246,Accountant,13-1111.00,Learning Strategies,3.0,False,True
246,Accountant,13-1111.00,Mathematics,3.0,True,False
246,Accountant,13-1111.00,Monitoring,3.88,True,False
246,Accountant,13-1111.00,Reading Comprehension,4.12,False,True
246,Accountant,13-1111.00,Science,1.88,False,True
246,Accountant,13-1111.00,Speaking,4.0,True,False
246,Accountant,13-1111.00,Writing,4.0,False,True
247,Engineer,13-1111.00,Active Learning,3.25,False,True
247,Engineer,13-1111.00,Active Listening,4.12,True,False
247,Engineer,13-1111.00,Critical Thinking,4.12,True,False
247,Engineer,13-1111.00,Learning Strategies,3.0,False,True
247,Engineer,13-1111.00,Mathematics,3.0,True,False
247,Engineer,13-1111.00,Monitoring,3.88,True,False
247,Engineer,13-1111.00,Reading Comprehension,4.12,False,True
247,Engineer,13-1111.00,Science,1.88,False,True
247,Engineer,13-1111.00,Speaking,4.0,False,True
247,Engineer,13-1111.00,Writing,4.0,False,True
248,Engineer,13-1111.00,Active Learning,3.25,True,False
248,Engineer,13-1111.00,Active Listening,4.12,True,False
248,Engineer,13-1111.00,Critical Thinking,4.12,False,True
248,Engineer,13-1111.00,Learning Strategies,3.0,False,True
248,Engineer,13-1111.00,Mathematics,3.0,True,False
248,Engineer,13-1111.00,Monitoring,3.88,True,False
248,Engineer,13-1111.00,Reading Comprehension,4.12,False,True
248,Engineer,13-1111.00,Science,1.88,False,True
248,Engineer,13-1111.00,Speaking,4.0,False,True
248,Engineer,13-1111.00,Writing,4.0,True,False
249,Hr Executive,13-1111.00,Active Learning,3.25,False,True
249,Hr Executive,13-1111.00,Active Listening,4.12,True,False
249,Hr Executive,13-1111.00,Critical Thinking,4.12,False,True
249,Hr Executive,13-1111.00,Learning Strategies,3.0,False,True
249,Hr Executive,13-1111.00,Mathematics,3.0,False,True
249,Hr Executive,13-1111.00,Monitoring,3.88,False,True
249,Hr Executive,13-1111.00,Reading Comprehension,4.12,True,False
249,Hr Executive,13-1111.00,Science,1.88,False,True
249,Hr Executive,13-1111.00,Speaking,4.0,False,True
249,Hr Executive,13-1111.00,Writing,4.0,True,False
250,Developer,15-1252.00,Active Learning,3.5,False,True
250,Developer,15-1252.00,Active Listening,3.38,False,True
250,Developer,15-1252.00,Critical Thinking,3.88,False,True
250,Developer,15-1252.00,Learning Strategies,2.62,True,False
250,Developer,15-1252.00,Mathematics,2.75,True,False
250,Developer,15-1252.00,Monitoring,3.0,False,True
250,Developer,15-1252.00,Reading Comprehension,3.5,False,True
250,Developer,15-1252.00,Science,2.12,True,False
250,Developer,15-1252.00,Speaking,3.12,True,False
250,Developer,15-1252.00,Writing,3.25,False,True
251,Accountant,13-1111.00,Active Learning,3.25,True,False
251,Accountant,13-1111.00,Active Listening,4.12,True,False
251,Accountant,13-1111.00,Critical Thinking,4.12,True,False
251,Accountant,13-1111.00,Learning Strategies,3.0,False,True
251,Accountant,13-1111.00,Mathematics,3.0,False,True
251,Accountant,13-1111.00,Monitoring,3.88,False,True
251,Accountant,13-1111.00,Reading Comprehension,4.12,False,True
251,Accountant,13-1111.00,Science,1.88,False,True
251,Accountant,13-1111.00,Speaking,4.0,True,False
251,Accountant,13-1111.00,Writing,4.0,False,True
252,Helpdesk,13-1111.00,Active Learning,3.25,False,True
252,Helpdesk,13-1111.00,Active Listening,4.12,False,True
252,Helpdesk,13-1111.00,Critical Thinking,4.12,True,False
252,Helpdesk,13-1111.00,Learning Strategies,3.0,True,False
252,Helpdesk,13-1111.00,Mathematics,3.0,False,True
252,Helpdesk,13-1111.00,Monitoring,3.88,True,False
252,Helpdesk,13-1111.00,Reading Comprehension,4.12,True,False
252,Helpdesk,13-1111.00,Science,1.88,True,False
252,Helpdesk,13-1111.00,Speaking,4.0,False,True
252,Helpdesk,13-1111.00,Writing,4.0,False,True
253,Seo Analyst,13-1161.00,Active Learning,3.75,False,True
253,Seo Analyst,13-1161.00,Active Listening,4.0,False,True
253,Seo Analyst,13-1161.00,Critical Thinking,4.0,True,False
253,Seo Analyst,13-1161.00,Learning Strategies,2.88,False,True
253,Seo Analyst,13-1161.00,Mathematics,3.12,True,False
253,Seo Analyst,13-1161.00,Monitoring,3.12,False,True
253,Seo Analyst,13-1161.00,Reading Comprehension,4.0,False,True
253,Seo Analyst,13-1161.00,Science,2.0,True,False
253,Seo Analyst,13-1161.00,Speaking,3.88,False,True
253,Seo Analyst,13-1161.00,Writing,4.0,True,False
254,Engineer,13-1111.00,Active Learning,3.25,False,True
254,Engineer,13-1111.00,Active Listening,4.12,False,True
254,Engineer,13-1111.00,Critical Thinking,4.12,True,False
254,Engineer,13-1111.00,Learning Strategies,3.0,True,False
254,Engineer,13-1111.00,Mathematics,3.0,True,False
254,Engineer,13-1111.00,Monitoring,3.88,False,True
254,Engineer,13-1111.00,Reading Comprehension,4.12,True,False
254,Engineer,13-1111.00,Science,1.88,False,True
254,Engineer,13-1111.00,Speaking,4.0,False,True
254,Engineer,13-1111.00,Writing,4.0,False,True
255,Sales Executive,13-1111.00,Active Learning,3.25,False,True
255,Sales Executive,13-1111.00,Active Listening,4.12,False,True
255,Sales Executive,13-1111.00,Critical Thinking,4.12,False,True
255,Sales Executive,13-1111.00,Learning Strategies,3.0,False,True
255,Sales Executive,13-1111.00,Mathematics,3.0,True,False
255,Sales Executive,13-1111.00,Monitoring,3.88,True,False
255,Sales Executive,13-1111.00,Reading Comprehension,4.12,False,True
255,Sales Executive,13-1111.00,Science,1.88,False,True
255,Sales Executive,13-1111.00,Speaking,4.0,False,True
255,Sales Executive,13-1111.00,Writing,4.0,True,False
256,Hr Manager,11-3121.00,Active Learning,4.0,False,True
256,Hr Manager,11-3121.00,Active Listening,4.38,True,False
256,Hr Manager,11-3121.00,Critical Thinking,4.0,True,False
256,Hr Manager,11-3121.00,Learning Strategies,3.75,False,True
256,Hr Manager,11-3121.00,Mathematics,3.0,True,False
256,Hr Manager,11-3121.00,Monitoring,4.0,False,True
256,Hr Manager,11-3121.00,Reading Comprehension,4.25,False,True
256,Hr Manager,11-3121.00,Science,1.5,False,True
256,Hr Manager,11-3121.00,Speaking,4.25,False,True
256,Hr Manager,11-3121.00,Writing,4.12,True,False
257,Accountant,13-1111.00,Active Learning,3.25,True,False
257,Accountant,13-1111.00,Active Listening,4.12,False,True
257,Accountant,13-1111.00,Critical Thinking,4.12,False,True
257,Accountant,13-1111.00,Learning Strategies,3.0,True,False
257,Accountant,13-1111.00,Mathematics,3.0,False,True
257,Accountant,13-1111.00,Monitoring,3.88,False,True
257,Accountant,13-1111.00,Reading Comprehension,4.12,True,False
257,Accountant,13-1111.00,Science,1.88,False,True
257,Accountant,13-1111.00,Speaking,4.0,False,True
257,Accountant,13-1111.00,Writing,4.0,False,True
258,Hr Executive,13-1111.00,Active Learning,3.25,False,True
258,Hr Executive,13-1111.00,Active Listening,4.12,False,True
258,Hr Executive,13-1111.00,Critical Thinking,4.12,True,False
258,Hr Executive,13-1111.00,Learning Strategies,3.0,True,False
258,Hr Executive,13-1111.00,Mathematics,3.0,False,True
258,Hr Executive,13-1111.00,Monitoring,3.88,False,True
258,Hr Executive,13-1111.00,Reading Comprehension,4.12,False,True
258,Hr Executive,13-1111.00,Science,1.88,True,False
258,Hr Executive,13-1111.00,Speaking,4.0,False,True
258,Hr Executive,13-1111.00,Writing,4.0,True,False
259,Auditor,13-2011.00,Active Learning,3.25,False,True
259,Auditor,13-2011.00,Active Listening,3.5,False,True
259,Auditor,13-2011.00,Critical Thinking,3.5,True,False
259,Auditor,13-2011.00,Learning Strategies,2.75,True,False
259,Auditor,13-2011.00,Mathematics,3.38,False,True
259,Auditor,13-2011.00,Monitoring,3.25,False,True
259,Auditor,13-2011.00,Reading Comprehension,3.88,False,True
259,Auditor,13-2011.00,Science,1.25,False,True
259,Auditor,13-2011.00,Speaking,3.38,True,False
259,Auditor,13-2011.00,Writing,3.5,False,True
260,Hr Manager,11-3121.00,Active Learning,4.0,True,False
260,Hr Manager,11-3121.00,Active Listening,4.38,True,False
260,Hr Manager,11-3121.00,Critical Thinking,4.0,True,False
260,Hr Manager,11-3121.00,Learning Strategies,3.75,False,True
260,Hr Manager,11-3121.00,Mathematics,3.0,False,True
260,Hr Manager,11-3121.00,Monitoring,4.0,False,True
260,Hr Manager,11-3121.00,Reading Comprehension,4.25,False,True
260,Hr Manager,11-3121.00,Science,1.5,False,True
260,Hr Manager,11-3121.00,Speaking,4.25,False,True
260,Hr Manager,11-3121.00,Writing,4.12,False,True
261,Seo Analyst,13-1161.00,Active Learning,3.75,False,True
261,Seo Analyst,13-1161.00,Active Listening,4.0,False,True
261,Seo Analyst,13-1161.00,Critical Thinking,4.0,False,True
261,Seo Analyst,13-1161.00,Learning Strategies,2.88,False,True
261,Seo Analyst,13-1161.00,Mathematics,3.12,False,True
261,Seo Analyst,13-1161.00,Monitoring,3.12,True,False
261,Seo Analyst,13-1161.00,Reading Comprehension,4.0,True,False
261,Seo Analyst,13-1161.00,Science,2.0,True,False
261,Seo Analyst,13-1161.00,Speaking,3.88,False,True
261,Seo Analyst,13-1161.00,Writing,4.0,True,False
262,Tester,13-1111.00,Active Learning,3.25,False,True
262,Tester,13-1111.00,Active Listening,4.12,True,False
262,Tester,13-1111.00,Critical Thinking,4.12,True,False
262,Tester,13-1111.00,Learning Strategies,3.0,False,True
262,Tester,13-1111.00,Mathematics,3.0,False,True
262,Tester,13-1111.00,Monitoring,3.88,False,True
262,Tester,13-1111.00,Reading Comprehension,4.12,False,True
262,Tester,13-1111.00,Science,1.88,False,True
262,Tester,13-1111.00,Speaking,4.0,True,False
262,Tester,13-1111.00,Writing,4.0,False,True
263,Engineer,13-1111.00,Active Learning,3.25,False,True
263,Engineer,13-1111.00,Active Listening,4.12,False,True
263,Engineer,13-1111.00,Critical Thinking,4.12,True,False
263,Engineer,13-1111.00,Learning Strategies,3.0,False,True
263,Engineer,13-1111.00,Mathematics,3.0,True,False
263,Engineer,13-1111.00,Monitoring,3.88,False,True
263,Engineer,13-1111.00,Reading Comprehension,4.12,False,True
263,Engineer,13-1111.00,Science,1.88,True,False
263,Engineer,13-1111.00,Speaking,4.0,True,False
263,Engineer,13-1111.00,Writing,4.0,True,False
264,Auditor,13-2011.00,Active Learning,3.25,True,False
264,Auditor,13-2011.00,Active Listening,3.5,False,True
264,Auditor,13-2011.00,Critical Thinking,3.5,False,True
264,Auditor,13-2011.00,Learning Strategies,2.75,False,True
264,Auditor,13-2011.00,Mathematics,3.38,False,True
264,Auditor,13-2011.00,Monitoring,3.25,False,True
264,Auditor,13-2011.00,Reading Comprehension,3.88,True,False
264,Auditor,13-2011.00,Science,1.25,False,True
264,Auditor,13-2011.00,Speaking,3.38,True,False
264,Auditor,13-2011.00,Writing,3.5,True,False
265,Hr Executive,13-1111.00,Active Learning,3.25,False,True
265,Hr Executive,13-1111.00,Active Listening,4.12,True,False
265,Hr Executive,13-1111.00,Critical Thinking,4.12,False,True
265,Hr Executive,13-1111.00,Learning Strategies,3.0,False,True
265,Hr Executive,13-1111.00,Mathematics,3.0,True,False
265,Hr Executive,13-1111.00,Monitoring,3.88,False,True
265,Hr Executive,13-1111.00,Reading Comprehension,4.12,True,False
265,Hr Executive,13-1111.00,Science,1.88,True,False
265,Hr Executive,13-1111.00,Speaking,4.0,False,True
265,Hr Executive,13-1111.00,Writing,4.0,True,False
266,Content Lead,13-1111.00,Active Learning,3.25,False,True
266,Content Lead,13-1111.00,Active Listening,4.12,True,False
266,Content Lead,13-1111.00,Critical Thinking,4.12,False,True
266,Content Lead,13-1111.00,Learning Strategies,3.0,True,False
266,Content Lead,13-1111.00,Mathematics,3.0,True,False
266,Content Lead,13-1111.00,Monitoring,3.88,False,True
266,Content Lead,13-1111.00,Reading Comprehension,4.12,False,True
266,Content Lead,13-1111.00,Science,1.88,False,True
266,Content Lead,13-1111.00,Speaking,4.0,True,False
266,Content Lead,13-1111.00,Writing,4.0,True,False
267,Support Engineer,13-1111.00,Active Learning,3.25,False,True
267,Support Engineer,13-1111.00,Active Listening,4.12,True,False
267,Support Engineer,13-1111.00,Critical Thinking,4.12,False,True
267,Support Engineer,13-1111.00,Learning Strategies,3.0,True,False
267,Support Engineer,13-1111.00,Mathematics,3.0,True,False
267,Support Engineer,13-1111.00,Monitoring,3.88,False,True
267,Support Engineer,13-1111.00,Reading Comprehension,4.12,False,True
267,Support Engineer,13-1111.00,Science,1.88,False,True
267,Support Engineer,13-1111.00,Speaking,4.0,False,True
267,Support Engineer,13-1111.00,Writing,4.0,False,True
268,Content Lead,13-1111.00,Active Learning,3.25,True,False
268,Content Lead,13-1111.00,Active Listening,4.12,False,True
268,Content Lead,13-1111.00,Critical Thinking,4.12,False,True
268,Content Lead,13-1111.00,Learning Strategies,3.0,False,True
268,Content Lead,13-1111.00,Mathematics,3.0,True,False
268,Content Lead,13-1111.00,Monitoring,3.88,True,False
268,Content Lead,13-1111.00,Reading Comprehension,4.12,False,True
268,Content Lead,13-1111.00,Science,1.88,False,True
268,Content Lead,13-1111.00,Speaking,4.0,True,False
268,Content Lead,13-1111.00,Writing,4.0,True,False
269,Hr Executive,13-1111.00,Active Learning,3.25,True,False
269,Hr Executive,13-1111.00,Active Listening,4.12,False,True
269,Hr Executive,13-1111.00,Critical Thinking,4.12,False,True
269,Hr Executive,13-1111.00,Learning Strategies,3.0,True,False
269,Hr Executive,13-1111.00,Mathematics,3.0,False,True
269,Hr Executive,13-1111.00,Monitoring,3.88,False,True
269,Hr Executive,13-1111.00,Reading Comprehension,4.12,True,False
269,Hr Executive,13-1111.00,Science,1.88,False,True
269,Hr Executive,13-1111.00,Speaking,4.0,False,True
269,Hr Executive,13-1111.00,Writing,4.0,False,True
270,Hr Executive,13-1111.00,Active Learning,3.25,False,True
270,Hr Executive,13-1111.00,Active Listening,4.12,True,False
270,Hr Executive,13-1111.00,Critical Thinking,4.12,False,True
270,Hr Executive,13-1111.00,Learning Strategies,3.0,True,False
270,Hr Executive,13-1111.00,Mathematics,3.0,True,False
270,Hr Executive,13-1111.00,Monitoring,3.88,True,False
270,Hr Executive,13-1111.00,Reading Comprehension,4.12,True,False
270,Hr Executive,13-1111.00,Science,1.88,False,True
270,Hr Executive,13-1111.00,Speaking,4.0,False,True
270,Hr Executive,13-1111.00,Writing,4.0,False,True
271,Accountant,13-1111.00,Active Learning,3.25,False,True
271,Accountant,13-1111.00,Active Listening,4.12,True,False
271,Accountant,13-1111.00,Critical Thinking,4.12,False,True
271,Accountant,13-1111.00,Learning Strategies,3.0,False,True
271,Accountant,13-1111.00,Mathematics,3.0,True,False
271,Accountant,13-1111.00,Monitoring,3.88,False,True
271,Accountant,13-1111.00,Reading Comprehension,4.12,False,True
271,Accountant,13-1111.00,Science,1.88,True,False
271,Accountant,13-1111.00,Speaking,4.0,False,True
271,Accountant,13-1111.00,Writing,4.0,True,False
272,Content Lead,13-1111.00,Active Learning,3.25,False,True
272,Content Lead,13-1111.00,Active Listening,4.12,True,False
272,Content Lead,13-1111.00,Critical Thinking,4.12,True,False
272,Content Lead,13-1111.00,Learning Strategies,3.0,True,False
272,Content Lead,13-1111.00,Mathematics,3.0,True,False
272,Content Lead,13-1111.00,Monitoring,3.88,False,True
272,Content Lead,13-1111.00,Reading Comprehension,4.12,False,True
272,Content Lead,13-1111.00,Science,1.88,True,False
272,Content Lead,13-1111.00,Speaking,4.0,False,True
272,Content Lead,13-1111.00,Writing,4.0,False,True
273,Account Manager,13-1111.00,Active Learning,3.25,True,False
273,Account Manager,13-1111.00,Active Listening,4.12,False,True
273,Account Manager,13-1111.00,Critical Thinking,4.12,False,True
273,Account Manager,13-1111.00,Learning Strategies,3.0,False,True
273,Account Manager,13-1111.00,Mathematics,3.0,False,True
273,Account Manager,13-1111.00,Monitoring,3.88,False,True
273,Account Manager,13-1111.00,Reading Comprehension,4.12,True,False
273,Account Manager,13-1111.00,Science,1.88,False,True
273,Account Manager,13-1111.00,Speaking,4.0,False,True
273,Account Manager,13-1111.00,Writing,4.0,True,False
274,Tester,13-1111.00,Active Learning,3.25,False,True
274,Tester,13-1111.00,Active Listening,4.12,False,True
274,Tester,13-1111.00,Critical Thinking,4.12,True,False
274,Tester,13-1111.00,Learning Strategies,3.0,False,True
274,Tester,13-1111.00,Mathematics,3.0,True,False
274,Tester,13-1111.00,Monitoring,3.88,True,False
274,Tester,13-1111.00,Reading Comprehension,4.12,False,True
274,Tester,13-1111.00,Science,1.88,False,True
274,Tester,13-1111.00,Speaking,4.0,False,True
274,Tester,13-1111.00,Writing,4.0,False,True
275,Hr Manager,11-3121.00,Active Learning,4.0,False,True
275,Hr Manager,11-3121.00,Active Listening,4.38,False,True
275,Hr Manager,11-3121.00,Critical Thinking,4.0,False,True
275,Hr Manager,11-3121.00,Learning Strategies,3.75,True,False
275,Hr Manager,11-3121.00,Mathematics,3.0,True,False
275,Hr Manager,11-3121.00,Monitoring,4.0,False,True
275,Hr Manager,11-3121.00,Reading Comprehension,4.25,True,False
275,Hr Manager,11-3121.00,Science,1.5,True,False
275,Hr Manager,11-3121.00,Speaking,4.25,False,True
275,Hr Manager,11-3121.00,Writing,4.12,True,False
276,Engineer,13-1111.00,Active Learning,3.25,True,False
276,Engineer,13-1111.00,Active Listening,4.12,False,True
276,Engineer,13-1111.00,Critical Thinking,4.12,False,True
276,Engineer,13-1111.00,Learning Strategies,3.0,False,True
276,Engineer,13-1111.00,Mathematics,3.0,True,False
276,Engineer,13-1111.00,Monitoring,3.88,False,True
276,Engineer,13-1111.00,Reading Comprehension,4.12,True,False
276,Engineer,13-1111.00,Science,1.88,True,False
276,Engineer,13-1111.00,Speaking,4.0,False,True
276,Engineer,13-1111.00,Writing,4.0,False,True
277,Account Manager,13-1111.00,Active Learning,3.25,True,False
277,Account Manager,13-1111.00,Active Listening,4.12,False,True
277,Account Manager,13-1111.00,Critical Thinking,4.12,False,True
277,Account Manager,13-1111.00,Learning Strategies,3.0,True,False
277,Account Manager,13-1111.00,Mathematics,3.0,False,True
277,Account Manager,13-1111.00,Monitoring,3.88,True,False
277,Account Manager,13-1111.00,Reading Comprehension,4.12,False,True
277,Account Manager,13-1111.00,Science,1.88,True,False
277,Account Manager,13-1111.00,Speaking,4.0,True,False
277,Account Manager,13-1111.00,Writing,4.0,False,True
278,Sales Executive,13-1111.00,Active Learning,3.25,True,False
278,Sales Executive,13-1111.00,Active Listening,4.12,True,False
278,Sales Executive,13-1111.00,Critical Thinking,4.12,False,True
278,Sales Executive,13-1111.00,Learning Strategies,3.0,False,True
278,Sales Executive,13-1111.00,Mathematics,3.0,True,False
278,Sales Executive,13-1111.00,Monitoring,3.88,True,False
278,Sales Executive,13-1111.00,Reading Comprehension,4.12,True,False
278,Sales Executive,13-1111.00,Science,1.88,False,True
278,Sales Executive,13-1111.00,Speaking,4.0,False,True
278,Sales Executive,13-1111.00,Writing,4.0,False,True
279,Account Manager,13-1111.00,Active Learning,3.25,False,True
279,Account Manager,13-1111.00,Active Listening,4.12,True,False
279,Account Manager,13-1111.00,Critical Thinking,4.12,False,True
279,Account Manager,13-1111.00,Learning Strategies,3.0,True,False
279,Account Manager,13-1111.00,Mathematics,3.0,False,True
279,Account Manager,13-1111.00,Monitoring,3.88,True,False
279,Account Manager,13-1111.00,Reading Comprehension,4.12,False,True
279,Account Manager,13-1111.00,Science,1.88,True,False
279,Account Manager,13-1111.00,Speaking,4.0,False,True
279,Account Manager,13-1111.00,Writing,4.0,False,True
280,Auditor,13-2011.00,Active Learning,3.25,False,True
280,Auditor,13-2011.00,Active Listening,3.5,True,False
280,Auditor,13-2011.00,Critical Thinking,3.5,False,True
280,Auditor,13-2011.00,Learning Strategies,2.75,True,False
280,Auditor,13-2011.00,Mathematics,3.38,False,True
280,Auditor,13-2011.00,Monitoring,3.25,False,True
280,Auditor,13-2011.00,Reading Comprehension,3.88,True,False
280,Auditor,13-2011.00,Science,1.25,False,True
280,Auditor,13-2011.00,Speaking,3.38,False,True
280,Auditor,13-2011.00,Writing,3.5,False,True
281,Account Manager,13-1111.00,Active Learning,3.25,False,True
281,Account Manager,13-1111.00,Active Listening,4.12,True,False
281,Account Manager,13-1111.00,Critical Thinking,4.12,False,True
281,Account Manager,13-1111.00,Learning Strategies,3.0,True,False
281,Account Manager,13-1111.00,Mathematics,3.0,False,True
281,Account Manager,13-1111.00,Monitoring,3.88,False,True
281,Account Manager,13-1111.00,Reading Comprehension,4.12,True,False
281,Account Manager,13-1111.00,Science,1.88,False,True
281,Account Manager,13-1111.00,Speaking,4.0,False,True
281,Account Manager,13-1111.00,Writing,4.0,False,True
282,Accountant,13-1111.00,Active Learning,3.25,False,True
282,Accountant,13-1111.00,Active Listening,4.12,True,False
282,Accountant,13-1111.00,Critical Thinking,4.12,True,False
282,Accountant,13-1111.00,Learning Strategies,3.0,True,False
282,Accountant,13-1111.00,Mathematics,3.0,True,False
282,Accountant,13-1111.00,Monitoring,3.88,True,False
282,Accountant,13-1111.00,Reading Comprehension,4.12,False,True
282,Accountant,13-1111.00,Science,1.88,False,True
282,Accountant,13-1111.00,Speaking,4.0,False,True
282,Accountant,13-1111.00,Writing,4.0,False,True
283,Hr Manager,11-3121.00,Active Learning,4.0,True,False
283,Hr Manager,11-3121.00,Active Listening,4.38,False,True
283,Hr Manager,11-3121.00,Critical Thinking,4.0,True,False
283,Hr Manager,11-3121.00,Learning Strategies,3.75,False,True
283,Hr Manager,11-3121.00,Mathematics,3.0,False,True
283,Hr Manager,11-3121.00,Monitoring,4.0,False,True
283,Hr Manager,11-3121.00,Reading Comprehension,4.25,True,False
283,Hr Manager,11-3121.00,Science,1.5,True,False
283,Hr Manager,11-3121.00,Speaking,4.25,True,False
283,Hr Manager,11-3121.00,Writing,4.12,False,True
284,Helpdesk,13-1111.00,Active Learning,3.25,False,True
284,Helpdesk,13-1111.00,Active Listening,4.12,False,True
284,Helpdesk,13-1111.00,Critical Thinking,4.12,False,True
284,Helpdesk,13-1111.00,Learning Strategies,3.0,True,False
284,Helpdesk,13-1111.00,Mathematics,3.0,True,False
284,Helpdesk,13-1111.00,Monitoring,3.88,False,True
284,Helpdesk,13-1111.00,Reading Comprehension,4.12,True,False
284,Helpdesk,13-1111.00,Science,1.88,False,True
284,Helpdesk,13-1111.00,Speaking,4.0,False,True
284,Helpdesk,13-1111.00,Writing,4.0,False,True
285,Helpdesk,13-1111.00,Active Learning,3.25,False,True
285,Helpdesk,13-1111.00,Active Listening,4.12,True,False
285,Helpdesk,13-1111.00,Critical Thinking,4.12,True,False
285,Helpdesk,13-1111.00,Learning Strategies,3.0,True,False
285,Helpdesk,13-1111.00,Mathematics,3.0,False,True
285,Helpdesk,13-1111.00,Monitoring,3.88,False,True
285,Helpdesk,13-1111.00,Reading Comprehension,4.12,False,True
285,Helpdesk,13-1111.00,Science,1.88,True,False
285,Helpdesk,13-1111.00,Speaking,4.0,False,True
285,Helpdesk,13-1111.00,Writing,4.0,False,True
286,Sales Executive,13-1111.00,Active Learning,3.25,False,True
286,Sales Executive,13-1111.00,Active Listening,4.12,False,True
286,Sales Executive,13-1111.00,Critical Thinking,4.12,False,True
286,Sales Executive,13-1111.00,Learning Strategies,3.0,True,False
286,Sales Executive,13-1111.00,Mathematics,3.0,True,False
286,Sales Executive,13-1111.00,Monitoring,3.88,False,True
286,Sales Executive,13-1111.00,Reading Comprehension,4.12,False,True
286,Sales Executive,13-1111.00,Science,1.88,False,True
286,Sales Executive,13-1111.00,Speaking,4.0,True,False
286,Sales Executive,13-1111.00,Writing,4.0,True,False
287,Developer,15-1252.00,Active Learning,3.5,False,True
287,Developer,15-1252.00,Active Listening,3.38,True,False
287,Developer,15-1252.00,Critical Thinking,3.88,False,True
287,Developer,15-1252.00,Learning Strategies,2.62,True,False
287,Developer,15-1252.00,Mathematics,2.75,True,False
287,Developer,15-1252.00,Monitoring,3.0,False,True
287,Developer,15-1252.00,Reading Comprehension,3.5,True,False
287,Developer,15-1252.00,Science,2.12,False,True
287,Developer,15-1252.00,Speaking,3.12,False,True
287,Developer,15-1252.00,Writing,3.25,False,True
288,Seo Analyst,13-1161.00,Active Learning,3.75,True,False
288,Seo Analyst,13-1161.00,Active Listening,4.0,True,False
288,Seo Analyst,13-1161.00,Critical Thinking,4.0,False,True
288,Seo Analyst,13-1161.00,Learning Strategies,2.88,False,True
288,Seo Analyst,13-1161.00,Mathematics,3.12,False,True
288,Seo Analyst,13-1161.00,Monitoring,3.12,True,False
288,Seo Analyst,13-1161.00,Reading Comprehension,4.0,True,False
288,Seo Analyst,13-1161.00,Science,2.0,False,True
288,Seo Analyst,13-1161.00,Speaking,3.88,True,False
288,Seo Analyst,13-1161.00,Writing,4.0,False,True
289,Content Lead,13-1111.00,Active Learning,3.25,True,False
289,Content Lead,13-1111.00,Active Listening,4.12,False,True
289,Content Lead,13-1111.00,Critical Thinking,4.12,False,True
289,Content Lead,13-1111.00,Learning Strategies,3.0,True,False
289,Content Lead,13-1111.00,Mathematics,3.0,False,True
289,Content Lead,13-1111.00,Monitoring,3.88,True,False
289,Content Lead,13-1111.00,Reading Comprehension,4.12,True,False
289,Content Lead,13-1111.00,Science,1.88,True,False
289,Content Lead,13-1111.00,Speaking,4.0,False,True
289,Content Lead,13-1111.00,Writing,4.0,False,True
290,Sales Executive,13-1111.00,Active Learning,3.25,False,True
290,Sales Executive,13-1111.00,Active Listening,4.12,True,False
290,Sales Executive,13-1111.00,Critical Thinking,4.12,False,True
290,Sales Executive,13-1111.00,Learning Strategies,3.0,True,False
290,Sales Executive,13-1111.00,Mathematics,3.0,True,False
290,Sales Executive,13-1111.00,Monitoring,3.88,True,False
290,Sales Executive,13-1111.00,Reading Comprehension,4.12,False,True
290,Sales Executive,13-1111.00,Science,1.88,False,True
290,Sales Executive,13-1111.00,Speaking,4.0,False,True
290,Sales Executive,13-1111.00,Writing,4.0,False,True
291,Developer,15-1252.00,Active Learning,3.5,False,True
291,Developer,15-1252.00,Active Listening,3.38,False,True
291,Developer,15-1252.00,Critical Thinking,3.88,True,False
291,Developer,15-1252.00,Learning Strategies,2.62,True,False
291,Developer,15-1252.00,Mathematics,2.75,True,False
291,Developer,15-1252.00,Monitoring,3.0,False,True
291,Developer,15-1252.00,Reading Comprehension,3.5,False,True
291,Developer,15-1252.00,Science,2.12,False,True
291,Developer,15-1252.00,Speaking,3.12,True,False
291,Developer,15-1252.00,Writing,3.25,False,True
292,Sales Executive,13-1111.00,Active Learning,3.25,False,True
292,Sales Executive,13-1111.00,Active Listening,4.12,False,True
292,Sales Executive,13-1111.00,Critical Thinking,4.12,False,True
292,Sales Executive,13-1111.00,Learning Strategies,3.0,True,False
292,Sales Executive,13-1111.00,Mathematics,3.0,True,False
292,Sales Executive,13-1111.00,Monitoring,3.88,False,True
292,Sales Executive,13-1111.00,Reading Comprehension,4.12,True,False
292,Sales Executive,13-1111.00,Science,1.88,True,False
292,Sales Executive,13-1111.00,Speaking,4.0,False,True
292,Sales Executive,13-1111.00,Writing,4.0,True,False
293,Hr Manager,11-3121.00,Active Learning,4.0,True,False
293,Hr Manager,11-3121.00,Active Listening,4.38,False,True
293,Hr Manager,11-3121.00,Critical Thinking,4.0,True,False
293,Hr Manager,11-3121.00,Learning Strategies,3.75,True,False
293,Hr Manager,11-3121.00,Mathematics,3.0,False,True
293,Hr Manager,11-3121.00,Monitoring,4.0,True,False
293,Hr Manager,11-3121.00,Reading Comprehension,4.25,False,True
293,Hr Manager,11-3121.00,Science,1.5,False,True
293,Hr Manager,11-3121.00,Speaking,4.25,False,True
293,Hr Manager,11-3121.00,Writing,4.12,False,True
294,Hr Manager,11-3121.00,Active Learning,4.0,True,False
294,Hr Manager,11-3121.00,Active Listening,4.38,True,False
294,Hr Manager,11-3121.00,Critical Thinking,4.0,False,True
294,Hr Manager,11-3121.00,Learning Strategies,3.75,True,False
294,Hr Manager,11-3121.00,Mathematics,3.0,False,True
294,Hr Manager,11-3121.00,Monitoring,4.0,False,True
294,Hr Manager,11-3121.00,Reading Comprehension,4.25,False,True
294,Hr Manager,11-3121.00,Science,1.5,False,True
294,Hr Manager,11-3121.00,Speaking,4.25,False,True
294,Hr Manager,11-3121.00,Writing,4.12,False,True
295,Helpdesk,13-1111.00,Active Learning,3.25,False,True
295,Helpdesk,13-1111.00,Active Listening,4.12,True,False
295,Helpdesk,13-1111.00,Critical Thinking,4.12,True,False
295,Helpdesk,13-1111.00,Learning Strategies,3.0,False,True
295,Helpdesk,13-1111.00,Mathematics,3.0,True,False
295,Helpdesk,13-1111.00,Monitoring,3.88,False,True
295,Helpdesk,13-1111.00,Reading Comprehension,4.12,True,False
295,Helpdesk,13-1111.00,Science,1.88,False,True
295,Helpdesk,13-1111.00,Speaking,4.0,False,True
295,Helpdesk,13-1111.00,Writing,4.0,True,False
296,Support Engineer,13-1111.00,Active Learning,3.25,False,True
296,Support Engineer,13-1111.00,Active Listening,4.12,False,True
296,Support Engineer,13-1111.00,Critical Thinking,4.12,False,True
296,Support Engineer,13-1111.00,Learning Strategies,3.0,False,True
296,Support Engineer,13-1111.00,Mathematics,3.0,True,False
296,Support Engineer,13-1111.00,Monitoring,3.88,True,False
296,Support Engineer,13-1111.00,Reading Comprehension,4.12,True,False
296,Support Engineer,13-1111.00,Science,1.88,False,True
296,Support Engineer,13-1111.00,Speaking,4.0,False,True
296,Support Engineer,13-1111.00,Writing,4.0,False,True
297,Helpdesk,13-1111.00,Active Learning,3.25,False,True
297,Helpdesk,13-1111.00,Active Listening,4.12,False,True
297,Helpdesk,13-1111.00,Critical Thinking,4.12,True,False
297,Helpdesk,13-1111.00,Learning Strategies,3.0,False,True
297,Helpdesk,13-1111.00,Mathematics,3.0,True,False
297,Helpdesk,13-1111.00,Monitoring,3.88,True,False
297,Helpdesk,13-1111.00,Reading Comprehension,4.12,False,True
297,Helpdesk,13-1111.00,Science,1.88,False,True
297,Helpdesk,13-1111.00,Speaking,4.0,False,True
297,Helpdesk,13-1111.00,Writing,4.0,True,False
298,Account Manager,13-1111.00,Active Learning,3.25,False,True
298,Account Manager,13-1111.00,Active Listening,4.12,False,True
298,Account Manager,13-1111.00,Critical Thinking,4.12,False,True
298,Account Manager,13-1111.00,Learning Strategies,3.0,False,True
298,Account Manager,13-1111.00,Mathematics,3.0,False,True
298,Account Manager,13-1111.00,Monitoring,3.88,False,True
298,Account Manager,13-1111.00,Reading Comprehension,4.12,False,True
298,Account Manager,13-1111.00,Science,1.88,True,False
298,Account Manager,13-1111.00,Speaking,4.0,True,False
298,Account Manager,13-1111.00,Writing,4.0,True,False
299,Hr Manager,11-3121.00,Active Learning,4.0,True,False
299,Hr Manager,11-3121.00,Active Listening,4.38,True,False
299,Hr Manager,11-3121.00,Critical Thinking,4.0,False,True
299,Hr Manager,11-3121.00,Learning Strategies,3.75,False,True
299,Hr Manager,11-3121.00,Mathematics,3.0,False,True
299,Hr Manager,11-3121.00,Monitoring,4.0,True,False
299,Hr Manager,11-3121.00,Reading Comprehension,4.25,True,False
299,Hr Manager,11-3121.00,Science,1.5,False,True
299,Hr Manager,11-3121.00,Speaking,4.25,False,True
299,Hr Manager,11-3121.00,Writing,4.12,False,True
300,Accountant,13-1111.00,Active Learning,3.25,False,True
300,Accountant,13-1111.00,Active Listening,4.12,True,False
300,Accountant,13-1111.00,Critical Thinking,4.12,False,True
300,Accountant,13-1111.00,Learning Strategies,3.0,False,True
300,Accountant,13-1111.00,Mathematics,3.0,True,False
300,Accountant,13-1111.00,Monitoring,3.88,True,False
300,Accountant,13-1111.00,Reading Comprehension,4.12,False,True
300,Accountant,13-1111.00,Science,1.88,True,False
300,Accountant,13-1111.00,Speaking,4.0,False,True
300,Accountant,13-1111.00,Writing,4.0,False,True
301,Content Lead,13-1111.00,Active Learning,3.25,False,True
301,Content Lead,13-1111.00,Active Listening,4.12,True,False
301,Content Lead,13-1111.00,Critical Thinking,4.12,False,True
301,Content Lead,13-1111.00,Learning Strategies,3.0,False,True
301,Content Lead,13-1111.00,Mathematics,3.0,True,False
301,Content Lead,13-1111.00,Monitoring,3.88,False,True
301,Content Lead,13-1111.00,Reading Comprehension,4.12,False,True
301,Content Lead,13-1111.00,Science,1.88,False,True
301,Content Lead,13-1111.00,Speaking,4.0,True,False
301,Content Lead,13-1111.00,Writing,4.0,True,False
302,Auditor,13-2011.00,Active Learning,3.25,True,False
302,Auditor,13-2011.00,Active Listening,3.5,False,True
302,Auditor,13-2011.00,Critical Thinking,3.5,True,False
302,Auditor,13-2011.00,Learning Strategies,2.75,True,False
302,Auditor,13-2011.00,Mathematics,3.38,False,True
302,Auditor,13-2011.00,Monitoring,3.25,False,True
302,Auditor,13-2011.00,Reading Comprehension,3.88,False,True
302,Auditor,13-2011.00,Science,1.25,False,True
302,Auditor,13-2011.00,Speaking,3.38,True,False
302,Auditor,13-2011.00,Writing,3.5,True,False
303,Account Manager,13-1111.00,Active Learning,3.25,True,False
303,Account Manager,13-1111.00,Active Listening,4.12,False,True
303,Account Manager,13-1111.00,Critical Thinking,4.12,False,True
303,Account Manager,13-1111.00,Learning Strategies,3.0,True,False
303,Account Manager,13-1111.00,Mathematics,3.0,False,True
303,Account Manager,13-1111.00,Monitoring,3.88,False,True
303,Account Manager,13-1111.00,Reading Comprehension,4.12,True,False
303,Account Manager,13-1111.00,Science,1.88,False,True
303,Account Manager,13-1111.00,Speaking,4.0,False,True
303,Account Manager,13-1111.00,Writing,4.0,False,True
304,Sales Executive,13-1111.00,Active Learning,3.25,False,True
304,Sales Executive,13-1111.00,Active Listening,4.12,True,False
304,Sales Executive,13-1111.00,Critical Thinking,4.12,True,False
304,Sales Executive,13-1111.00,Learning Strategies,3.0,False,True
304,Sales Executive,13-1111.00,Mathematics,3.0,False,True
304,Sales Executive,13-1111.00,Monitoring,3.88,False,True
304,Sales Executive,13-1111.00,Reading Comprehension,4.12,False,True
304,Sales Executive,13-1111.00,Science,1.88,False,True
304,Sales Executive,13-1111.00,Speaking,4.0,True,False
304,Sales Executive,13-1111.00,Writing,4.0,False,True
305,Developer,15-1252.00,Active Learning,3.5,False,True
305,Developer,15-1252.00,Active Listening,3.38,False,True
305,Developer,15-1252.00,Critical Thinking,3.88,True,False
305,Developer,15-1252.00,Learning Strategies,2.62,False,True
305,Developer,15-1252.00,Mathematics,2.75,False,True
305,Developer,15-1252.00,Monitoring,3.0,False,True
305,Developer,15-1252.00,Reading Comprehension,3.5,True,False
305,Developer,15-1252.00,Science,2.12,False,True
305,Developer,15-1252.00,Speaking,3.12,False,True
305,Developer,15-1252.00,Writing,3.25,True,False
306,Engineer,13-1111.00,Active Learning,3.25,True,False
306,Engineer,13-1111.00,Active Listening,4.12,False,True
306,Engineer,13-1111.00,Critical Thinking,4.12,True,False
306,Engineer,13-1111.00,Learning Strategies,3.0,False,True
306,Engineer,13-1111.00,Mathematics,3.0,False,True
306,Engineer,13-1111.00,Monitoring,3.88,False,True
306,Engineer,13-1111.00,Reading Comprehension,4.12,True,False
306,Engineer,13-1111.00,Science,1.88,False,True
306,Engineer,13-1111.00,Speaking,4.0,True,False
306,Engineer,13-1111.00,Writing,4.0,False,True
307,Auditor,13-2011.00,Active Learning,3.25,True,False
307,Auditor,13-2011.00,Active Listening,3.5,True,False
307,Auditor,13-2011.00,Critical Thinking,3.5,False,True
307,Auditor,13-2011.00,Learning Strategies,2.75,False,True
307,Auditor,13-2011.00,Mathematics,3.38,False,True
307,Auditor,13-2011.00,Monitoring,3.25,False,True
307,Auditor,13-2011.00,Reading Comprehension,3.88,True,False
307,Auditor,13-2011.00,Science,1.25,False,True
307,Auditor,13-2011.00,Speaking,3.38,False,True
307,Auditor,13-2011.00,Writing,3.5,True,False
308,Hr Manager,11-3121.00,Active Learning,4.0,False,True
308,Hr Manager,11-3121.00,Active Listening,4.38,False,True
308,Hr Manager,11-3121.00,Critical Thinking,4.0,True,False
308,Hr Manager,11-3121.00,Learning Strategies,3.75,False,True
308,Hr Manager,11-3121.00,Mathematics,3.0,True,False
308,Hr Manager,11-3121.00,Monitoring,4.0,False,True
308,Hr Manager,11-3121.00,Reading Comprehension,4.25,False,True
308,Hr Manager,11-3121.00,Science,1.5,False,True
308,Hr Manager,11-3121.00,Speaking,4.25,True,False
308,Hr Manager,11-3121.00,Writing,4.12,False,True
309,Developer,15-1252.00,Active Learning,3.5,True,False
309,Developer,15-1252.00,Active Listening,3.38,False,True
309,Developer,15-1252.00,Critical Thinking,3.88,False,True
309,Developer,15-1252.00,Learning Strategies,2.62,False,True
309,Developer,15-1252.00,Mathematics,2.75,False,True
309,Developer,15-1252.00,Monitoring,3.0,True,False
309,Developer,15-1252.00,Reading Comprehension,3.5,False,True
309,Developer,15-1252.00,Science,2.12,True,False
309,Developer,15-1252.00,Speaking,3.12,False,True
309,Developer,15-1252.00,Writing,3.25,False,True
310,Hr Manager,11-3121.00,Active Learning,4.0,True,False
310,Hr Manager,11-3121.00,Active Listening,4.38,True,False
310,Hr Manager,11-3121.00,Critical Thinking,4.0,False,True
310,Hr Manager,11-3121.00,Learning Strategies,3.75,False,True
310,Hr Manager,11-3121.00,Mathematics,3.0,False,True
310,Hr Manager,11-3121.00,Monitoring,4.0,False,True
310,Hr Manager,11-3121.00,Reading Comprehension,4.25,True,False
310,Hr Manager,11-3121.00,Science,1.5,True,False
310,Hr Manager,11-3121.00,Speaking,4.25,False,True
310,Hr Manager,11-3121.00,Writing,4.12,False,True
311,Hr Executive,13-1111.00,Active Learning,3.25,True,False
311,Hr Executive,13-1111.00,Active Listening,4.12,False,True
311,Hr Executive,13-1111.00,Critical Thinking,4.12,True,False
311,Hr Executive,13-1111.00,Learning Strategies,3.0,True,False
311,Hr Executive,13-1111.00,Mathematics,3.0,False,True
311,Hr Executive,13-1111.00,Monitoring,3.88,False,True
311,Hr Executive,13-1111.00,Reading Comprehension,4.12,True,False
311,Hr Executive,13-1111.00,Science,1.88,False,True
311,Hr Executive,13-1111.00,Speaking,4.0,True,False
311,Hr Executive,13-1111.00,Writing,4.0,False,True
312,Helpdesk,13-1111.00,Active Learning,3.25,False,True
312,Helpdesk,13-1111.00,Active Listening,4.12,True,False
312,Helpdesk,13-1111.00,Critical Thinking,4.12,True,False
312,Helpdesk,13-1111.00,Learning Strategies,3.0,False,True
312,Helpdesk,13-1111.00,Mathematics,3.0,False,True
312,Helpdesk,13-1111.00,Monitoring,3.88,True,False
312,Helpdesk,13-1111.00,Reading Comprehension,4.12,False,True
312,Helpdesk,13-1111.00,Science,1.88,True,False
312,Helpdesk,13-1111.00,Speaking,4.0,False,True
312,Helpdesk,13-1111.00,Writing,4.0,False,True
313,Support Engineer,13-1111.00,Active Learning,3.25,False,True
313,Support Engineer,13-1111.00,Active Listening,4.12,True,False
313,Support Engineer,13-1111.00,Critical Thinking,4.12,True,False
313,Support Engineer,13-1111.00,Learning Strategies,3.0,True,False
313,Support Engineer,13-1111.00,Mathematics,3.0,False,True
313,Support Engineer,13-1111.00,Monitoring,3.88,True,False
313,Support Engineer,13-1111.00,Reading Comprehension,4.12,False,True
313,Support Engineer,13-1111.00,Science,1.88,False,True
313,Support Engineer,13-1111.00,Speaking,4.0,False,True
313,Support Engineer,13-1111.00,Writing,4.0,False,True
314,Hr Manager,11-3121.00,Active Learning,4.0,False,True
314,Hr Manager,11-3121.00,Active Listening,4.38,False,True
314,Hr Manager,11-3121.00,Critical Thinking,4.0,False,True
314,Hr Manager,11-3121.00,Learning Strategies,3.75,True,False
314,Hr Manager,11-3121.00,Mathematics,3.0,False,True
314,Hr Manager,11-3121.00,Monitoring,4.0,True,False
314,Hr Manager,11-3121.00,Reading Comprehension,4.25,False,True
314,Hr Manager,11-3121.00,Science,1.5,True,False
314,Hr Manager,11-3121.00,Speaking,4.25,False,True
314,Hr Manager,11-3121.00,Writing,4.12,False,True
315,Sales Executive,13-1111.00,Active Learning,3.25,False,True
315,Sales Executive,13-1111.00,Active Listening,4.12,False,True
315,Sales Executive,13-1111.00,Critical Thinking,4.12,True,False
315,Sales Executive,13-1111.00,Learning Strategies,3.0,False,True
315,Sales Executive,13-1111.00,Mathematics,3.0,True,False
315,Sales Executive,13-1111.00,Monitoring,3.88,True,False
315,Sales Executive,13-1111.00,Reading Comprehension,4.12,False,True
315,Sales Executive,13-1111.00,Science,1.88,True,False
315,Sales Executive,13-1111.00,Speaking,4.0,False,True
315,Sales Executive,13-1111.00,Writing,4.0,False,True
316,Accountant,13-1111.00,Active Learning,3.25,False,True
316,Accountant,13-1111.00,Active Listening,4.12,False,True
316,Accountant,13-1111.00,Critical Thinking,4.12,False,True
316,Accountant,13-1111.00,Learning Strategies,3.0,False,True
316,Accountant,13-1111.00,Mathematics,3.0,True,False
316,Accountant,13-1111.00,Monitoring,3.88,True,False
316,Accountant,13-1111.00,Reading Comprehension,4.12,False,True
316,Accountant,13-1111.00,Science,1.88,False,True
316,Accountant,13-1111.00,Speaking,4.0,False,True
316,Accountant,13-1111.00,Writing,4.0,True,False
317,Account Manager,13-1111.00,Active Learning,3.25,True,False
317,Account Manager,13-1111.00,Active Listening,4.12,False,True
317,Account Manager,13-1111.00,Critical Thinking,4.12,True,False
317,Account Manager,13-1111.00,Learning Strategies,3.0,True,False
317,Account Manager,13-1111.00,Mathematics,3.0,False,True
317,Account Manager,13-1111.00,Monitoring,3.88,True,False
317,Account Manager,13-1111.00,Reading Comprehension,4.12,False,True
317,Account Manager,13-1111.00,Science,1.88,False,True
317,Account Manager,13-1111.00,Speaking,4.0,False,True
317,Account Manager,13-1111.00,Writing,4.0,False,True
318,Account Manager,13-1111.00,Active Learning,3.25,True,False
318,Account Manager,13-1111.00,Active Listening,4.12,True,False
318,Account Manager,13-1111.00,Critical Thinking,4.12,True,False
318,Account Manager,13-1111.00,Learning Strategies,3.0,False,True
318,Account Manager,13-1111.00,Mathematics,3.0,False,True
318,Account Manager,13-1111.00,Monitoring,3.88,True,False
318,Account Manager,13-1111.00,Reading Comprehension,4.12,False,True
318,Account Manager,13-1111.00,Science,1.88,False,True
318,Account Manager,13-1111.00,Speaking,4.0,True,False
318,Account Manager,13-1111.00,Writing,4.0,False,True
319,Hr Executive,13-1111.00,Active Learning,3.25,False,True
319,Hr Executive,13-1111.00,Active Listening,4.12,False,True
319,Hr Executive,13-1111.00,Critical Thinking,4.12,True,False
319,Hr Executive,13-1111.00,Learning Strategies,3.0,False,True
319,Hr Executive,13-1111.00,Mathematics,3.0,False,True
319,Hr Executive,13-1111.00,Monitoring,3.88,True,False
319,Hr Executive,13-1111.00,Reading Comprehension,4.12,False,True
319,Hr Executive,13-1111.00,Science,1.88,False,True
319,Hr Executive,13-1111.00,Speaking,4.0,True,False
319,Hr Executive,13-1111.00,Writing,4.0,False,True
320,Seo Analyst,13-1161.00,Active Learning,3.75,False,True
320,Seo Analyst,13-1161.00,Active Listening,4.0,True,False
320,Seo Analyst,13-1161.00,Critical Thinking,4.0,False,True
320,Seo Analyst,13-1161.00,Learning Strategies,2.88,True,False
320,Seo Analyst,13-1161.00,Mathematics,3.12,True,False
320,Seo Analyst,13-1161.00,Monitoring,3.12,True,False
320,Seo Analyst,13-1161.00,Reading Comprehension,4.0,False,True
320,Seo Analyst,13-1161.00,Science,2.0,False,True
320,Seo Analyst,13-1161.00,Speaking,3.88,False,True
320,Seo Analyst,13-1161.00,Writing,4.0,False,True
321,Seo Analyst,13-1161.00,Active Learning,3.75,False,True
321,Seo Analyst,13-1161.00,Active Listening,4.0,True,False
321,Seo Analyst,13-1161.00,Critical Thinking,4.0,False,True
321,Seo Analyst,13-1161.00,Learning Strategies,2.88,False,True
321,Seo Analyst,13-1161.00,Mathematics,3.12,True,False
321,Seo Analyst,13-1161.00,Monitoring,3.12,False,True
321,Seo Analyst,13-1161.00,Reading Comprehension,4.0,False,True
321,Seo Analyst,13-1161.00,Science,2.0,True,False
321,Seo Analyst,13-1161.00,Speaking,3.88,False,True
321,Seo Analyst,13-1161.00,Writing,4.0,False,True
322,Tester,13-1111.00,Active Learning,3.25,False,True
322,Tester,13-1111.00,Active Listening,4.12,True,False
322,Tester,13-1111.00,Critical Thinking,4.12,True,False
322,Tester,13-1111.00,Learning Strategies,3.0,True,False
322,Tester,13-1111.00,Mathematics,3.0,False,True
322,Tester,13-1111.00,Monitoring,3.88,False,True
322,Tester,13-1111.00,Reading Comprehension,4.12,False,True
322,Tester,13-1111.00,Science,1.88,True,False
322,Tester,13-1111.00,Speaking,4.0,True,False
322,Tester,13-1111.00,Writing,4.0,False,True
323,Content Lead,13-1111.00,Active Learning,3.25,False,True
323,Content Lead,13-1111.00,Active Listening,4.12,True,False
323,Content Lead,13-1111.00,Critical Thinking,4.12,False,True
323,Content Lead,13-1111.00,Learning Strategies,3.0,True,False
323,Content Lead,13-1111.00,Mathematics,3.0,False,True
323,Content Lead,13-1111.00,Monitoring,3.88,True,False
323,Content Lead,13-1111.00,Reading Comprehension,4.12,True,False
323,Content Lead,13-1111.00,Science,1.88,True,False
323,Content Lead,13-1111.00,Speaking,4.0,False,True
323,Content Lead,13-1111.00,Writing,4.0,False,True
324,Tester,13-1111.00,Active Learning,3.25,False,True
324,Tester,13-1111.00,Active Listening,4.12,True,False
324,Tester,13-1111.00,Critical Thinking,4.12,True,False
324,Tester,13-1111.00,Learning Strategies,3.0,True,False
324,Tester,13-1111.00,Mathematics,3.0,False,True
324,Tester,13-1111.00,Monitoring,3.88,False,True
324,Tester,13-1111.00,Reading Comprehension,4.12,False,True
324,Tester,13-1111.00,Science,1.88,False,True
324,Tester,13-1111.00,Speaking,4.0,False,True
324,Tester,13-1111.00,Writing,4.0,True,False
325,Engineer,13-1111.00,Active Learning,3.25,False,True
325,Engineer,13-1111.00,Active Listening,4.12,True,False
325,Engineer,13-1111.00,Critical Thinking,4.12,False,True
325,Engineer,13-1111.00,Learning Strategies,3.0,True,False
325,Engineer,13-1111.00,Mathematics,3.0,False,True
325,Engineer,13-1111.00,Monitoring,3.88,False,True
325,Engineer,13-1111.00,Reading Comprehension,4.12,False,True
325,Engineer,13-1111.00,Science,1.88,True,False
325,Engineer,13-1111.00,Speaking,4.0,True,False
325,Engineer,13-1111.00,Writing,4.0,False,True
326,Content Lead,13-1111.00,Active Learning,3.25,False,True
326,Content Lead,13-1111.00,Active Listening,4.12,True,False
326,Content Lead,13-1111.00,Critical Thinking,4.12,False,True
326,Content Lead,13-1111.00,Learning Strategies,3.0,False,True
326,Content Lead,13-1111.00,Mathematics,3.0,False,True
326,Content Lead,13-1111.00,Monitoring,3.88,True,False
326,Content Lead,13-1111.00,Reading Comprehension,4.12,True,False
326,Content Lead,13-1111.00,Science,1.88,False,True
326,Content Lead,13-1111.00,Speaking,4.0,False,True
326,Content Lead,13-1111.00,Writing,4.0,False,True
327,Sales Executive,13-1111.00,Active Learning,3.25,False,True
327,Sales Executive,13-1111.00,Active Listening,4.12,True,False
327,Sales Executive,13-1111.00,Critical Thinking,4.12,True,False
327,Sales Executive,13-1111.00,Learning Strategies,3.0,False,True
327,Sales Executive,13-1111.00,Mathematics,3.0,True,False
327,Sales Executive,13-1111.00,Monitoring,3.88,False,True
327,Sales Executive,13-1111.00,Reading Comprehension,4.12,False,True
327,Sales Executive,13-1111.00,Science,1.88,False,True
327,Sales Executive,13-1111.00,Speaking,4.0,True,False
327,Sales Executive,13-1111.00,Writing,4.0,True,False
328,Accountant,13-1111.00,Active Learning,3.25,False,True
328,Accountant,13-1111.00,Active Listening,4.12,True,False
328,Accountant,13-1111.00,Critical Thinking,4.12,True,False
328,Accountant,13-1111.00,Learning Strategies,3.0,False,True
328,Accountant,13-1111.00,Mathematics,3.0,True,False
328,Accountant,13-1111.00,Monitoring,3.88,False,True
328,Accountant,13-1111.00,Reading Comprehension,4.12,False,True
328,Accountant,13-1111.00,Science,1.88,False,True
328,Accountant,13-1111.00,Speaking,4.0,True,False
328,Accountant,13-1111.00,Writing,4.0,False,True
329,Hr Manager,11-3121.00,Active Learning,4.0,True,False
329,Hr Manager,11-3121.00,Active Listening,4.38,False,True
329,Hr Manager,11-3121.00,Critical Thinking,4.0,False,True
329,Hr Manager,11-3121.00,Learning Strategies,3.75,True,False
329,Hr Manager,11-3121.00,Mathematics,3.0,True,False
329,Hr Manager,11-3121.00,Monitoring,4.0,False,True
329,Hr Manager,11-3121.00,Reading Comprehension,4.25,True,False
329,Hr Manager,11-3121.00,Science,1.5,False,True
329,Hr Manager,11-3121.00,Speaking,4.25,True,False
329,Hr Manager,11-3121.00,Writing,4.12,False,True
330,Developer,15-1252.00,Active Learning,3.5,True,False
330,Developer,15-1252.00,Active Listening,3.38,False,True
330,Developer,15-1252.00,Critical Thinking,3.88,False,True
330,Developer,15-1252.00,Learning Strategies,2.62,True,False
330,Developer,15-1252.00,Mathematics,2.75,False,True
330,Developer,15-1252.00,Monitoring,3.0,True,False
330,Developer,15-1252.00,Reading Comprehension,3.5,True,False
330,Developer,15-1252.00,Science,2.12,False,True
330,Developer,15-1252.00,Speaking,3.12,False,True
330,Developer,15-1252.00,Writing,3.25,True,False
331,Account Manager,13-1111.00,Active Learning,3.25,True,False
331,Account Manager,13-1111.00,Active Listening,4.12,False,True
331,Account Manager,13-1111.00,Critical Thinking,4.12,True,False
331,Account Manager,13-1111.00,Learning Strategies,3.0,False,True
331,Account Manager,13-1111.00,Mathematics,3.0,True,False
331,Account Manager,13-1111.00,Monitoring,3.88,False,True
331,Account Manager,13-1111.00,Reading Comprehension,4.12,False,True
331,Account Manager,13-1111.00,Science,1.88,True,False
331,Account Manager,13-1111.00,Speaking,4.0,False,True
331,Account Manager,13-1111.00,Writing,4.0,True,False
332,Sales Executive,13-1111.00,Active Learning,3.25,False,True
332,Sales Executive,13-1111.00,Active Listening,4.12,False,True
332,Sales Executive,13-1111.00,Critical Thinking,4.12,True,False
332,Sales Executive,13-1111.00,Learning Strategies,3.0,False,True
332,Sales Executive,13-1111.00,Mathematics,3.0,False,True
332,Sales Executive,13-1111.00,Monitoring,3.88,False,True
332,Sales Executive,13-1111.00,Reading Comprehension,4.12,False,True
332,Sales Executive,13-1111.00,Science,1.88,False,True
332,Sales Executive,13-1111.00,Speaking,4.0,True,False
332,Sales Executive,13-1111.00,Writing,4.0,True,False
333,Hr Manager,11-3121.00,Active Learning,4.0,True,False
333,Hr Manager,11-3121.00,Active Listening,4.38,False,True
333,Hr Manager,11-3121.00,Critical Thinking,4.0,True,False
333,Hr Manager,11-3121.00,Learning Strategies,3.75,False,True
333,Hr Manager,11-3121.00,Mathematics,3.0,True,False
333,Hr Manager,11-3121.00,Monitoring,4.0,True,False
333,Hr Manager,11-3121.00,Reading Comprehension,4.25,False,True
333,Hr Manager,11-3121.00,Science,1.5,False,True
333,Hr Manager,11-3121.00,Speaking,4.25,False,True
333,Hr Manager,11-3121.00,Writing,4.12,False,True
334,Account Manager,13-1111.00,Active Learning,3.25,False,True
334,Account Manager,13-1111.00,Active Listening,4.12,False,True
334,Account Manager,13-1111.00,Critical Thinking,4.12,True,False
334,Account Manager,13-1111.00,Learning Strategies,3.0,True,False
334,Account Manager,13-1111.00,Mathematics,3.0,False,True
334,Account Manager,13-1111.00,Monitoring,3.88,False,True
334,Account Manager,13-1111.00,Reading Comprehension,4.12,False,True
334,Account Manager,13-1111.00,Science,1.88,True,False
334,Account Manager,13-1111.00,Speaking,4.0,True,False
334,Account Manager,13-1111.00,Writing,4.0,True,False
335,Support Engineer,13-1111.00,Active Learning,3.25,False,True
335,Support Engineer,13-1111.00,Active Listening,4.12,True,False
335,Support Engineer,13-1111.00,Critical Thinking,4.12,True,False
335,Support Engineer,13-1111.00,Learning Strategies,3.0,False,True
335,Support Engineer,13-1111.00,Mathematics,3.0,False,True
335,Support Engineer,13-1111.00,Monitoring,3.88,False,True
335,Support Engineer,13-1111.00,Reading Comprehension,4.12,False,True
335,Support Engineer,13-1111.00,Science,1.88,False,True
335,Support Engineer,13-1111.00,Speaking,4.0,True,False
335,Support Engineer,13-1111.00,Writing,4.0,False,True
336,Hr Executive,13-1111.00,Active Learning,3.25,True,False
336,Hr Executive,13-1111.00,Active Listening,4.12,False,True
336,Hr Executive,13-1111.00,Critical Thinking,4.12,False,True
336,Hr Executive,13-1111.00,Learning Strategies,3.0,False,True
336,Hr Executive,13-1111.00,Mathematics,3.0,False,True
336,Hr Executive,13-1111.00,Monitoring,3.88,False,True
336,Hr Executive,13-1111.00,Reading Comprehension,4.12,False,True
336,Hr Executive,13-1111.00,Science,1.88,True,False
336,Hr Executive,13-1111.00,Speaking,4.0,True,False
336,Hr Executive,13-1111.00,Writing,4.0,False,True
337,Seo Analyst,13-1161.00,Active Learning,3.75,False,True
337,Seo Analyst,13-1161.00,Active Listening,4.0,False,True
337,Seo Analyst,13-1161.00,Critical Thinking,4.0,False,True
337,Seo Analyst,13-1161.00,Learning Strategies,2.88,False,True
337,Seo Analyst,13-1161.00,Mathematics,3.12,True,False
337,Seo Analyst,13-1161.00,Monitoring,3.12,True,False
337,Seo Analyst,13-1161.00,Reading Comprehension,4.0,False,True
337,Seo Analyst,13-1161.00,Science,2.0,False,True
337,Seo Analyst,13-1161.00,Speaking,3.88,True,False
337,Seo Analyst,13-1161.00,Writing,4.0,False,True
338,Seo Analyst,13-1161.00,Active Learning,3.75,False,True
338,Seo Analyst,13-1161.00,Active Listening,4.0,True,False
338,Seo Analyst,13-1161.00,Critical Thinking,4.0,False,True
338,Seo Analyst,13-1161.00,Learning Strategies,2.88,False,True
338,Seo Analyst,13-1161.00,Mathematics,3.12,False,True
338,Seo Analyst,13-1161.00,Monitoring,3.12,False,True
338,Seo Analyst,13-1161.00,Reading Comprehension,4.0,True,False
338,Seo Analyst,13-1161.00,Science,2.0,False,True
338,Seo Analyst,13-1161.00,Speaking,3.88,True,False
338,Seo Analyst,13-1161.00,Writing,4.0,False,True
339,Content Lead,13-1111.00,Active Learning,3.25,False,True
339,Content Lead,13-1111.00,Active Listening,4.12,True,False
339,Content Lead,13-1111.00,Critical Thinking,4.12,False,True
339,Content Lead,13-1111.00,Learning Strategies,3.0,False,True
339,Content Lead,13-1111.00,Mathematics,3.0,False,True
339,Content Lead,13-1111.00,Monitoring,3.88,True,False
339,Content Lead,13-1111.00,Reading Comprehension,4.12,False,True
339,Content Lead,13-1111.00,Science,1.88,True,False
339,Content Lead,13-1111.00,Speaking,4.0,False,True
339,Content Lead,13-1111.00,Writing,4.0,False,True
340,Content Lead,13-1111.00,Active Learning,3.25,False,True
340,Content Lead,13-1111.00,Active Listening,4.12,False,True
340,Content Lead,13-1111.00,Critical Thinking,4.12,False,True
340,Content Lead,13-1111.00,Learning Strategies,3.0,True,False
340,Content Lead,13-1111.00,Mathematics,3.0,False,True
340,Content Lead,13-1111.00,Monitoring,3.88,False,True
340,Content Lead,13-1111.00,Reading Comprehension,4.12,True,False
340,Content Lead,13-1111.00,Science,1.88,False,True
340,Content Lead,13-1111.00,Speaking,4.0,True,False
340,Content Lead,13-1111.00,Writing,4.0,True,False
341,Auditor,13-2011.00,Active Learning,3.25,False,True
341,Auditor,13-2011.00,Active Listening,3.5,True,False
341,Auditor,13-2011.00,Critical Thinking,3.5,False,True
341,Auditor,13-2011.00,Learning Strategies,2.75,False,True
341,Auditor,13-2011.00,Mathematics,3.38,False,True
341,Auditor,13-2011.00,Monitoring,3.25,True,False
341,Auditor,13-2011.00,Reading Comprehension,3.88,False,True
341,Auditor,13-2011.00,Science,1.25,True,False
341,Auditor,13-2011.00,Speaking,3.38,False,True
341,Auditor,13-2011.00,Writing,3.5,True,False
342,Tester,13-1111.00,Active Learning,3.25,False,True
342,Tester,13-1111.00,Active Listening,4.12,False,True
342,Tester,13-1111.00,Critical Thinking,4.12,False,True
342,Tester,13-1111.00,Learning Strategies,3.0,True,False
342,Tester,13-1111.00,Mathematics,3.0,False,True
342,Tester,13-1111.00,Monitoring,3.88,False,True
342,Tester,13-1111.00,Reading Comprehension,4.12,False,True
342,Tester,13-1111.00,Science,1.88,False,True
342,Tester,13-1111.00,Speaking,4.0,True,False
342,Tester,13-1111.00,Writing,4.0,True,False
343,Hr Executive,13-1111.00,Active Learning,3.25,False,True
343,Hr Executive,13-1111.00,Active Listening,4.12,True,False
343,Hr Executive,13-1111.00,Critical Thinking,4.12,False,True
343,Hr Executive,13-1111.00,Learning Strategies,3.0,True,False
343,Hr Executive,13-1111.00,Mathematics,3.0,False,True
343,Hr Executive,13-1111.00,Monitoring,3.88,False,True
343,Hr Executive,13-1111.00,Reading Comprehension,4.12,False,True
343,Hr Executive,13-1111.00,Science,1.88,True,False
343,Hr Executive,13-1111.00,Speaking,4.0,False,True
343,Hr Executive,13-1111.00,Writing,4.0,False,True
344,Auditor,13-2011.00,Active Learning,3.25,False,True
344,Auditor,13-2011.00,Active Listening,3.5,False,True
344,Auditor,13-2011.00,Critical Thinking,3.5,False,True
344,Auditor,13-2011.00,Learning Strategies,2.75,True,False
344,Auditor,13-2011.00,Mathematics,3.38,True,False
344,Auditor,13-2011.00,Monitoring,3.25,False,True
344,Auditor,13-2011.00,Reading Comprehension,3.88,True,False
344,Auditor,13-2011.00,Science,1.25,True,False
344,Auditor,13-2011.00,Speaking,3.38,False,True
344,Auditor,13-2011.00,Writing,3.5,False,True
345,Accountant,13-1111.00,Active Learning,3.25,False,True
345,Accountant,13-1111.00,Active Listening,4.12,False,True
345,Accountant,13-1111.00,Critical Thinking,4.12,True,False
345,Accountant,13-1111.00,Learning Strategies,3.0,True,False
345,Accountant,13-1111.00,Mathematics,3.0,False,True
345,Accountant,13-1111.00,Monitoring,3.88,True,False
345,Accountant,13-1111.00,Reading Comprehension,4.12,False,True
345,Accountant,13-1111.00,Science,1.88,True,False
345,Accountant,13-1111.00,Speaking,4.0,False,True
345,Accountant,13-1111.00,Writing,4.0,True,False
346,Hr Manager,11-3121.00,Active Learning,4.0,False,True
346,Hr Manager,11-3121.00,Active Listening,4.38,False,True
346,Hr Manager,11-3121.00,Critical Thinking,4.0,False,True
346,Hr Manager,11-3121.00,Learning Strategies,3.75,True,False
346,Hr Manager,11-3121.00,Mathematics,3.0,False,True
346,Hr Manager,11-3121.00,Monitoring,4.0,False,True
346,Hr Manager,11-3121.00,Reading Comprehension,4.25,True,False
346,Hr Manager,11-3121.00,Science,1.5,False,True
346,Hr Manager,11-3121.00,Speaking,4.25,True,False
346,Hr Manager,11-3121.00,Writing,4.12,True,False
347,Hr Executive,13-1111.00,Active Learning,3.25,False,True
347,Hr Executive,13-1111.00,Active Listening,4.12,True,False
347,Hr Executive,13-1111.00,Critical Thinking,4.12,False,True
347,Hr Executive,13-1111.00,Learning Strategies,3.0,True,False
347,Hr Executive,13-1111.00,Mathematics,3.0,False,True
347,Hr Executive,13-1111.00,Monitoring,3.88,False,True
347,Hr Executive,13-1111.00,Reading Comprehension,4.12,True,False
347,Hr Executive,13-1111.00,Science,1.88,False,True
347,Hr Executive,13-1111.00,Speaking,4.0,False,True
347,Hr Executive,13-1111.00,Writing,4.0,True,False
348,Developer,15-1252.00,Active Learning,3.5,True,False
348,Developer,15-1252.00,Active Listening,3.38,True,False
348,Developer,15-1252.00,Critical Thinking,3.88,False,True
348,Developer,15-1252.00,Learning Strategies,2.62,False,True
348,Developer,15-1252.00,Mathematics,2.75,False,True
348,Developer,15-1252.00,Monitoring,3.0,False,True
348,Developer,15-1252.00,Reading Comprehension,3.5,False,True
348,Developer,15-1252.00,Science,2.12,True,False
348,Developer,15-1252.00,Speaking,3.12,True,False
348,Developer,15-1252.00,Writing,3.25,True,False
349,Sales Executive,13-1111.00,Active Learning,3.25,False,True
349,Sales Executive,13-1111.00,Active Listening,4.12,False,True
349,Sales Executive,13-1111.00,Critical Thinking,4.12,True,False
349,Sales Executive,13-1111.00,Learning Strategies,3.0,False,True
349,Sales Executive,13-1111.00,Mathematics,3.0,False,True
349,Sales Executive,13-1111.00,Monitoring,3.88,False,True
349,Sales Executive,13-1111.00,Reading Comprehension,4.12,True,False
349,Sales Executive,13-1111.00,Science,1.88,False,True
349,Sales Executive,13-1111.00,Speaking,4.0,True,False
349,Sales Executive,13-1111.00,Writing,4.0,True,False
350,Content Lead,13-1111.00,Active Learning,3.25,False,True
350,Content Lead,13-1111.00,Active Listening,4.12,True,False
350,Content Lead,13-1111.00,Critical Thinking,4.12,True,False
350,Content Lead,13-1111.00,Learning Strategies,3.0,False,True
350,Content Lead,13-1111.00,Mathematics,3.0,True,False
350,Content Lead,13-1111.00,Monitoring,3.88,False,True
350,Content Lead,13-1111.00,Reading Comprehension,4.12,False,True
350,Content Lead,13-1111.00,Science,1.88,True,False
350,Content Lead,13-1111.00,Speaking,4.0,False,True
350,Content Lead,13-1111.00,Writing,4.0,True,False
351,Hr Manager,11-3121.00,Active Learning,4.0,False,True
351,Hr Manager,11-3121.00,Active Listening,4.38,True,False
351,Hr Manager,11-3121.00,Critical Thinking,4.0,False,True
351,Hr Manager,11-3121.00,Learning Strategies,3.75,False,True
351,Hr Manager,11-3121.00,Mathematics,3.0,True,False
351,Hr Manager,11-3121.00,Monitoring,4.0,False,True
351,Hr Manager,11-3121.00,Reading Comprehension,4.25,False,True
351,Hr Manager,11-3121.00,Science,1.5,True,False
351,Hr Manager,11-3121.00,Speaking,4.25,True,False
351,Hr Manager,11-3121.00,Writing,4.12,True,False
352,Helpdesk,13-1111.00,Active Learning,3.25,False,True
352,Helpdesk,13-1111.00,Active Listening,4.12,True,False
352,Helpdesk,13-1111.00,Critical Thinking,4.12,False,True
352,Helpdesk,13-1111.00,Learning Strategies,3.0,True,False
352,Helpdesk,13-1111.00,Mathematics,3.0,False,True
352,Helpdesk,13-1111.00,Monitoring,3.88,False,True
352,Helpdesk,13-1111.00,Reading Comprehension,4.12,True,False
352,Helpdesk,13-1111.00,Science,1.88,True,False
352,Helpdesk,13-1111.00,Speaking,4.0,True,False
352,Helpdesk,13-1111.00,Writing,4.0,False,True
353,Tester,13-1111.00,Active Learning,3.25,False,True
353,Tester,13-1111.00,Active Listening,4.12,True,False
353,Tester,13-1111.00,Critical Thinking,4.12,True,False
353,Tester,13-1111.00,Learning Strategies,3.0,True,False
353,Tester,13-1111.00,Mathematics,3.0,False,True
353,Tester,13-1111.00,Monitoring,3.88,False,True
353,Tester,13-1111.00,Reading Comprehension,4.12,False,True
353,Tester,13-1111.00,Science,1.88,False,True
353,Tester,13-1111.00,Speaking,4.0,False,True
353,Tester,13-1111.00,Writing,4.0,False,True
354,Helpdesk,13-1111.00,Active Learning,3.25,False,True
354,Helpdesk,13-1111.00,Active Listening,4.12,False,True
354,Helpdesk,13-1111.00,Critical Thinking,4.12,False,True
354,Helpdesk,13-1111.00,Learning Strategies,3.0,True,False
354,Helpdesk,13-1111.00,Mathematics,3.0,False,True
354,Helpdesk,13-1111.00,Monitoring,3.88,False,True
354,Helpdesk,13-1111.00,Reading Comprehension,4.12,False,True
354,Helpdesk,13-1111.00,Science,1.88,True,False
354,Helpdesk,13-1111.00,Speaking,4.0,False,True
354,Helpdesk,13-1111.00,Writing,4.0,True,False
355,Account Manager,13-1111.00,Active Learning,3.25,False,True
355,Account Manager,13-1111.00,Active Listening,4.12,False,True
355,Account Manager,13-1111.00,Critical Thinking,4.12,True,False
355,Account Manager,13-1111.00,Learning Strategies,3.0,False,True
355,Account Manager,13-1111.00,Mathematics,3.0,True,False
355,Account Manager,13-1111.00,Monitoring,3.88,False,True
355,Account Manager,13-1111.00,Reading Comprehension,4.12,False,True
355,Account Manager,13-1111.00,Science,1.88,False,True
355,Account Manager,13-1111.00,Speaking,4.0,False,True
355,Account Manager,13-1111.00,Writing,4.0,True,False
356,Tester,13-1111.00,Active Learning,3.25,True,False
356,Tester,13-1111.00,Active Listening,4.12,True,False
356,Tester,13-1111.00,Critical Thinking,4.12,True,False
356,Tester,13-1111.00,Learning Strategies,3.0,False,True
356,Tester,13-1111.00,Mathematics,3.0,False,True
356,Tester,13-1111.00,Monitoring,3.88,False,True
356,Tester,13-1111.00,Reading Comprehension,4.12,True,False
356,Tester,13-1111.00,Science,1.88,False,True
356,Tester,13-1111.00,Speaking,4.0,False,True
356,Tester,13-1111.00,Writing,4.0,False,True
357,Hr Executive,13-1111.00,Active Learning,3.25,True,False
357,Hr Executive,13-1111.00,Active Listening,4.12,False,True
357,Hr Executive,13-1111.00,Critical Thinking,4.12,False,True
357,Hr Executive,13-1111.00,Learning Strategies,3.0,True,False
357,Hr Executive,13-1111.00,Mathematics,3.0,False,True
357,Hr Executive,13-1111.00,Monitoring,3.88,False,True
357,Hr Executive,13-1111.00,Reading Comprehension,4.12,False,True
357,Hr Executive,13-1111.00,Science,1.88,True,False
357,Hr Executive,13-1111.00,Speaking,4.0,False,True
357,Hr Executive,13-1111.00,Writing,4.0,False,True
358,Engineer,13-1111.00,Active Learning,3.25,True,False
358,Engineer,13-1111.00,Active Listening,4.12,False,True
358,Engineer,13-1111.00,Critical Thinking,4.12,True,False
358,Engineer,13-1111.00,Learning Strategies,3.0,False,True
358,Engineer,13-1111.00,Mathematics,3.0,True,False
358,Engineer,13-1111.00,Monitoring,3.88,False,True
358,Engineer,13-1111.00,Reading Comprehension,4.12,False,True
358,Engineer,13-1111.00,Science,1.88,True,False
358,Engineer,13-1111.00,Speaking,4.0,False,True
358,Engineer,13-1111.00,Writing,4.0,True,False
359,Hr Executive,13-1111.00,Active Learning,3.25,False,True
359,Hr Executive,13-1111.00,Active Listening,4.12,True,False
359,Hr Executive,13-1111.00,Critical Thinking,4.12,True,False
359,Hr Executive,13-1111.00,Learning Strategies,3.0,False,True
359,Hr Executive,13-1111.00,Mathematics,3.0,False,True
359,Hr Executive,13-1111.00,Monitoring,3.88,False,True
359,Hr Executive,13-1111.00,Reading Comprehension,4.12,False,True
359,Hr Executive,13-1111.00,Science,1.88,False,True
359,Hr Executive,13-1111.00,Speaking,4.0,True,False
359,Hr Executive,13-1111.00,Writing,4.0,False,True
360,Hr Manager,11-3121.00,Active Learning,4.0,True,False
360,Hr Manager,11-3121.00,Active Listening,4.38,True,False
360,Hr Manager,11-3121.00,Critical Thinking,4.0,False,True
360,Hr Manager,11-3121.00,Learning Strategies,3.75,True,False
360,Hr Manager,11-3121.00,Mathematics,3.0,True,False
360,Hr Manager,11-3121.00,Monitoring,4.0,False,True
360,Hr Manager,11-3121.00,Reading Comprehension,4.25,True,False
360,Hr Manager,11-3121.00,Science,1.5,False,True
360,Hr Manager,11-3121.00,Speaking,4.25,False,True
360,Hr Manager,11-3121.00,Writing,4.12,False,True
361,Seo Analyst,13-1161.00,Active Learning,3.75,True,False
361,Seo Analyst,13-1161.00,Active Listening,4.0,False,True
361,Seo Analyst,13-1161.00,Critical Thinking,4.0,True,False
361,Seo Analyst,13-1161.00,Learning Strategies,2.88,False,True
361,Seo Analyst,13-1161.00,Mathematics,3.12,False,True
361,Seo Analyst,13-1161.00,Monitoring,3.12,True,False
361,Seo Analyst,13-1161.00,Reading Comprehension,4.0,False,True
361,Seo Analyst,13-1161.00,Science,2.0,True,False
361,Seo Analyst,13-1161.00,Speaking,3.88,True,False
361,Seo Analyst,13-1161.00,Writing,4.0,False,True
362,Helpdesk,13-1111.00,Active Learning,3.25,False,True
362,Helpdesk,13-1111.00,Active Listening,4.12,False,True
362,Helpdesk,13-1111.00,Critical Thinking,4.12,False,True
362,Helpdesk,13-1111.00,Learning Strategies,3.0,True,False
362,Helpdesk,13-1111.00,Mathematics,3.0,True,False
362,Helpdesk,13-1111.00,Monitoring,3.88,False,True
362,Helpdesk,13-1111.00,Reading Comprehension,4.12,True,False
362,Helpdesk,13-1111.00,Science,1.88,False,True
362,Helpdesk,13-1111.00,Speaking,4.0,True,False
362,Helpdesk,13-1111.00,Writing,4.0,True,False
363,Helpdesk,13-1111.00,Active Learning,3.25,False,True
363,Helpdesk,13-1111.00,Active Listening,4.12,True,False
363,Helpdesk,13-1111.00,Critical Thinking,4.12,False,True
363,Helpdesk,13-1111.00,Learning Strategies,3.0,False,True
363,Helpdesk,13-1111.00,Mathematics,3.0,False,True
363,Helpdesk,13-1111.00,Monitoring,3.88,True,False
363,Helpdesk,13-1111.00,Reading Comprehension,4.12,False,True
363,Helpdesk,13-1111.00,Science,1.88,True,False
363,Helpdesk,13-1111.00,Speaking,4.0,True,False
363,Helpdesk,13-1111.00,Writing,4.0,True,False
364,Tester,13-1111.00,Active Learning,3.25,False,True
364,Tester,13-1111.00,Active Listening,4.12,True,False
364,Tester,13-1111.00,Critical Thinking,4.12,False,True
364,Tester,13-1111.00,Learning Strategies,3.0,True,False
364,Tester,13-1111.00,Mathematics,3.0,False,True
364,Tester,13-1111.00,Monitoring,3.88,True,False
364,Tester,13-1111.00,Reading Comprehension,4.12,False,True
364,Tester,13-1111.00,Science,1.88,False,True
364,Tester,13-1111.00,Speaking,4.0,True,False
364,Tester,13-1111.00,Writing,4.0,True,False
365,Sales Executive,13-1111.00,Active Learning,3.25,True,False
365,Sales Executive,13-1111.00,Active Listening,4.12,True,False
365,Sales Executive,13-1111.00,Critical Thinking,4.12,False,True
365,Sales Executive,13-1111.00,Learning Strategies,3.0,False,True
365,Sales Executive,13-1111.00,Mathematics,3.0,False,True
365,Sales Executive,13-1111.00,Monitoring,3.88,False,True
365,Sales Executive,13-1111.00,Reading Comprehension,4.12,True,False
365,Sales Executive,13-1111.00,Science,1.88,True,False
365,Sales Executive,13-1111.00,Speaking,4.0,True,False
365,Sales Executive,13-1111.00,Writing,4.0,False,True
366,Helpdesk,13-1111.00,Active Learning,3.25,False,True
366,Helpdesk,13-1111.00,Active Listening,4.12,False,True
366,Helpdesk,13-1111.00,Critical Thinking,4.12,True,False
366,Helpdesk,13-1111.00,Learning Strategies,3.0,True,False
366,Helpdesk,13-1111.00,Mathematics,3.0,False,True
366,Helpdesk,13-1111.00,Monitoring,3.88,False,True
366,Helpdesk,13-1111.00,Reading Comprehension,4.12,False,True
366,Helpdesk,13-1111.00,Science,1.88,True,False
366,Helpdesk,13-1111.00,Speaking,4.0,False,True
366,Helpdesk,13-1111.00,Writing,4.0,False,True
367,Accountant,13-1111.00,Active Learning,3.25,False,True
367,Accountant,13-1111.00,Active Listening,4.12,True,False
367,Accountant,13-1111.00,Critical Thinking,4.12,False,True
367,Accountant,13-1111.00,Learning Strategies,3.0,False,True
367,Accountant,13-1111.00,Mathematics,3.0,False,True
367,Accountant,13-1111.00,Monitoring,3.88,True,False
367,Accountant,13-1111.00,Reading Comprehension,4.12,False,True
367,Accountant,13-1111.00,Science,1.88,False,True
367,Accountant,13-1111.00,Speaking,4.0,True,False
367,Accountant,13-1111.00,Writing,4.0,False,True
368,Developer,15-1252.00,Active Learning,3.5,False,True
368,Developer,15-1252.00,Active Listening,3.38,True,False
368,Developer,15-1252.00,Critical Thinking,3.88,False,True
368,Developer,15-1252.00,Learning Strategies,2.62,True,False
368,Developer,15-1252.00,Mathematics,2.75,False,True
368,Developer,15-1252.00,Monitoring,3.0,True,False
368,Developer,15-1252.00,Reading Comprehension,3.5,False,True
368,Developer,15-1252.00,Science,2.12,False,True
368,Developer,15-1252.00,Speaking,3.12,True,False
368,Developer,15-1252.00,Writing,3.25,True,False
369,Account Manager,13-1111.00,Active Learning,3.25,True,False
369,Account Manager,13-1111.00,Active Listening,4.12,True,False
369,Account Manager,13-1111.00,Critical Thinking,4.12,False,True
369,Account Manager,13-1111.00,Learning Strategies,3.0,False,True
369,Account Manager,13-1111.00,Mathematics,3.0,False,True
369,Account Manager,13-1111.00,Monitoring,3.88,True,False
369,Account Manager,13-1111.00,Reading Comprehension,4.12,True,False
369,Account Manager,13-1111.00,Science,1.88,False,True
369,Account Manager,13-1111.00,Speaking,4.0,True,False
369,Account Manager,13-1111.00,Writing,4.0,False,True
370,Hr Executive,13-1111.00,Active Learning,3.25,False,True
370,Hr Executive,13-1111.00,Active Listening,4.12,False,True
370,Hr Executive,13-1111.00,Critical Thinking,4.12,False,True
370,Hr Executive,13-1111.00,Learning Strategies,3.0,False,True
370,Hr Executive,13-1111.00,Mathematics,3.0,False,True
370,Hr Executive,13-1111.00,Monitoring,3.88,False,True
370,Hr Executive,13-1111.00,Reading Comprehension,4.12,True,False
370,Hr Executive,13-1111.00,Science,1.88,False,True
370,Hr Executive,13-1111.00,Speaking,4.0,True,False
370,Hr Executive,13-1111.00,Writing,4.0,True,False
371,Accountant,13-1111.00,Active Learning,3.25,False,True
371,Accountant,13-1111.00,Active Listening,4.12,False,True
371,Accountant,13-1111.00,Critical Thinking,4.12,True,False
371,Accountant,13-1111.00,Learning Strategies,3.0,True,False
371,Accountant,13-1111.00,Mathematics,3.0,False,True
371,Accountant,13-1111.00,Monitoring,3.88,False,True
371,Accountant,13-1111.00,Reading Comprehension,4.12,False,True
371,Accountant,13-1111.00,Science,1.88,False,True
371,Accountant,13-1111.00,Speaking,4.0,False,True
371,Accountant,13-1111.00,Writing,4.0,True,False
372,Developer,15-1252.00,Active Learning,3.5,True,False
372,Developer,15-1252.00,Active Listening,3.38,False,True
372,Developer,15-1252.00,Critical Thinking,3.88,False,True
372,Developer,15-1252.00,Learning Strategies,2.62,True,False
372,Developer,15-1252.00,Mathematics,2.75,True,False
372,Developer,15-1252.00,Monitoring,3.0,False,True
372,Developer,15-1252.00,Reading Comprehension,3.5,False,True
372,Developer,15-1252.00,Science,2.12,False,True
372,Developer,15-1252.00,Speaking,3.12,False,True
372,Developer,15-1252.00,Writing,3.25,False,True
373,Auditor,13-2011.00,Active Learning,3.25,True,False
373,Auditor,13-2011.00,Active Listening,3.5,False,True
373,Auditor,13-2011.00,Critical Thinking,3.5,False,True
373,Auditor,13-2011.00,Learning Strategies,2.75,True,False
373,Auditor,13-2011.00,Mathematics,3.38,False,True
373,Auditor,13-2011.00,Monitoring,3.25,False,True
373,Auditor,13-2011.00,Reading Comprehension,3.88,False,True
373,Auditor,13-2011.00,Science,1.25,False,True
373,Auditor,13-2011.00,Speaking,3.38,True,False
373,Auditor,13-2011.00,Writing,3.5,False,True
374,Accountant,13-1111.00,Active Learning,3.25,False,True
374,Accountant,13-1111.00,Active Listening,4.12,False,True
374,Accountant,13-1111.00,Critical Thinking,4.12,False,True
374,Accountant,13-1111.00,Learning Strategies,3.0,False,True
374,Accountant,13-1111.00,Mathematics,3.0,False,True
374,Accountant,13-1111.00,Monitoring,3.88,False,True
374,Accountant,13-1111.00,Reading Comprehension,4.12,False,True
374,Accountant,13-1111.00,Science,1.88,True,False
374,Accountant,13-1111.00,Speaking,4.0,True,False
374,Accountant,13-1111.00,Writing,4.0,True,False
375,Seo Analyst,13-1161.00,Active Learning,3.75,True,False
375,Seo Analyst,13-1161.00,Active Listening,4.0,False,True
375,Seo Analyst,13-1161.00,Critical Thinking,4.0,True,False
375,Seo Analyst,13-1161.00,Learning Strategies,2.88,False,True
375,Seo Analyst,13-1161.00,Mathematics,3.12,False,True
375,Seo Analyst,13-1161.00,Monitoring,3.12,False,True
375,Seo Analyst,13-1161.00,Reading Comprehension,4.0,False,True
375,Seo Analyst,13-1161.00,Science,2.0,True,False
375,Seo Analyst,13-1161.00,Speaking,3.88,False,True
375,Seo Analyst,13-1161.00,Writing,4.0,False,True
376,Engineer,13-1111.00,Active Learning,3.25,False,True
376,Engineer,13-1111.00,Active Listening,4.12,True,False
376,Engineer,13-1111.00,Critical Thinking,4.12,True,False
376,Engineer,13-1111.00,Learning Strategies,3.0,True,False
376,Engineer,13-1111.00,Mathematics,3.0,True,False
376,Engineer,13-1111.00,Monitoring,3.88,False,True
376,Engineer,13-1111.00,Reading Comprehension,4.12,True,False
376,Engineer,13-1111.00,Science,1.88,False,True
376,Engineer,13-1111.00,Speaking,4.0,False,True
376,Engineer,13-1111.00,Writing,4.0,False,True
377,Sales Executive,13-1111.00,Active Learning,3.25,True,False
377,Sales Executive,13-1111.00,Active Listening,4.12,False,True
377,Sales Executive,13-1111.00,Critical Thinking,4.12,False,True
377,Sales Executive,13-1111.00,Learning Strategies,3.0,True,False
377,Sales Executive,13-1111.00,Mathematics,3.0,False,True
377,Sales Executive,13-1111.00,Monitoring,3.88,False,True
377,Sales Executive,13-1111.00,Reading Comprehension,4.12,False,True
377,Sales Executive,13-1111.00,Science,1.88,False,True
377,Sales Executive,13-1111.00,Speaking,4.0,False,True
377,Sales Executive,13-1111.00,Writing,4.0,True,False
378,Sales Executive,13-1111.00,Active Learning,3.25,False,True
378,Sales Executive,13-1111.00,Active Listening,4.12,True,False
378,Sales Executive,13-1111.00,Critical Thinking,4.12,True,False
378,Sales Executive,13-1111.00,Learning Strategies,3.0,False,True
378,Sales Executive,13-1111.00,Mathematics,3.0,False,True
378,Sales Executive,13-1111.00,Monitoring,3.88,False,True
378,Sales Executive,13-1111.00,Reading Comprehension,4.12,False,True
378,Sales Executive,13-1111.00,Science,1.88,True,False
378,Sales Executive,13-1111.00,Speaking,4.0,False,True
378,Sales Executive,13-1111.00,Writing,4.0,False,True
379,Support Engineer,13-1111.00,Active Learning,3.25,False,True
379,Support Engineer,13-1111.00,Active Listening,4.12,False,True
379,Support Engineer,13-1111.00,Critical Thinking,4.12,False,True
379,Support Engineer,13-1111.00,Learning Strategies,3.0,False,True
379,Support Engineer,13-1111.00,Mathematics,3.0,True,False
379,Support Engineer,13-1111.00,Monitoring,3.88,False,True
379,Support Engineer,13-1111.00,Reading Comprehension,4.12,False,True
379,Support Engineer,13-1111.00,Science,1.88,False,True
379,Support Engineer,13-1111.00,Speaking,4.0,True,False
379,Support Engineer,13-1111.00,Writing,4.0,True,False
380,Seo Analyst,13-1161.00,Active Learning,3.75,False,True
380,Seo Analyst,13-1161.00,Active Listening,4.0,True,False
380,Seo Analyst,13-1161.00,Critical Thinking,4.0,True,False
380,Seo Analyst,13-1161.00,Learning Strategies,2.88,True,False
380,Seo Analyst,13-1161.00,Mathematics,3.12,True,False
380,Seo Analyst,13-1161.00,Monitoring,3.12,False,True
380,Seo Analyst,13-1161.00,Reading Comprehension,4.0,False,True
380,Seo Analyst,13-1161.00,Science,2.0,False,True
380,Seo Analyst,13-1161.00,Speaking,3.88,False,True
380,Seo Analyst,13-1161.00,Writing,4.0,True,False
381,Tester,13-1111.00,Active Learning,3.25,True,False
381,Tester,13-1111.00,Active Listening,4.12,False,True
381,Tester,13-1111.00,Critical Thinking,4.12,False,True
381,Tester,13-1111.00,Learning Strategies,3.0,False,True
381,Tester,13-1111.00,Mathematics,3.0,False,True
381,Tester,13-1111.00,Monitoring,3.88,True,False
381,Tester,13-1111.00,Reading Comprehension,4.12,False,True
381,Tester,13-1111.00,Science,1.88,False,True
381,Tester,13-1111.00,Speaking,4.0,True,False
381,Tester,13-1111.00,Writing,4.0,True,False
382,Support Engineer,13-1111.00,Active Learning,3.25,True,False
382,Support Engineer,13-1111.00,Active Listening,4.12,False,True
382,Support Engineer,13-1111.00,Critical Thinking,4.12,False,True
382,Support Engineer,13-1111.00,Learning Strategies,3.0,False,True
382,Support Engineer,13-1111.00,Mathematics,3.0,True,False
382,Support Engineer,13-1111.00,Monitoring,3.88,False,True
382,Support Engineer,13-1111.00,Reading Comprehension,4.12,False,True
382,Support Engineer,13-1111.00,Science,1.88,True,False
382,Support Engineer,13-1111.00,Speaking,4.0,False,True
382,Support Engineer,13-1111.00,Writing,4.0,False,True
383,Engineer,13-1111.00,Active Learning,3.25,False,True
383,Engineer,13-1111.00,Active Listening,4.12,False,True
383,Engineer,13-1111.00,Critical Thinking,4.12,True,False
383,Engineer,13-1111.00,Learning Strategies,3.0,True,False
383,Engineer,13-1111.00,Mathematics,3.0,False,True
383,Engineer,13-1111.00,Monitoring,3.88,False,True
383,Engineer,13-1111.00,Reading Comprehension,4.12,False,True
383,Engineer,13-1111.00,Science,1.88,True,False
383,Engineer,13-1111.00,Speaking,4.0,True,False
383,Engineer,13-1111.00,Writing,4.0,False,True
384,Sales Executive,13-1111.00,Active Learning,3.25,False,True
384,Sales Executive,13-1111.00,Active Listening,4.12,False,True
384,Sales Executive,13-1111.00,Critical Thinking,4.12,True,False
384,Sales Executive,13-1111.00,Learning Strategies,3.0,False,True
384,Sales Executive,13-1111.00,Mathematics,3.0,True,False
384,Sales Executive,13-1111.00,Monitoring,3.88,True,False
384,Sales Executive,13-1111.00,Reading Comprehension,4.12,False,True
384,Sales Executive,13-1111.00,Science,1.88,False,True
384,Sales Executive,13-1111.00,Speaking,4.0,True,False
384,Sales Executive,13-1111.00,Writing,4.0,False,True
385,Hr Manager,11-3121.00,Active Learning,4.0,True,False
385,Hr Manager,11-3121.00,Active Listening,4.38,True,False
385,Hr Manager,11-3121.00,Critical Thinking,4.0,True,False
385,Hr Manager,11-3121.00,Learning Strategies,3.75,False,True
385,Hr Manager,11-3121.00,Mathematics,3.0,False,True
385,Hr Manager,11-3121.00,Monitoring,4.0,True,False
385,Hr Manager,11-3121.00,Reading Comprehension,4.25,True,False
385,Hr Manager,11-3121.00,Science,1.5,False,True
385,Hr Manager,11-3121.00,Speaking,4.25,False,True
385,Hr Manager,11-3121.00,Writing,4.12,False,True
386,Sales Executive,13-1111.00,Active Learning,3.25,True,False
386,Sales Executive,13-1111.00,Active Listening,4.12,True,False
386,Sales Executive,13-1111.00,Critical Thinking,4.12,True,False
386,Sales Executive,13-1111.00,Learning Strategies,3.0,False,True
386,Sales Executive,13-1111.00,Mathematics,3.0,False,True
386,Sales Executive,13-1111.00,Monitoring,3.88,False,True
386,Sales Executive,13-1111.00,Reading Comprehension,4.12,False,True
386,Sales Executive,13-1111.00,Science,1.88,False,True
386,Sales Executive,13-1111.00,Speaking,4.0,True,False
386,Sales Executive,13-1111.00,Writing,4.0,False,True
387,Account Manager,13-1111.00,Active Learning,3.25,True,False
387,Account Manager,13-1111.00,Active Listening,4.12,False,True
387,Account Manager,13-1111.00,Critical Thinking,4.12,False,True
387,Account Manager,13-1111.00,Learning Strategies,3.0,True,False
387,Account Manager,13-1111.00,Mathematics,3.0,False,True
387,Account Manager,13-1111.00,Monitoring,3.88,True,False
387,Account Manager,13-1111.00,Reading Comprehension,4.12,False,True
387,Account Manager,13-1111.00,Science,1.88,True,False
387,Account Manager,13-1111.00,Speaking,4.0,False,True
387,Account Manager,13-1111.00,Writing,4.0,False,True
388,Content Lead,13-1111.00,Active Learning,3.25,False,True
388,Content Lead,13-1111.00,Active Listening,4.12,True,False
388,Content Lead,13-1111.00,Critical Thinking,4.12,False,True
388,Content Lead,13-1111.00,Learning Strategies,3.0,True,False
388,Content Lead,13-1111.00,Mathematics,3.0,True,False
388,Content Lead,13-1111.00,Monitoring,3.88,False,True
388,Content Lead,13-1111.00,Reading Comprehension,4.12,False,True
388,Content Lead,13-1111.00,Science,1.88,False,True
388,Content Lead,13-1111.00,Speaking,4.0,True,False
388,Content Lead,13-1111.00,Writing,4.0,True,False
389,Support Engineer,13-1111.00,Active Learning,3.25,True,False
389,Support Engineer,13-1111.00,Active Listening,4.12,True,False
389,Support Engineer,13-1111.00,Critical Thinking,4.12,True,False
389,Support Engineer,13-1111.00,Learning Strategies,3.0,True,False
389,Support Engineer,13-1111.00,Mathematics,3.0,True,False
389,Support Engineer,13-1111.00,Monitoring,3.88,False,True
389,Support Engineer,13-1111.00,Reading Comprehension,4.12,False,True
389,Support Engineer,13-1111.00,Science,1.88,False,True
389,Support Engineer,13-1111.00,Speaking,4.0,False,True
389,Support Engineer,13-1111.00,Writing,4.0,False,True
390,Account Manager,13-1111.00,Active Learning,3.25,False,True
390,Account Manager,13-1111.00,Active Listening,4.12,True,False
390,Account Manager,13-1111.00,Critical Thinking,4.12,False,True
390,Account Manager,13-1111.00,Learning Strategies,3.0,True,False
390,Account Manager,13-1111.00,Mathematics,3.0,False,True
390,Account Manager,13-1111.00,Monitoring,3.88,True,False
390,Account Manager,13-1111.00,Reading Comprehension,4.12,False,True
390,Account Manager,13-1111.00,Science,1.88,False,True
390,Account Manager,13-1111.00,Speaking,4.0,True,False
390,Account Manager,13-1111.00,Writing,4.0,False,True
391,Content Lead,13-1111.00,Active Learning,3.25,True,False
391,Content Lead,13-1111.00,Active Listening,4.12,False,True
391,Content Lead,13-1111.00,Critical Thinking,4.12,False,True
391,Content Lead,13-1111.00,Learning Strategies,3.0,False,True
391,Content Lead,13-1111.00,Mathematics,3.0,False,True
391,Content Lead,13-1111.00,Monitoring,3.88,False,True
391,Content Lead,13-1111.00,Reading Comprehension,4.12,False,True
391,Content Lead,13-1111.00,Science,1.88,True,False
391,Content Lead,13-1111.00,Speaking,4.0,True,False
391,Content Lead,13-1111.00,Writing,4.0,True,False
392,Tester,13-1111.00,Active Learning,3.25,True,False
392,Tester,13-1111.00,Active Listening,4.12,True,False
392,Tester,13-1111.00,Critical Thinking,4.12,False,True
392,Tester,13-1111.00,Learning Strategies,3.0,False,True
392,Tester,13-1111.00,Mathematics,3.0,False,True
392,Tester,13-1111.00,Monitoring,3.88,False,True
392,Tester,13-1111.00,Reading Comprehension,4.12,False,True
392,Tester,13-1111.00,Science,1.88,False,True
392,Tester,13-1111.00,Speaking,4.0,True,False
392,Tester,13-1111.00,Writing,4.0,True,False
393,Helpdesk,13-1111.00,Active Learning,3.25,True,False
393,Helpdesk,13-1111.00,Active Listening,4.12,False,True
393,Helpdesk,13-1111.00,Critical Thinking,4.12,True,False
393,Helpdesk,13-1111.00,Learning Strategies,3.0,False,True
393,Helpdesk,13-1111.00,Mathematics,3.0,False,True
393,Helpdesk,13-1111.00,Monitoring,3.88,True,False
393,Helpdesk,13-1111.00,Reading Comprehension,4.12,False,True
393,Helpdesk,13-1111.00,Science,1.88,True,False
393,Helpdesk,13-1111.00,Speaking,4.0,False,True
393,Helpdesk,13-1111.00,Writing,4.0,False,True
394,Accountant,13-1111.00,Active Learning,3.25,True,False
394,Accountant,13-1111.00,Active Listening,4.12,True,False
394,Accountant,13-1111.00,Critical Thinking,4.12,False,True
394,Accountant,13-1111.00,Learning Strategies,3.0,False,True
394,Accountant,13-1111.00,Mathematics,3.0,True,False
394,Accountant,13-1111.00,Monitoring,3.88,True,False
394,Accountant,13-1111.00,Reading Comprehension,4.12,False,True
394,Accountant,13-1111.00,Science,1.88,False,True
394,Accountant,13-1111.00,Speaking,4.0,False,True
394,Accountant,13-1111.00,Writing,4.0,True,False
395,Account Manager,13-1111.00,Active Learning,3.25,False,True
395,Account Manager,13-1111.00,Active Listening,4.12,False,True
395,Account Manager,13-1111.00,Critical Thinking,4.12,False,True
395,Account Manager,13-1111.00,Learning Strategies,3.0,True,False
395,Account Manager,13-1111.00,Mathematics,3.0,False,True
395,Account Manager,13-1111.00,Monitoring,3.88,True,False
395,Account Manager,13-1111.00,Reading Comprehension,4.12,False,True
395,Account Manager,13-1111.00,Science,1.88,True,False
395,Account Manager,13-1111.00,Speaking,4.0,True,False
395,Account Manager,13-1111.00,Writing,4.0,False,True
396,Seo Analyst,13-1161.00,Active Learning,3.75,False,True
396,Seo Analyst,13-1161.00,Active Listening,4.0,False,True
396,Seo Analyst,13-1161.00,Critical Thinking,4.0,False,True
396,Seo Analyst,13-1161.00,Learning Strategies,2.88,False,True
396,Seo Analyst,13-1161.00,Mathematics,3.12,False,True
396,Seo Analyst,13-1161.00,Monitoring,3.12,False,True
396,Seo Analyst,13-1161.00,Reading Comprehension,4.0,True,False
396,Seo Analyst,13-1161.00,Science,2.0,True,False
396,Seo Analyst,13-1161.00,Speaking,3.88,True,False
396,Seo Analyst,13-1161.00,Writing,4.0,False,True
397,Engineer,13-1111.00,Active Learning,3.25,False,True
397,Engineer,13-1111.00,Active Listening,4.12,True,False
397,Engineer,13-1111.00,Critical Thinking,4.12,True,False
397,Engineer,13-1111.00,Learning Strategies,3.0,False,True
397,Engineer,13-1111.00,Mathematics,3.0,False,True
397,Engineer,13-1111.00,Monitoring,3.88,True,False
397,Engineer,13-1111.00,Reading Comprehension,4.12,False,True
397,Engineer,13-1111.00,Science,1.88,False,True
397,Engineer,13-1111.00,Speaking,4.0,False,True
397,Engineer,13-1111.00,Writing,4.0,False,True
398,Sales Executive,13-1111.00,Active Learning,3.25,True,False
398,Sales Executive,13-1111.00,Active Listening,4.12,True,False
398,Sales Executive,13-1111.00,Critical Thinking,4.12,True,False
398,Sales Executive,13-1111.00,Learning Strategies,3.0,False,True
398,Sales Executive,13-1111.00,Mathematics,3.0,False,True
398,Sales Executive,13-1111.00,Monitoring,3.88,False,True
398,Sales Executive,13-1111.00,Reading Comprehension,4.12,False,True
398,Sales Executive,13-1111.00,Science,1.88,True,False
398,Sales Executive,13-1111.00,Speaking,4.0,True,False
398,Sales Executive,13-1111.00,Writing,4.0,False,True
399,Sales Executive,13-1111.00,Active Learning,3.25,True,False
399,Sales Executive,13-1111.00,Active Listening,4.12,False,True
399,Sales Executive,13-1111.00,Critical Thinking,4.12,False,True
399,Sales Executive,13-1111.00,Learning Strategies,3.0,False,True
399,Sales Executive,13-1111.00,Mathematics,3.0,False,True
399,Sales Executive,13-1111.00,Monitoring,3.88,True,False
399,Sales Executive,13-1111.00,Reading Comprehension,4.12,False,True
399,Sales Executive,13-1111.00,Science,1.88,False,True
399,Sales Executive,13-1111.00,Speaking,4.0,False,True
399,Sales Executive,13-1111.00,Writing,4.0,True,False
400,Accountant,13-1111.00,Active Learning,3.25,False,True
400,Accountant,13-1111.00,Active Listening,4.12,True,False
400,Accountant,13-1111.00,Critical Thinking,4.12,False,True
400,Accountant,13-1111.00,Learning Strategies,3.0,True,False
400,Accountant,13-1111.00,Mathematics,3.0,False,True
400,Accountant,13-1111.00,Monitoring,3.88,False,True
400,Accountant,13-1111.00,Reading Comprehension,4.12,True,False
400,Accountant,13-1111.00,Science,1.88,False,True
400,Accountant,13-1111.00,Speaking,4.0,False,True
400,Accountant,13-1111.00,Writing,4.0,False,True
401,Developer,15-1252.00,Active Learning,3.5,True,False
401,Developer,15-1252.00,Active Listening,3.38,False,True
401,Developer,15-1252.00,Critical Thinking,3.88,True,False
401,Developer,15-1252.00,Learning Strategies,2.62,False,True
401,Developer,15-1252.00,Mathematics,2.75,False,True
401,Developer,15-1252.00,Monitoring,3.0,False,True
401,Developer,15-1252.00,Reading Comprehension,3.5,True,False
401,Developer,15-1252.00,Science,2.12,False,True
401,Developer,15-1252.00,Speaking,3.12,False,True
401,Developer,15-1252.00,Writing,3.25,True,False
402,Seo Analyst,13-1161.00,Active Learning,3.75,False,True
402,Seo Analyst,13-1161.00,Active Listening,4.0,False,True
402,Seo Analyst,13-1161.00,Critical Thinking,4.0,True,False
402,Seo Analyst,13-1161.00,Learning Strategies,2.88,True,False
402,Seo Analyst,13-1161.00,Mathematics,3.12,False,True
402,Seo Analyst,13-1161.00,Monitoring,3.12,False,True
402,Seo Analyst,13-1161.00,Reading Comprehension,4.0,True,False
402,Seo Analyst,13-1161.00,Science,2.0,True,False
402,Seo Analyst,13-1161.00,Speaking,3.88,True,False
402,Seo Analyst,13-1161.00,Writing,4.0,False,True
403,Account Manager,13-1111.00,Active Learning,3.25,False,True
403,Account Manager,13-1111.00,Active Listening,4.12,False,True
403,Account Manager,13-1111.00,Critical Thinking,4.12,False,True
403,Account Manager,13-1111.00,Learning Strategies,3.0,False,True
403,Account Manager,13-1111.00,Mathematics,3.0,True,False
403,Account Manager,13-1111.00,Monitoring,3.88,True,False
403,Account Manager,13-1111.00,Reading Comprehension,4.12,False,True
403,Account Manager,13-1111.00,Science,1.88,True,False
403,Account Manager,13-1111.00,Speaking,4.0,False,True
403,Account Manager,13-1111.00,Writing,4.0,False,True
404,Developer,15-1252.00,Active Learning,3.5,False,True
404,Developer,15-1252.00,Active Listening,3.38,False,True
404,Developer,15-1252.00,Critical Thinking,3.88,True,False
404,Developer,15-1252.00,Learning Strategies,2.62,True,False
404,Developer,15-1252.00,Mathematics,2.75,False,True
404,Developer,15-1252.00,Monitoring,3.0,True,False
404,Developer,15-1252.00,Reading Comprehension,3.5,False,True
404,Developer,15-1252.00,Science,2.12,False,True
404,Developer,15-1252.00,Speaking,3.12,False,True
404,Developer,15-1252.00,Writing,3.25,False,True
405,Tester,13-1111.00,Active Learning,3.25,False,True
405,Tester,13-1111.00,Active Listening,4.12,True,False
405,Tester,13-1111.00,Critical Thinking,4.12,False,True
405,Tester,13-1111.00,Learning Strategies,3.0,True,False
405,Tester,13-1111.00,Mathematics,3.0,False,True
405,Tester,13-1111.00,Monitoring,3.88,False,True
405,Tester,13-1111.00,Reading Comprehension,4.12,False,True
405,Tester,13-1111.00,Science,1.88,False,True
405,Tester,13-1111.00,Speaking,4.0,True,False
405,Tester,13-1111.00,Writing,4.0,False,True
406,Sales Executive,13-1111.00,Active Learning,3.25,False,True
406,Sales Executive,13-1111.00,Active Listening,4.12,False,True
406,Sales Executive,13-1111.00,Critical Thinking,4.12,True,False
406,Sales Executive,13-1111.00,Learning Strategies,3.0,False,True
406,Sales Executive,13-1111.00,Mathematics,3.0,True,False
406,Sales Executive,13-1111.00,Monitoring,3.88,False,True
406,Sales Executive,13-1111.00,Reading Comprehension,4.12,True,False
406,Sales Executive,13-1111.00,Science,1.88,False,True
406,Sales Executive,13-1111.00,Speaking,4.0,False,True
406,Sales Executive,13-1111.00,Writing,4.0,True,False
407,Tester,13-1111.00,Active Learning,3.25,False,True
407,Tester,13-1111.00,Active Listening,4.12,False,True
407,Tester,13-1111.00,Critical Thinking,4.12,True,False
407,Tester,13-1111.00,Learning Strategies,3.0,True,False
407,Tester,13-1111.00,Mathematics,3.0,False,True
407,Tester,13-1111.00,Monitoring,3.88,False,True
407,Tester,13-1111.00,Reading Comprehension,4.12,True,False
407,Tester,13-1111.00,Science,1.88,True,False
407,Tester,13-1111.00,Speaking,4.0,False,True
407,Tester,13-1111.00,Writing,4.0,False,True
408,Support Engineer,13-1111.00,Active Learning,3.25,True,False
408,Support Engineer,13-1111.00,Active Listening,4.12,True,False
408,Support Engineer,13-1111.00,Critical Thinking,4.12,True,False
408,Support Engineer,13-1111.00,Learning Strategies,3.0,False,True
408,Support Engineer,13-1111.00,Mathematics,3.0,False,True
408,Support Engineer,13-1111.00,Monitoring,3.88,False,True
408,Support Engineer,13-1111.00,Reading Comprehension,4.12,True,False
408,Support Engineer,13-1111.00,Science,1.88,False,True
408,Support Engineer,13-1111.00,Speaking,4.0,True,False
408,Support Engineer,13-1111.00,Writing,4.0,False,True
409,Hr Manager,11-3121.00,Active Learning,4.0,True,False
409,Hr Manager,11-3121.00,Active Listening,4.38,True,False
409,Hr Manager,11-3121.00,Critical Thinking,4.0,False,True
409,Hr Manager,11-3121.00,Learning Strategies,3.75,False,True
409,Hr Manager,11-3121.00,Mathematics,3.0,False,True
409,Hr Manager,11-3121.00,Monitoring,4.0,False,True
409,Hr Manager,11-3121.00,Reading Comprehension,4.25,True,False
409,Hr Manager,11-3121.00,Science,1.5,True,False
409,Hr Manager,11-3121.00,Speaking,4.25,True,False
409,Hr Manager,11-3121.00,Writing,4.12,False,True
410,Content Lead,13-1111.00,Active Learning,3.25,False,True
410,Content Lead,13-1111.00,Active Listening,4.12,False,True
410,Content Lead,13-1111.00,Critical Thinking,4.12,False,True
410,Content Lead,13-1111.00,Learning Strategies,3.0,False,True
410,Content Lead,13-1111.00,Mathematics,3.0,True,False
410,Content Lead,13-1111.00,Monitoring,3.88,True,False
410,Content Lead,13-1111.00,Reading Comprehension,4.12,True,False
410,Content Lead,13-1111.00,Science,1.88,False,True
410,Content Lead,13-1111.00,Speaking,4.0,False,True
410,Content Lead,13-1111.00,Writing,4.0,False,True
411,Seo Analyst,13-1161.00,Active Learning,3.75,True,False
411,Seo Analyst,13-1161.00,Active Listening,4.0,False,True
411,Seo Analyst,13-1161.00,Critical Thinking,4.0,False,True
411,Seo Analyst,13-1161.00,Learning Strategies,2.88,False,True
411,Seo Analyst,13-1161.00,Mathematics,3.12,True,False
411,Seo Analyst,13-1161.00,Monitoring,3.12,False,True
411,Seo Analyst,13-1161.00,Reading Comprehension,4.0,False,True
411,Seo Analyst,13-1161.00,Science,2.0,False,True
411,Seo Analyst,13-1161.00,Speaking,3.88,True,False
411,Seo Analyst,13-1161.00,Writing,4.0,False,True
412,Support Engineer,13-1111.00,Active Learning,3.25,True,False
412,Support Engineer,13-1111.00,Active Listening,4.12,False,True
412,Support Engineer,13-1111.00,Critical Thinking,4.12,False,True
412,Support Engineer,13-1111.00,Learning Strategies,3.0,True,False
412,Support Engineer,13-1111.00,Mathematics,3.0,False,True
412,Support Engineer,13-1111.00,Monitoring,3.88,True,False
412,Support Engineer,13-1111.00,Reading Comprehension,4.12,False,True
412,Support Engineer,13-1111.00,Science,1.88,False,True
412,Support Engineer,13-1111.00,Speaking,4.0,False,True
412,Support Engineer,13-1111.00,Writing,4.0,False,True
413,Auditor,13-2011.00,Active Learning,3.25,False,True
413,Auditor,13-2011.00,Active Listening,3.5,True,False
413,Auditor,13-2011.00,Critical Thinking,3.5,False,True
413,Auditor,13-2011.00,Learning Strategies,2.75,True,False
413,Auditor,13-2011.00,Mathematics,3.38,True,False
413,Auditor,13-2011.00,Monitoring,3.25,False,True
413,Auditor,13-2011.00,Reading Comprehension,3.88,True,False
413,Auditor,13-2011.00,Science,1.25,True,False
413,Auditor,13-2011.00,Speaking,3.38,False,True
413,Auditor,13-2011.00,Writing,3.5,False,True
414,Auditor,13-2011.00,Active Learning,3.25,True,False
414,Auditor,13-2011.00,Active Listening,3.5,False,True
414,Auditor,13-2011.00,Critical Thinking,3.5,False,True
414,Auditor,13-2011.00,Learning Strategies,2.75,False,True
414,Auditor,13-2011.00,Mathematics,3.38,True,False
414,Auditor,13-2011.00,Monitoring,3.25,False,True
414,Auditor,13-2011.00,Reading Comprehension,3.88,True,False
414,Auditor,13-2011.00,Science,1.25,True,False
414,Auditor,13-2011.00,Speaking,3.38,False,True
414,Auditor,13-2011.00,Writing,3.5,False,True
415,Engineer,13-1111.00,Active Learning,3.25,True,False
415,Engineer,13-1111.00,Active Listening,4.12,False,True
415,Engineer,13-1111.00,Critical Thinking,4.12,False,True
415,Engineer,13-1111.00,Learning Strategies,3.0,True,False
415,Engineer,13-1111.00,Mathematics,3.0,False,True
415,Engineer,13-1111.00,Monitoring,3.88,False,True
415,Engineer,13-1111.00,Reading Comprehension,4.12,True,False
415,Engineer,13-1111.00,Science,1.88,False,True
415,Engineer,13-1111.00,Speaking,4.0,True,False
415,Engineer,13-1111.00,Writing,4.0,True,False
416,Auditor,13-2011.00,Active Learning,3.25,False,True
416,Auditor,13-2011.00,Active Listening,3.5,False,True
416,Auditor,13-2011.00,Critical Thinking,3.5,False,True
416,Auditor,13-2011.00,Learning Strategies,2.75,False,True
416,Auditor,13-2011.00,Mathematics,3.38,False,True
416,Auditor,13-2011.00,Monitoring,3.25,True,False
416,Auditor,13-2011.00,Reading Comprehension,3.88,True,False
416,Auditor,13-2011.00,Science,1.25,False,True
416,Auditor,13-2011.00,Speaking,3.38,True,False
416,Auditor,13-2011.00,Writing,3.5,False,True
417,Auditor,13-2011.00,Active Learning,3.25,False,True
417,Auditor,13-2011.00,Active Listening,3.5,False,True
417,Auditor,13-2011.00,Critical Thinking,3.5,True,False
417,Auditor,13-2011.00,Learning Strategies,2.75,True,False
417,Auditor,13-2011.00,Mathematics,3.38,True,False
417,Auditor,13-2011.00,Monitoring,3.25,True,False
417,Auditor,13-2011.00,Reading Comprehension,3.88,False,True
417,Auditor,13-2011.00,Science,1.25,True,False
417,Auditor,13-2011.00,Speaking,3.38,False,True
417,Auditor,13-2011.00,Writing,3.5,False,True
418,Account Manager,13-1111.00,Active Learning,3.25,False,True
418,Account Manager,13-1111.00,Active Listening,4.12,False,True
418,Account Manager,13-1111.00,Critical Thinking,4.12,False,True
418,Account Manager,13-1111.00,Learning Strategies,3.0,True,False
418,Account Manager,13-1111.00,Mathematics,3.0,False,True
418,Account Manager,13-1111.00,Monitoring,3.88,False,True
418,Account Manager,13-1111.00,Reading Comprehension,4.12,True,False
418,Account Manager,13-1111.00,Science,1.88,True,False
418,Account Manager,13-1111.00,Speaking,4.0,False,True
418,Account Manager,13-1111.00,Writing,4.0,False,True
419,Content Lead,13-1111.00,Active Learning,3.25,False,True
419,Content Lead,13-1111.00,Active Listening,4.12,False,True
419,Content Lead,13-1111.00,Critical Thinking,4.12,False,True
419,Content Lead,13-1111.00,Learning Strategies,3.0,False,True
419,Content Lead,13-1111.00,Mathematics,3.0,False,True
419,Content Lead,13-1111.00,Monitoring,3.88,False,True
419,Content Lead,13-1111.00,Reading Comprehension,4.12,True,False
419,Content Lead,13-1111.00,Science,1.88,True,False
419,Content Lead,13-1111.00,Speaking,4.0,True,False
419,Content Lead,13-1111.00,Writing,4.0,True,False
420,Account Manager,13-1111.00,Active Learning,3.25,False,True
420,Account Manager,13-1111.00,Active Listening,4.12,False,True
420,Account Manager,13-1111.00,Critical Thinking,4.12,True,False
420,Account Manager,13-1111.00,Learning Strategies,3.0,False,True
420,Account Manager,13-1111.00,Mathematics,3.0,True,False
420,Account Manager,13-1111.00,Monitoring,3.88,False,True
420,Account Manager,13-1111.00,Reading Comprehension,4.12,True,False
420,Account Manager,13-1111.00,Science,1.88,False,True
420,Account Manager,13-1111.00,Speaking,4.0,False,True
420,Account Manager,13-1111.00,Writing,4.0,False,True
421,Auditor,13-2011.00,Active Learning,3.25,False,True
421,Auditor,13-2011.00,Active Listening,3.5,True,False
421,Auditor,13-2011.00,Critical Thinking,3.5,False,True
421,Auditor,13-2011.00,Learning Strategies,2.75,False,True
421,Auditor,13-2011.00,Mathematics,3.38,True,False
421,Auditor,13-2011.00,Monitoring,3.25,False,True
421,Auditor,13-2011.00,Reading Comprehension,3.88,True,False
421,Auditor,13-2011.00,Science,1.25,False,True
421,Auditor,13-2011.00,Speaking,3.38,False,True
421,Auditor,13-2011.00,Writing,3.5,True,False
422,Content Lead,13-1111.00,Active Learning,3.25,False,True
422,Content Lead,13-1111.00,Active Listening,4.12,False,True
422,Content Lead,13-1111.00,Critical Thinking,4.12,False,True
422,Content Lead,13-1111.00,Learning Strategies,3.0,True,False
422,Content Lead,13-1111.00,Mathematics,3.0,True,False
422,Content Lead,13-1111.00,Monitoring,3.88,True,False
422,Content Lead,13-1111.00,Reading Comprehension,4.12,True,False
422,Content Lead,13-1111.00,Science,1.88,False,True
422,Content Lead,13-1111.00,Speaking,4.0,False,True
422,Content Lead,13-1111.00,Writing,4.0,False,True
423,Account Manager,13-1111.00,Active Learning,3.25,False,True
423,Account Manager,13-1111.00,Active Listening,4.12,False,True
423,Account Manager,13-1111.00,Critical Thinking,4.12,True,False
423,Account Manager,13-1111.00,Learning Strategies,3.0,False,True
423,Account Manager,13-1111.00,Mathematics,3.0,False,True
423,Account Manager,13-1111.00,Monitoring,3.88,False,True
423,Account Manager,13-1111.00,Reading Comprehension,4.12,False,True
423,Account Manager,13-1111.00,Science,1.88,False,True
423,Account Manager,13-1111.00,Speaking,4.0,True,False
423,Account Manager,13-1111.00,Writing,4.0,True,False
424,Content Lead,13-1111.00,Active Learning,3.25,False,True
424,Content Lead,13-1111.00,Active Listening,4.12,False,True
424,Content Lead,13-1111.00,Critical Thinking,4.12,True,False
424,Content Lead,13-1111.00,Learning Strategies,3.0,False,True
424,Content Lead,13-1111.00,Mathematics,3.0,False,True
424,Content Lead,13-1111.00,Monitoring,3.88,True,False
424,Content Lead,13-1111.00,Reading Comprehension,4.12,False,True
424,Content Lead,13-1111.00,Science,1.88,True,False
424,Content Lead,13-1111.00,Speaking,4.0,True,False
424,Content Lead,13-1111.00,Writing,4.0,False,True
425,Seo Analyst,13-1161.00,Active Learning,3.75,False,True
425,Seo Analyst,13-1161.00,Active Listening,4.0,False,True
425,Seo Analyst,13-1161.00,Critical Thinking,4.0,False,True
425,Seo Analyst,13-1161.00,Learning Strategies,2.88,False,True
425,Seo Analyst,13-1161.00,Mathematics,3.12,True,False
425,Seo Analyst,13-1161.00,Monitoring,3.12,True,False
425,Seo Analyst,13-1161.00,Reading Comprehension,4.0,True,False
425,Seo Analyst,13-1161.00,Science,2.0,True,False
425,Seo Analyst,13-1161.00,Speaking,3.88,False,True
425,Seo Analyst,13-1161.00,Writing,4.0,False,True
426,Account Manager,13-1111.00,Active Learning,3.25,True,False
426,Account Manager,13-1111.00,Active Listening,4.12,False,True
426,Account Manager,13-1111.00,Critical Thinking,4.12,False,True
426,Account Manager,13-1111.00,Learning Strategies,3.0,True,False
426,Account Manager,13-1111.00,Mathematics,3.0,True,False
426,Account Manager,13-1111.00,Monitoring,3.88,False,True
426,Account Manager,13-1111.00,Reading Comprehension,4.12,False,True
426,Account Manager,13-1111.00,Science,1.88,False,True
426,Account Manager,13-1111.00,Speaking,4.0,False,True
426,Account Manager,13-1111.00,Writing,4.0,False,True
427,Accountant,13-1111.00,Active Learning,3.25,False,True
427,Accountant,13-1111.00,Active Listening,4.12,True,False
427,Accountant,13-1111.00,Critical Thinking,4.12,False,True
427,Accountant,13-1111.00,Learning Strategies,3.0,False,True
427,Accountant,13-1111.00,Mathematics,3.0,True,False
427,Accountant,13-1111.00,Monitoring,3.88,True,False
427,Accountant,13-1111.00,Reading Comprehension,4.12,False,True
427,Accountant,13-1111.00,Science,1.88,False,True
427,Accountant,13-1111.00,Speaking,4.0,False,True
427,Accountant,13-1111.00,Writing,4.0,False,True
428,Account Manager,13-1111.00,Active Learning,3.25,False,True
428,Account Manager,13-1111.00,Active Listening,4.12,True,False
428,Account Manager,13-1111.00,Critical Thinking,4.12,False,True
428,Account Manager,13-1111.00,Learning Strategies,3.0,False,True
428,Account Manager,13-1111.00,Mathematics,3.0,False,True
428,Account Manager,13-1111.00,Monitoring,3.88,True,False
428,Account Manager,13-1111.00,Reading Comprehension,4.12,False,True
428,Account Manager,13-1111.00,Science,1.88,False,True
428,Account Manager,13-1111.00,Speaking,4.0,True,False
428,Account Manager,13-1111.00,Writing,4.0,False,True
429,Auditor,13-2011.00,Active Learning,3.25,False,True
429,Auditor,13-2011.00,Active Listening,3.5,False,True
429,Auditor,13-2011.00,Critical Thinking,3.5,False,True
429,Auditor,13-2011.00,Learning Strategies,2.75,True,False
429,Auditor,13-2011.00,Mathematics,3.38,True,False
429,Auditor,13-2011.00,Monitoring,3.25,True,False
429,Auditor,13-2011.00,Reading Comprehension,3.88,False,True
429,Auditor,13-2011.00,Science,1.25,False,True
429,Auditor,13-2011.00,Speaking,3.38,True,False
429,Auditor,13-2011.00,Writing,3.5,False,True
430,Sales Executive,13-1111.00,Active Learning,3.25,False,True
430,Sales Executive,13-1111.00,Active Listening,4.12,False,True
430,Sales Executive,13-1111.00,Critical Thinking,4.12,False,True
430,Sales Executive,13-1111.00,Learning Strategies,3.0,False,True
430,Sales Executive,13-1111.00,Mathematics,3.0,False,True
430,Sales Executive,13-1111.00,Monitoring,3.88,True,False
430,Sales Executive,13-1111.00,Reading Comprehension,4.12,False,True
430,Sales Executive,13-1111.00,Science,1.88,True,False
430,Sales Executive,13-1111.00,Speaking,4.0,False,True
430,Sales Executive,13-1111.00,Writing,4.0,True,False
431,Developer,15-1252.00,Active Learning,3.5,True,False
431,Developer,15-1252.00,Active Listening,3.38,False,True
431,Developer,15-1252.00,Critical Thinking,3.88,False,True
431,Developer,15-1252.00,Learning Strategies,2.62,False,True
431,Developer,15-1252.00,Mathematics,2.75,True,False
431,Developer,15-1252.00,Monitoring,3.0,True,False
431,Developer,15-1252.00,Reading Comprehension,3.5,False,True
431,Developer,15-1252.00,Science,2.12,False,True
431,Developer,15-1252.00,Speaking,3.12,True,False
431,Developer,15-1252.00,Writing,3.25,True,False
432,Support Engineer,13-1111.00,Active Learning,3.25,True,False
432,Support Engineer,13-1111.00,Active Listening,4.12,True,False
432,Support Engineer,13-1111.00,Critical Thinking,4.12,True,False
432,Support Engineer,13-1111.00,Learning Strategies,3.0,True,False
432,Support Engineer,13-1111.00,Mathematics,3.0,False,True
432,Support Engineer,13-1111.00,Monitoring,3.88,False,True
432,Support Engineer,13-1111.00,Reading Comprehension,4.12,False,True
432,Support Engineer,13-1111.00,Science,1.88,False,True
432,Support Engineer,13-1111.00,Speaking,4.0,False,True
432,Support Engineer,13-1111.00,Writing,4.0,False,True
433,Sales Executive,13-1111.00,Active Learning,3.25,False,True
433,Sales Executive,13-1111.00,Active Listening,4.12,True,False
433,Sales Executive,13-1111.00,Critical Thinking,4.12,False,True
433,Sales Executive,13-1111.00,Learning Strategies,3.0,True,False
433,Sales Executive,13-1111.00,Mathematics,3.0,False,True
433,Sales Executive,13-1111.00,Monitoring,3.88,True,False
433,Sales Executive,13-1111.00,Reading Comprehension,4.12,False,True
433,Sales Executive,13-1111.00,Science,1.88,False,True
433,Sales Executive,13-1111.00,Speaking,4.0,False,True
433,Sales Executive,13-1111.00,Writing,4.0,False,True
434,Support Engineer,13-1111.00,Active Learning,3.25,True,False
434,Support Engineer,13-1111.00,Active Listening,4.12,False,True
434,Support Engineer,13-1111.00,Critical Thinking,4.12,True,False
434,Support Engineer,13-1111.00,Learning Strategies,3.0,False,True
434,Support Engineer,13-1111.00,Mathematics,3.0,False,True
434,Support Engineer,13-1111.00,Monitoring,3.88,False,True
434,Support Engineer,13-1111.00,Reading Comprehension,4.12,True,False
434,Support Engineer,13-1111.00,Science,1.88,False,True
434,Support Engineer,13-1111.00,Speaking,4.0,True,False
434,Support Engineer,13-1111.00,Writing,4.0,False,True
435,Support Engineer,13-1111.00,Active Learning,3.25,True,False
435,Support Engineer,13-1111.00,Active Listening,4.12,True,False
435,Support Engineer,13-1111.00,Critical Thinking,4.12,True,False
435,Support Engineer,13-1111.00,Learning Strategies,3.0,False,True
435,Support Engineer,13-1111.00,Mathematics,3.0,False,True
435,Support Engineer,13-1111.00,Monitoring,3.88,False,True
435,Support Engineer,13-1111.00,Reading Comprehension,4.12,False,True
435,Support Engineer,13-1111.00,Science,1.88,True,False
435,Support Engineer,13-1111.00,Speaking,4.0,True,False
435,Support Engineer,13-1111.00,Writing,4.0,False,True
436,Seo Analyst,13-1161.00,Active Learning,3.75,True,False
436,Seo Analyst,13-1161.00,Active Listening,4.0,False,True
436,Seo Analyst,13-1161.00,Critical Thinking,4.0,True,False
436,Seo Analyst,13-1161.00,Learning Strategies,2.88,False,True
436,Seo Analyst,13-1161.00,Mathematics,3.12,False,True
436,Seo Analyst,13-1161.00,Monitoring,3.12,False,True
436,Seo Analyst,13-1161.00,Reading Comprehension,4.0,False,True
436,Seo Analyst,13-1161.00,Science,2.0,True,False
436,Seo Analyst,13-1161.00,Speaking,3.88,False,True
436,Seo Analyst,13-1161.00,Writing,4.0,True,False
437,Hr Executive,13-1111.00,Active Learning,3.25,False,True
437,Hr Executive,13-1111.00,Active Listening,4.12,False,True
437,Hr Executive,13-1111.00,Critical Thinking,4.12,False,True
437,Hr Executive,13-1111.00,Learning Strategies,3.0,True,False
437,Hr Executive,13-1111.00,Mathematics,3.0,False,True
437,Hr Executive,13-1111.00,Monitoring,3.88,True,False
437,Hr Executive,13-1111.00,Reading Comprehension,4.12,False,True
437,Hr Executive,13-1111.00,Science,1.88,True,False
437,Hr Executive,13-1111.00,Speaking,4.0,True,False
437,Hr Executive,13-1111.00,Writing,4.0,False,True
438,Seo Analyst,13-1161.00,Active Learning,3.75,False,True
438,Seo Analyst,13-1161.00,Active Listening,4.0,False,True
438,Seo Analyst,13-1161.00,Critical Thinking,4.0,False,True
438,Seo Analyst,13-1161.00,Learning Strategies,2.88,True,False
438,Seo Analyst,13-1161.00,Mathematics,3.12,False,True
438,Seo Analyst,13-1161.00,Monitoring,3.12,False,True
438,Seo Analyst,13-1161.00,Reading Comprehension,4.0,False,True
438,Seo Analyst,13-1161.00,Science,2.0,False,True
438,Seo Analyst,13-1161.00,Speaking,3.88,True,False
438,Seo Analyst,13-1161.00,Writing,4.0,True,False
439,Seo Analyst,13-1161.00,Active Learning,3.75,False,True
439,Seo Analyst,13-1161.00,Active Listening,4.0,True,False
439,Seo Analyst,13-1161.00,Critical Thinking,4.0,True,False
439,Seo Analyst,13-1161.00,Learning Strategies,2.88,False,True
439,Seo Analyst,13-1161.00,Mathematics,3.12,False,True
439,Seo Analyst,13-1161.00,Monitoring,3.12,False,True
439,Seo Analyst,13-1161.00,Reading Comprehension,4.0,True,False
439,Seo Analyst,13-1161.00,Science,2.0,False,True
439,Seo Analyst,13-1161.00,Speaking,3.88,False,True
439,Seo Analyst,13-1161.00,Writing,4.0,True,False
440,Sales Executive,13-1111.00,Active Learning,3.25,False,True
440,Sales Executive,13-1111.00,Active Listening,4.12,False,True
440,Sales Executive,13-1111.00,Critical Thinking,4.12,False,True
440,Sales Executive,13-1111.00,Learning Strategies,3.0,True,False
440,Sales Executive,13-1111.00,Mathematics,3.0,False,True
440,Sales Executive,13-1111.00,Monitoring,3.88,False,True
440,Sales Executive,13-1111.00,Reading Comprehension,4.12,True,False
440,Sales Executive,13-1111.00,Science,1.88,False,True
440,Sales Executive,13-1111.00,Speaking,4.0,True,False
440,Sales Executive,13-1111.00,Writing,4.0,False,True
441,Sales Executive,13-1111.00,Active Learning,3.25,False,True
441,Sales Executive,13-1111.00,Active Listening,4.12,True,False
441,Sales Executive,13-1111.00,Critical Thinking,4.12,True,False
441,Sales Executive,13-1111.00,Learning Strategies,3.0,False,True
441,Sales Executive,13-1111.00,Mathematics,3.0,False,True
441,Sales Executive,13-1111.00,Monitoring,3.88,False,True
441,Sales Executive,13-1111.00,Reading Comprehension,4.12,False,True
441,Sales Executive,13-1111.00,Science,1.88,True,False
441,Sales Executive,13-1111.00,Speaking,4.0,False,True
441,Sales Executive,13-1111.00,Writing,4.0,False,True
442,Helpdesk,13-1111.00,Active Learning,3.25,True,False
442,Helpdesk,13-1111.00,Active Listening,4.12,True,False
442,Helpdesk,13-1111.00,Critical Thinking,4.12,True,False
442,Helpdesk,13-1111.00,Learning Strategies,3.0,False,True
442,Helpdesk,13-1111.00,Mathematics,3.0,False,True
442,Helpdesk,13-1111.00,Monitoring,3.88,False,True
442,Helpdesk,13-1111.00,Reading Comprehension,4.12,False,True
442,Helpdesk,13-1111.00,Science,1.88,False,True
442,Helpdesk,13-1111.00,Speaking,4.0,False,True
442,Helpdesk,13-1111.00,Writing,4.0,True,False
443,Hr Manager,11-3121.00,Active Learning,4.0,False,True
443,Hr Manager,11-3121.00,Active Listening,4.38,False,True
443,Hr Manager,11-3121.00,Critical Thinking,4.0,False,True
443,Hr Manager,11-3121.00,Learning Strategies,3.75,False,True
443,Hr Manager,11-3121.00,Mathematics,3.0,True,False
443,Hr Manager,11-3121.00,Monitoring,4.0,True,False
443,Hr Manager,11-3121.00,Reading Comprehension,4.25,True,False
443,Hr Manager,11-3121.00,Science,1.5,True,False
443,Hr Manager,11-3121.00,Speaking,4.25,False,True
443,Hr Manager,11-3121.00,Writing,4.12,True,False
444,Tester,13-1111.00,Active Learning,3.25,False,True
444,Tester,13-1111.00,Active Listening,4.12,True,False
444,Tester,13-1111.00,Critical Thinking,4.12,False,True
444,Tester,13-1111.00,Learning Strategies,3.0,False,True
444,Tester,13-1111.00,Mathematics,3.0,False,True
444,Tester,13-1111.00,Monitoring,3.88,True,False
444,Tester,13-1111.00,Reading Comprehension,4.12,True,False
444,Tester,13-1111.00,Science,1.88,False,True
444,Tester,13-1111.00,Speaking,4.0,False,True
444,Tester,13-1111.00,Writing,4.0,False,True
445,Account Manager,13-1111.00,Active Learning,3.25,True,False
445,Account Manager,13-1111.00,Active Listening,4.12,False,True
445,Account Manager,13-1111.00,Critical Thinking,4.12,True,False
445,Account Manager,13-1111.00,Learning Strategies,3.0,True,False
445,Account Manager,13-1111.00,Mathematics,3.0,True,False
445,Account Manager,13-1111.00,Monitoring,3.88,False,True
445,Account Manager,13-1111.00,Reading Comprehension,4.12,False,True
445,Account Manager,13-1111.00,Science,1.88,False,True
445,Account Manager,13-1111.00,Speaking,4.0,False,True
445,Account Manager,13-1111.00,Writing,4.0,False,True
446,Helpdesk,13-1111.00,Active Learning,3.25,True,False
446,Helpdesk,13-1111.00,Active Listening,4.12,False,True
446,Helpdesk,13-1111.00,Critical Thinking,4.12,False,True
446,Helpdesk,13-1111.00,Learning Strategies,3.0,True,False
446,Helpdesk,13-1111.00,Mathematics,3.0,False,True
446,Helpdesk,13-1111.00,Monitoring,3.88,False,True
446,Helpdesk,13-1111.00,Reading Comprehension,4.12,False,True
446,Helpdesk,13-1111.00,Science,1.88,True,False
446,Helpdesk,13-1111.00,Speaking,4.0,True,False
446,Helpdesk,13-1111.00,Writing,4.0,True,False
447,Sales Executive,13-1111.00,Active Learning,3.25,True,False
447,Sales Executive,13-1111.00,Active Listening,4.12,False,True
447,Sales Executive,13-1111.00,Critical Thinking,4.12,True,False
447,Sales Executive,13-1111.00,Learning Strategies,3.0,False,True
447,Sales Executive,13-1111.00,Mathematics,3.0,False,True
447,Sales Executive,13-1111.00,Monitoring,3.88,True,False
447,Sales Executive,13-1111.00,Reading Comprehension,4.12,False,True
447,Sales Executive,13-1111.00,Science,1.88,False,True
447,Sales Executive,13-1111.00,Speaking,4.0,True,False
447,Sales Executive,13-1111.00,Writing,4.0,False,True
448,Tester,13-1111.00,Active Learning,3.25,False,True
448,Tester,13-1111.00,Active Listening,4.12,False,True
448,Tester,13-1111.00,Critical Thinking,4.12,False,True
448,Tester,13-1111.00,Learning Strategies,3.0,True,False
448,Tester,13-1111.00,Mathematics,3.0,False,True
448,Tester,13-1111.00,Monitoring,3.88,False,True
448,Tester,13-1111.00,Reading Comprehension,4.12,True,False
448,Tester,13-1111.00,Science,1.88,True,False
448,Tester,13-1111.00,Speaking,4.0,False,True
448,Tester,13-1111.00,Writing,4.0,False,True
449,Accountant,13-1111.00,Active Learning,3.25,True,False
449,Accountant,13-1111.00,Active Listening,4.12,False,True
449,Accountant,13-1111.00,Critical Thinking,4.12,True,False
449,Accountant,13-1111.00,Learning Strategies,3.0,True,False
449,Accountant,13-1111.00,Mathematics,3.0,False,True
449,Accountant,13-1111.00,Monitoring,3.88,False,True
449,Accountant,13-1111.00,Reading Comprehension,4.12,False,True
449,Accountant,13-1111.00,Science,1.88,False,True
449,Accountant,13-1111.00,Speaking,4.0,False,True
449,Accountant,13-1111.00,Writing,4.0,False,True
450,Developer,15-1252.00,Active Learning,3.5,False,True
450,Developer,15-1252.00,Active Listening,3.38,False,True
450,Developer,15-1252.00,Critical Thinking,3.88,True,False
450,Developer,15-1252.00,Learning Strategies,2.62,False,True
450,Developer,15-1252.00,Mathematics,2.75,False,True
450,Developer,15-1252.00,Monitoring,3.0,True,False
450,Developer,15-1252.00,Reading Comprehension,3.5,False,True
450,Developer,15-1252.00,Science,2.12,True,False
450,Developer,15-1252.00,Speaking,3.12,False,True
450,Developer,15-1252.00,Writing,3.25,False,True
451,Helpdesk,13-1111.00,Active Learning,3.25,False,True
451,Helpdesk,13-1111.00,Active Listening,4.12,True,False
451,Helpdesk,13-1111.00,Critical Thinking,4.12,False,True
451,Helpdesk,13-1111.00,Learning Strategies,3.0,False,True
451,Helpdesk,13-1111.00,Mathematics,3.0,True,False
451,Helpdesk,13-1111.00,Monitoring,3.88,False,True
451,Helpdesk,13-1111.00,Reading Comprehension,4.12,False,True
451,Helpdesk,13-1111.00,Science,1.88,True,False
451,Helpdesk,13-1111.00,Speaking,4.0,False,True
451,Helpdesk,13-1111.00,Writing,4.0,False,True
452,Support Engineer,13-1111.00,Active Learning,3.25,False,True
452,Support Engineer,13-1111.00,Active Listening,4.12,False,True
452,Support Engineer,13-1111.00,Critical Thinking,4.12,False,True
452,Support Engineer,13-1111.00,Learning Strategies,3.0,True,False
452,Support Engineer,13-1111.00,Mathematics,3.0,True,False
452,Support Engineer,13-1111.00,Monitoring,3.88,False,True
452,Support Engineer,13-1111.00,Reading Comprehension,4.12,True,False
452,Support Engineer,13-1111.00,Science,1.88,True,False
452,Support Engineer,13-1111.00,Speaking,4.0,False,True
452,Support Engineer,13-1111.00,Writing,4.0,False,True
453,Engineer,13-1111.00,Active Learning,3.25,False,True
453,Engineer,13-1111.00,Active Listening,4.12,True,False
453,Engineer,13-1111.00,Critical Thinking,4.12,True,False
453,Engineer,13-1111.00,Learning Strategies,3.0,False,True
453,Engineer,13-1111.00,Mathematics,3.0,False,True
453,Engineer,13-1111.00,Monitoring,3.88,False,True
453,Engineer,13-1111.00,Reading Comprehension,4.12,False,True
453,Engineer,13-1111.00,Science,1.88,False,True
453,Engineer,13-1111.00,Speaking,4.0,True,False
453,Engineer,13-1111.00,Writing,4.0,False,True
454,Engineer,13-1111.00,Active Learning,3.25,False,True
454,Engineer,13-1111.00,Active Listening,4.12,False,True
454,Engineer,13-1111.00,Critical Thinking,4.12,False,True
454,Engineer,13-1111.00,Learning Strategies,3.0,False,True
454,Engineer,13-1111.00,Mathematics,3.0,True,False
454,Engineer,13-1111.00,Monitoring,3.88,False,True
454,Engineer,13-1111.00,Reading Comprehension,4.12,True,False
454,Engineer,13-1111.00,Science,1.88,False,True
454,Engineer,13-1111.00,Speaking,4.0,True,False
454,Engineer,13-1111.00,Writing,4.0,False,True
455,Developer,15-1252.00,Active Learning,3.5,True,False
455,Developer,15-1252.00,Active Listening,3.38,False,True
455,Developer,15-1252.00,Critical Thinking,3.88,True,False
455,Developer,15-1252.00,Learning Strategies,2.62,True,False
455,Developer,15-1252.00,Mathematics,2.75,True,False
455,Developer,15-1252.00,Monitoring,3.0,True,False
455,Developer,15-1252.00,Reading Comprehension,3.5,False,True
455,Developer,15-1252.00,Science,2.12,False,True
455,Developer,15-1252.00,Speaking,3.12,False,True
455,Developer,15-1252.00,Writing,3.25,False,True
456,Content Lead,13-1111.00,Active Learning,3.25,False,True
456,Content Lead,13-1111.00,Active Listening,4.12,True,False
456,Content Lead,13-1111.00,Critical Thinking,4.12,True,False
456,Content Lead,13-1111.00,Learning Strategies,3.0,False,True
456,Content Lead,13-1111.00,Mathematics,3.0,True,False
456,Content Lead,13-1111.00,Monitoring,3.88,False,True
456,Content Lead,13-1111.00,Reading Comprehension,4.12,False,True
456,Content Lead,13-1111.00,Science,1.88,False,True
456,Content Lead,13-1111.00,Speaking,4.0,True,False
456,Content Lead,13-1111.00,Writing,4.0,True,False
457,Helpdesk,13-1111.00,Active Learning,3.25,True,False
457,Helpdesk,13-1111.00,Active Listening,4.12,False,True
457,Helpdesk,13-1111.00,Critical Thinking,4.12,False,True
457,Helpdesk,13-1111.00,Learning Strategies,3.0,False,True
457,Helpdesk,13-1111.00,Mathematics,3.0,True,False
457,Helpdesk,13-1111.00,Monitoring,3.88,False,True
457,Helpdesk,13-1111.00,Reading Comprehension,4.12,True,False
457,Helpdesk,13-1111.00,Science,1.88,False,True
457,Helpdesk,13-1111.00,Speaking,4.0,True,False
457,Helpdesk,13-1111.00,Writing,4.0,True,False
458,Hr Executive,13-1111.00,Active Learning,3.25,False,True
458,Hr Executive,13-1111.00,Active Listening,4.12,True,False
458,Hr Executive,13-1111.00,Critical Thinking,4.12,False,True
458,Hr Executive,13-1111.00,Learning Strategies,3.0,True,False
458,Hr Executive,13-1111.00,Mathematics,3.0,False,True
458,Hr Executive,13-1111.00,Monitoring,3.88,False,True
458,Hr Executive,13-1111.00,Reading Comprehension,4.12,False,True
458,Hr Executive,13-1111.00,Science,1.88,False,True
458,Hr Executive,13-1111.00,Speaking,4.0,True,False
458,Hr Executive,13-1111.00,Writing,4.0,False,True
459,Account Manager,13-1111.00,Active Learning,3.25,True,False
459,Account Manager,13-1111.00,Active Listening,4.12,False,True
459,Account Manager,13-1111.00,Critical Thinking,4.12,True,False
459,Account Manager,13-1111.00,Learning Strategies,3.0,True,False
459,Account Manager,13-1111.00,Mathematics,3.0,False,True
459,Account Manager,13-1111.00,Monitoring,3.88,True,False
459,Account Manager,13-1111.00,Reading Comprehension,4.12,False,True
459,Account Manager,13-1111.00,Science,1.88,True,False
459,Account Manager,13-1111.00,Speaking,4.0,False,True
459,Account Manager,13-1111.00,Writing,4.0,False,True
460,Seo Analyst,13-1161.00,Active Learning,3.75,False,True
460,Seo Analyst,13-1161.00,Active Listening,4.0,True,False
460,Seo Analyst,13-1161.00,Critical Thinking,4.0,True,False
460,Seo Analyst,13-1161.00,Learning Strategies,2.88,False,True
460,Seo Analyst,13-1161.00,Mathematics,3.12,False,True
460,Seo Analyst,13-1161.00,Monitoring,3.12,True,False
460,Seo Analyst,13-1161.00,Reading Comprehension,4.0,False,True
460,Seo Analyst,13-1161.00,Science,2.0,False,True
460,Seo Analyst,13-1161.00,Speaking,3.88,False,True
460,Seo Analyst,13-1161.00,Writing,4.0,False,True
461,Accountant,13-1111.00,Active Learning,3.25,False,True
461,Accountant,13-1111.00,Active Listening,4.12,False,True
461,Accountant,13-1111.00,Critical Thinking,4.12,True,False
461,Accountant,13-1111.00,Learning Strategies,3.0,True,False
461,Accountant,13-1111.00,Mathematics,3.0,True,False
461,Accountant,13-1111.00,Monitoring,3.88,False,True
461,Accountant,13-1111.00,Reading Comprehension,4.12,True,False
461,Accountant,13-1111.00,Science,1.88,False,True
461,Accountant,13-1111.00,Speaking,4.0,True,False
461,Accountant,13-1111.00,Writing,4.0,False,True
462,Support Engineer,13-1111.00,Active Learning,3.25,False,True
462,Support Engineer,13-1111.00,Active Listening,4.12,False,True
462,Support Engineer,13-1111.00,Critical Thinking,4.12,True,False
462,Support Engineer,13-1111.00,Learning Strategies,3.0,True,False
462,Support Engineer,13-1111.00,Mathematics,3.0,False,True
462,Support Engineer,13-1111.00,Monitoring,3.88,True,False
462,Support Engineer,13-1111.00,Reading Comprehension,4.12,False,True
462,Support Engineer,13-1111.00,Science,1.88,True,False
462,Support Engineer,13-1111.00,Speaking,4.0,False,True
462,Support Engineer,13-1111.00,Writing,4.0,False,True
463,Accountant,13-1111.00,Active Learning,3.25,False,True
463,Accountant,13-1111.00,Active Listening,4.12,True,False
463,Accountant,13-1111.00,Critical Thinking,4.12,False,True
463,Accountant,13-1111.00,Learning Strategies,3.0,True,False
463,Accountant,13-1111.00,Mathematics,3.0,False,True
463,Accountant,13-1111.00,Monitoring,3.88,False,True
463,Accountant,13-1111.00,Reading Comprehension,4.12,False,True
463,Accountant,13-1111.00,Science,1.88,False,True
463,Accountant,13-1111.00,Speaking,4.0,True,False
463,Accountant,13-1111.00,Writing,4.0,False,True
464,Account Manager,13-1111.00,Active Learning,3.25,True,False
464,Account Manager,13-1111.00,Active Listening,4.12,False,True
464,Account Manager,13-1111.00,Critical Thinking,4.12,False,True
464,Account Manager,13-1111.00,Learning Strategies,3.0,False,True
464,Account Manager,13-1111.00,Mathematics,3.0,False,True
464,Account Manager,13-1111.00,Monitoring,3.88,False,True
464,Account Manager,13-1111.00,Reading Comprehension,4.12,False,True
464,Account Manager,13-1111.00,Science,1.88,False,True
464,Account Manager,13-1111.00,Speaking,4.0,True,False
464,Account Manager,13-1111.00,Writing,4.0,True,False
465,Helpdesk,13-1111.00,Active Learning,3.25,True,False
465,Helpdesk,13-1111.00,Active Listening,4.12,False,True
465,Helpdesk,13-1111.00,Critical Thinking,4.12,False,True
465,Helpdesk,13-1111.00,Learning Strategies,3.0,False,True
465,Helpdesk,13-1111.00,Mathematics,3.0,False,True
465,Helpdesk,13-1111.00,Monitoring,3.88,True,False
465,Helpdesk,13-1111.00,Reading Comprehension,4.12,False,True
465,Helpdesk,13-1111.00,Science,1.88,False,True
465,Helpdesk,13-1111.00,Speaking,4.0,True,False
465,Helpdesk,13-1111.00,Writing,4.0,False,True
466,Developer,15-1252.00,Active Learning,3.5,True,False
466,Developer,15-1252.00,Active Listening,3.38,False,True
466,Developer,15-1252.00,Critical Thinking,3.88,True,False
466,Developer,15-1252.00,Learning Strategies,2.62,True,False
466,Developer,15-1252.00,Mathematics,2.75,False,True
466,Developer,15-1252.00,Monitoring,3.0,False,True
466,Developer,15-1252.00,Reading Comprehension,3.5,True,False
466,Developer,15-1252.00,Science,2.12,False,True
466,Developer,15-1252.00,Speaking,3.12,False,True
466,Developer,15-1252.00,Writing,3.25,True,False
467,Auditor,13-2011.00,Active Learning,3.25,False,True
467,Auditor,13-2011.00,Active Listening,3.5,False,True
467,Auditor,13-2011.00,Critical Thinking,3.5,True,False
467,Auditor,13-2011.00,Learning Strategies,2.75,True,False
467,Auditor,13-2011.00,Mathematics,3.38,False,True
467,Auditor,13-2011.00,Monitoring,3.25,True,False
467,Auditor,13-2011.00,Reading Comprehension,3.88,False,True
467,Auditor,13-2011.00,Science,1.25,False,True
467,Auditor,13-2011.00,Speaking,3.38,False,True
467,Auditor,13-2011.00,Writing,3.5,False,True
468,Hr Executive,13-1111.00,Active Learning,3.25,False,True
468,Hr Executive,13-1111.00,Active Listening,4.12,True,False
468,Hr Executive,13-1111.00,Critical Thinking,4.12,True,False
468,Hr Executive,13-1111.00,Learning Strategies,3.0,True,False
468,Hr Executive,13-1111.00,Mathematics,3.0,True,False
468,Hr Executive,13-1111.00,Monitoring,3.88,True,False
468,Hr Executive,13-1111.00,Reading Comprehension,4.12,False,True
468,Hr Executive,13-1111.00,Science,1.88,False,True
468,Hr Executive,13-1111.00,Speaking,4.0,False,True
468,Hr Executive,13-1111.00,Writing,4.0,False,True
469,Auditor,13-2011.00,Active Learning,3.25,False,True
469,Auditor,13-2011.00,Active Listening,3.5,False,True
469,Auditor,13-2011.00,Critical Thinking,3.5,True,False
469,Auditor,13-2011.00,Learning Strategies,2.75,False,True
469,Auditor,13-2011.00,Mathematics,3.38,False,True
469,Auditor,13-2011.00,Monitoring,3.25,False,True
469,Auditor,13-2011.00,Reading Comprehension,3.88,True,False
469,Auditor,13-2011.00,Science,1.25,False,True
469,Auditor,13-2011.00,Speaking,3.38,False,True
469,Auditor,13-2011.00,Writing,3.5,True,False
470,Hr Executive,13-1111.00,Active Learning,3.25,False,True
470,Hr Executive,13-1111.00,Active Listening,4.12,False,True
470,Hr Executive,13-1111.00,Critical Thinking,4.12,False,True
470,Hr Executive,13-1111.00,Learning Strategies,3.0,False,True
470,Hr Executive,13-1111.00,Mathematics,3.0,True,False
470,Hr Executive,13-1111.00,Monitoring,3.88,False,True
470,Hr Executive,13-1111.00,Reading Comprehension,4.12,False,True
470,Hr Executive,13-1111.00,Science,1.88,True,False
470,Hr Executive,13-1111.00,Speaking,4.0,True,False
470,Hr Executive,13-1111.00,Writing,4.0,False,True
471,Hr Manager,11-3121.00,Active Learning,4.0,False,True
471,Hr Manager,11-3121.00,Active Listening,4.38,True,False
471,Hr Manager,11-3121.00,Critical Thinking,4.0,True,False
471,Hr Manager,11-3121.00,Learning Strategies,3.75,True,False
471,Hr Manager,11-3121.00,Mathematics,3.0,False,True
471,Hr Manager,11-3121.00,Monitoring,4.0,False,True
471,Hr Manager,11-3121.00,Reading Comprehension,4.25,True,False
471,Hr Manager,11-3121.00,Science,1.5,True,False
471,Hr Manager,11-3121.00,Speaking,4.25,False,True
471,Hr Manager,11-3121.00,Writing,4.12,False,True
472,Accountant,13-1111.00,Active Learning,3.25,True,False
472,Accountant,13-1111.00,Active Listening,4.12,True,False
472,Accountant,13-1111.00,Critical Thinking,4.12,False,True
472,Accountant,13-1111.00,Learning Strategies,3.0,True,False
472,Accountant,13-1111.00,Mathematics,3.0,True,False
472,Accountant,13-1111.00,Monitoring,3.88,True,False
472,Accountant,13-1111.00,Reading Comprehension,4.12,False,True
472,Accountant,13-1111.00,Science,1.88,False,True
472,Accountant,13-1111.00,Speaking,4.0,False,True
472,Accountant,13-1111.00,Writing,4.0,False,True
473,Engineer,13-1111.00,Active Learning,3.25,False,True
473,Engineer,13-1111.00,Active Listening,4.12,True,False
473,Engineer,13-1111.00,Critical Thinking,4.12,False,True
473,Engineer,13-1111.00,Learning Strategies,3.0,False,True
473,Engineer,13-1111.00,Mathematics,3.0,True,False
473,Engineer,13-1111.00,Monitoring,3.88,True,False
473,Engineer,13-1111.00,Reading Comprehension,4.12,False,True
473,Engineer,13-1111.00,Science,1.88,False,True
473,Engineer,13-1111.00,Speaking,4.0,False,True
473,Engineer,13-1111.00,Writing,4.0,True,False
474,Auditor,13-2011.00,Active Learning,3.25,False,True
474,Auditor,13-2011.00,Active Listening,3.5,False,True
474,Auditor,13-2011.00,Critical Thinking,3.5,True,False
474,Auditor,13-2011.00,Learning Strategies,2.75,False,True
474,Auditor,13-2011.00,Mathematics,3.38,False,True
474,Auditor,13-2011.00,Monitoring,3.25,True,False
474,Auditor,13-2011.00,Reading Comprehension,3.88,False,True
474,Auditor,13-2011.00,Science,1.25,True,False
474,Auditor,13-2011.00,Speaking,3.38,False,True
474,Auditor,13-2011.00,Writing,3.5,False,True
475,Account Manager,13-1111.00,Active Learning,3.25,False,True
475,Account Manager,13-1111.00,Active Listening,4.12,True,False
475,Account Manager,13-1111.00,Critical Thinking,4.12,True,False
475,Account Manager,13-1111.00,Learning Strategies,3.0,True,False
475,Account Manager,13-1111.00,Mathematics,3.0,True,False
475,Account Manager,13-1111.00,Monitoring,3.88,True,False
475,Account Manager,13-1111.00,Reading Comprehension,4.12,False,True
475,Account Manager,13-1111.00,Science,1.88,False,True
475,Account Manager,13-1111.00,Speaking,4.0,False,True
475,Account Manager,13-1111.00,Writing,4.0,False,True
476,Hr Manager,11-3121.00,Active Learning,4.0,False,True
476,Hr Manager,11-3121.00,Active Listening,4.38,False,True
476,Hr Manager,11-3121.00,Critical Thinking,4.0,False,True
476,Hr Manager,11-3121.00,Learning Strategies,3.75,False,True
476,Hr Manager,11-3121.00,Mathematics,3.0,True,False
476,Hr Manager,11-3121.00,Monitoring,4.0,False,True
476,Hr Manager,11-3121.00,Reading Comprehension,4.25,True,False
476,Hr Manager,11-3121.00,Science,1.5,False,True
476,Hr Manager,11-3121.00,Speaking,4.25,True,False
476,Hr Manager,11-3121.00,Writing,4.12,True,False
477,Sales Executive,13-1111.00,Active Learning,3.25,False,True
477,Sales Executive,13-1111.00,Active Listening,4.12,False,True
477,Sales Executive,13-1111.00,Critical Thinking,4.12,False,True
477,Sales Executive,13-1111.00,Learning Strategies,3.0,False,True
477,Sales Executive,13-1111.00,Mathematics,3.0,False,True
477,Sales Executive,13-1111.00,Monitoring,3.88,True,False
477,Sales Executive,13-1111.00,Reading Comprehension,4.12,True,False
477,Sales Executive,13-1111.00,Science,1.88,True,False
477,Sales Executive,13-1111.00,Speaking,4.0,True,False
477,Sales Executive,13-1111.00,Writing,4.0,False,True
478,Content Lead,13-1111.00,Active Learning,3.25,True,False
478,Content Lead,13-1111.00,Active Listening,4.12,False,True
478,Content Lead,13-1111.00,Critical Thinking,4.12,False,True
478,Content Lead,13-1111.00,Learning Strategies,3.0,True,False
478,Content Lead,13-1111.00,Mathematics,3.0,False,True
478,Content Lead,13-1111.00,Monitoring,3.88,True,False
478,Content Lead,13-1111.00,Reading Comprehension,4.12,False,True
478,Content Lead,13-1111.00,Science,1.88,True,False
478,Content Lead,13-1111.00,Speaking,4.0,False,True
478,Content Lead,13-1111.00,Writing,4.0,True,False
479,Tester,13-1111.00,Active Learning,3.25,False,True
479,Tester,13-1111.00,Active Listening,4.12,False,True
479,Tester,13-1111.00,Critical Thinking,4.12,True,False
479,Tester,13-1111.00,Learning Strategies,3.0,False,True
479,Tester,13-1111.00,Mathematics,3.0,False,True
479,Tester,13-1111.00,Monitoring,3.88,False,True
479,Tester,13-1111.00,Reading Comprehension,4.12,True,False
479,Tester,13-1111.00,Science,1.88,True,False
479,Tester,13-1111.00,Speaking,4.0,True,False
479,Tester,13-1111.00,Writing,4.0,True,False
480,Helpdesk,13-1111.00,Active Learning,3.25,False,True
480,Helpdesk,13-1111.00,Active Listening,4.12,True,False
480,Helpdesk,13-1111.00,Critical Thinking,4.12,False,True
480,Helpdesk,13-1111.00,Learning Strategies,3.0,True,False
480,Helpdesk,13-1111.00,Mathematics,3.0,False,True
480,Helpdesk,13-1111.00,Monitoring,3.88,False,True
480,Helpdesk,13-1111.00,Reading Comprehension,4.12,True,False
480,Helpdesk,13-1111.00,Science,1.88,False,True
480,Helpdesk,13-1111.00,Speaking,4.0,True,False
480,Helpdesk,13-1111.00,Writing,4.0,False,True
481,Developer,15-1252.00,Active Learning,3.5,True,False
481,Developer,15-1252.00,Active Listening,3.38,True,False
481,Developer,15-1252.00,Critical Thinking,3.88,True,False
481,Developer,15-1252.00,Learning Strategies,2.62,False,True
481,Developer,15-1252.00,Mathematics,2.75,True,False
481,Developer,15-1252.00,Monitoring,3.0,False,True
481,Developer,15-1252.00,Reading Comprehension,3.5,False,True
481,Developer,15-1252.00,Science,2.12,True,False
481,Developer,15-1252.00,Speaking,3.12,False,True
481,Developer,15-1252.00,Writing,3.25,False,True
482,Support Engineer,13-1111.00,Active Learning,3.25,False,True
482,Support Engineer,13-1111.00,Active Listening,4.12,False,True
482,Support Engineer,13-1111.00,Critical Thinking,4.12,True,False
482,Support Engineer,13-1111.00,Learning Strategies,3.0,True,False
482,Support Engineer,13-1111.00,Mathematics,3.0,True,False
482,Support Engineer,13-1111.00,Monitoring,3.88,False,True
482,Support Engineer,13-1111.00,Reading Comprehension,4.12,True,False
482,Support Engineer,13-1111.00,Science,1.88,False,True
482,Support Engineer,13-1111.00,Speaking,4.0,False,True
482,Support Engineer,13-1111.00,Writing,4.0,False,True
483,Tester,13-1111.00,Active Learning,3.25,False,True
483,Tester,13-1111.00,Active Listening,4.12,False,True
483,Tester,13-1111.00,Critical Thinking,4.12,False,True
483,Tester,13-1111.00,Learning Strategies,3.0,False,True
483,Tester,13-1111.00,Mathematics,3.0,True,False
483,Tester,13-1111.00,Monitoring,3.88,True,False
483,Tester,13-1111.00,Reading Comprehension,4.12,True,False
483,Tester,13-1111.00,Science,1.88,False,True
483,Tester,13-1111.00,Speaking,4.0,False,True
483,Tester,13-1111.00,Writing,4.0,True,False
484,Sales Executive,13-1111.00,Active Learning,3.25,False,True
484,Sales Executive,13-1111.00,Active Listening,4.12,True,False
484,Sales Executive,13-1111.00,Critical Thinking,4.12,False,True
484,Sales Executive,13-1111.00,Learning Strategies,3.0,False,True
484,Sales Executive,13-1111.00,Mathematics,3.0,True,False
484,Sales Executive,13-1111.00,Monitoring,3.88,True,False
484,Sales Executive,13-1111.00,Reading Comprehension,4.12,False,True
484,Sales Executive,13-1111.00,Science,1.88,False,True
484,Sales Executive,13-1111.00,Speaking,4.0,True,False
484,Sales Executive,13-1111.00,Writing,4.0,False,True
485,Sales Executive,13-1111.00,Active Learning,3.25,False,True
485,Sales Executive,13-1111.00,Active Listening,4.12,True,False
485,Sales Executive,13-1111.00,Critical Thinking,4.12,False,True
485,Sales Executive,13-1111.00,Learning Strategies,3.0,False,True
485,Sales Executive,13-1111.00,Mathematics,3.0,True,False
485,Sales Executive,13-1111.00,Monitoring,3.88,False,True
485,Sales Executive,13-1111.00,Reading Comprehension,4.12,False,True
485,Sales Executive,13-1111.00,Science,1.88,True,False
485,Sales Executive,13-1111.00,Speaking,4.0,False,True
485,Sales Executive,13-1111.00,Writing,4.0,False,True
486,Sales Executive,13-1111.00,Active Learning,3.25,False,True
486,Sales Executive,13-1111.00,Active Listening,4.12,True,False
486,Sales Executive,13-1111.00,Critical Thinking,4.12,False,True
486,Sales Executive,13-1111.00,Learning Strategies,3.0,False,True
486,Sales Executive,13-1111.00,Mathematics,3.0,False,True
486,Sales Executive,13-1111.00,Monitoring,3.88,False,True
486,Sales Executive,13-1111.00,Reading Comprehension,4.12,True,False
486,Sales Executive,13-1111.00,Science,1.88,True,False
486,Sales Executive,13-1111.00,Speaking,4.0,False,True
486,Sales Executive,13-1111.00,Writing,4.0,False,True
487,Developer,15-1252.00,Active Learning,3.5,False,True
487,Developer,15-1252.00,Active Listening,3.38,False,True
487,Developer,15-1252.00,Critical Thinking,3.88,True,False
487,Developer,15-1252.00,Learning Strategies,2.62,False,True
487,Developer,15-1252.00,Mathematics,2.75,True,False
487,Developer,15-1252.00,Monitoring,3.0,True,False
487,Developer,15-1252.00,Reading Comprehension,3.5,False,True
487,Developer,15-1252.00,Science,2.12,False,True
487,Developer,15-1252.00,Speaking,3.12,True,False
487,Developer,15-1252.00,Writing,3.25,True,False
488,Auditor,13-2011.00,Active Learning,3.25,False,True
488,Auditor,13-2011.00,Active Listening,3.5,False,True
488,Auditor,13-2011.00,Critical Thinking,3.5,True,False
488,Auditor,13-2011.00,Learning Strategies,2.75,False,True
488,Auditor,13-2011.00,Mathematics,3.38,True,False
488,Auditor,13-2011.00,Monitoring,3.25,False,True
488,Auditor,13-2011.00,Reading Comprehension,3.88,False,True
488,Auditor,13-2011.00,Science,1.25,False,True
488,Auditor,13-2011.00,Speaking,3.38,True,False
488,Auditor,13-2011.00,Writing,3.5,False,True
489,Accountant,13-1111.00,Active Learning,3.25,False,True
489,Accountant,13-1111.00,Active Listening,4.12,False,True
489,Accountant,13-1111.00,Critical Thinking,4.12,True,False
489,Accountant,13-1111.00,Learning Strategies,3.0,True,False
489,Accountant,13-1111.00,Mathematics,3.0,True,False
489,Accountant,13-1111.00,Monitoring,3.88,False,True
489,Accountant,13-1111.00,Reading Comprehension,4.12,False,True
489,Accountant,13-1111.00,Science,1.88,True,False
489,Accountant,13-1111.00,Speaking,4.0,True,False
489,Accountant,13-1111.00,Writing,4.0,False,True
490,Hr Manager,11-3121.00,Active Learning,4.0,False,True
490,Hr Manager,11-3121.00,Active Listening,4.38,True,False
490,Hr Manager,11-3121.00,Critical Thinking,4.0,False,True
490,Hr Manager,11-3121.00,Learning Strategies,3.75,False,True
490,Hr Manager,11-3121.00,Mathematics,3.0,True,False
490,Hr Manager,11-3121.00,Monitoring,4.0,False,True
490,Hr Manager,11-3121.00,Reading Comprehension,4.25,True,False
490,Hr Manager,11-3121.00,Science,1.5,False,True
490,Hr Manager,11-3121.00,Speaking,4.25,True,False
490,Hr Manager,11-3121.00,Writing,4.12,True,False
491,Account Manager,13-1111.00,Active Learning,3.25,False,True
491,Account Manager,13-1111.00,Active Listening,4.12,True,False
491,Account Manager,13-1111.00,Critical Thinking,4.12,True,False
491,Account Manager,13-1111.00,Learning Strategies,3.0,True,False
491,Account Manager,13-1111.00,Mathematics,3.0,True,False
491,Account Manager,13-1111.00,Monitoring,3.88,False,True
491,Account Manager,13-1111.00,Reading Comprehension,4.12,False,True
491,Account Manager,13-1111.00,Science,1.88,False,True
491,Account Manager,13-1111.00,Speaking,4.0,False,True
491,Account Manager,13-1111.00,Writing,4.0,False,True
492,Seo Analyst,13-1161.00,Active Learning,3.75,False,True
492,Seo Analyst,13-1161.00,Active Listening,4.0,False,True
492,Seo Analyst,13-1161.00,Critical Thinking,4.0,True,False
492,Seo Analyst,13-1161.00,Learning Strategies,2.88,True,False
492,Seo Analyst,13-1161.00,Mathematics,3.12,True,False
492,Seo Analyst,13-1161.00,Monitoring,3.12,True,False
492,Seo Analyst,13-1161.00,Reading Comprehension,4.0,True,False
492,Seo Analyst,13-1161.00,Science,2.0,False,True
492,Seo Analyst,13-1161.00,Speaking,3.88,False,True
492,Seo Analyst,13-1161.00,Writing,4.0,False,True
493,Tester,13-1111.00,Active Learning,3.25,False,True
493,Tester,13-1111.00,Active Listening,4.12,False,True
493,Tester,13-1111.00,Critical Thinking,4.12,True,False
493,Tester,13-1111.00,Learning Strategies,3.0,False,True
493,Tester,13-1111.00,Mathematics,3.0,True,False
493,Tester,13-1111.00,Monitoring,3.88,False,True
493,Tester,13-1111.00,Reading Comprehension,4.12,True,False
493,Tester,13-1111.00,Science,1.88,False,True
493,Tester,13-1111.00,Speaking,4.0,True,False
493,Tester,13-1111.00,Writing,4.0,True,False
494,Hr Manager,11-3121.00,Active Learning,4.0,False,True
494,Hr Manager,11-3121.00,Active Listening,4.38,False,True
494,Hr Manager,11-3121.00,Critical Thinking,4.0,False,True
494,Hr Manager,11-3121.00,Learning Strategies,3.75,False,True
494,Hr Manager,11-3121.00,Mathematics,3.0,True,False
494,Hr Manager,11-3121.00,Monitoring,4.0,True,False
494,Hr Manager,11-3121.00,Reading Comprehension,4.25,False,True
494,Hr Manager,11-3121.00,Science,1.5,True,False
494,Hr Manager,11-3121.00,Speaking,4.25,True,False
494,Hr Manager,11-3121.00,Writing,4.12,False,True
495,Developer,15-1252.00,Active Learning,3.5,True,False
495,Developer,15-1252.00,Active Listening,3.38,True,False
495,Developer,15-1252.00,Critical Thinking,3.88,False,True
495,Developer,15-1252.00,Learning Strategies,2.62,True,False
495,Developer,15-1252.00,Mathematics,2.75,False,True
495,Developer,15-1252.00,Monitoring,3.0,False,True
495,Developer,15-1252.00,Reading Comprehension,3.5,True,False
495,Developer,15-1252.00,Science,2.12,False,True
495,Developer,15-1252.00,Speaking,3.12,True,False
495,Developer,15-1252.00,Writing,3.25,False,True
496,Developer,15-1252.00,Active Learning,3.5,False,True
496,Developer,15-1252.00,Active Listening,3.38,True,False
496,Developer,15-1252.00,Critical Thinking,3.88,True,False
496,Developer,15-1252.00,Learning Strategies,2.62,True,False
496,Developer,15-1252.00,Mathematics,2.75,False,True
496,Developer,15-1252.00,Monitoring,3.0,False,True
496,Developer,15-1252.00,Reading Comprehension,3.5,False,True
496,Developer,15-1252.00,Science,2.12,True,False
496,Developer,15-1252.00,Speaking,3.12,True,False
496,Developer,15-1252.00,Writing,3.25,False,True
497,Auditor,13-2011.00,Active Learning,3.25,True,False
497,Auditor,13-2011.00,Active Listening,3.5,False,True
497,Auditor,13-2011.00,Critical Thinking,3.5,False,True
497,Auditor,13-2011.00,Learning Strategies,2.75,False,True
497,Auditor,13-2011.00,Mathematics,3.38,True,False
497,Auditor,13-2011.00,Monitoring,3.25,False,True
497,Auditor,13-2011.00,Reading Comprehension,3.88,False,True
497,Auditor,13-2011.00,Science,1.25,True,False
497,Auditor,13-2011.00,Speaking,3.38,False,True
497,Auditor,13-2011.00,Writing,3.5,False,True
498,Accountant,13-1111.00,Active Learning,3.25,True,False
498,Accountant,13-1111.00,Active Listening,4.12,False,True
498,Accountant,13-1111.00,Critical Thinking,4.12,False,True
498,Accountant,13-1111.00,Learning Strategies,3.0,False,True
498,Accountant,13-1111.00,Mathematics,3.0,False,True
498,Accountant,13-1111.00,Monitoring,3.88,False,True
498,Accountant,13-1111.00,Reading Comprehension,4.12,False,True
498,Accountant,13-1111.00,Science,1.88,True,False
498,Accountant,13-1111.00,Speaking,4.0,True,False
498,Accountant,13-1111.00,Writing,4.0,True,False
499,Account Manager,13-1111.00,Active Learning,3.25,False,True
499,Account Manager,13-1111.00,Active Listening,4.12,True,False
499,Account Manager,13-1111.00,Critical Thinking,4.12,False,True
499,Account Manager,13-1111.00,Learning Strategies,3.0,False,True
499,Account Manager,13-1111.00,Mathematics,3.0,False,True
499,Account Manager,13-1111.00,Monitoring,3.88,False,True
499,Account Manager,13-1111.00,Reading Comprehension,4.12,True,False
499,Account Manager,13-1111.00,Science,1.88,False,True
499,Account Manager,13-1111.00,Speaking,4.0,False,True
499,Account Manager,13-1111.00,Writing,4.0,True,False
500,Content Lead,13-1111.00,Active Learning,3.25,False,True
500,Content Lead,13-1111.00,Active Listening,4.12,True,False
500,Content Lead,13-1111.00,Critical Thinking,4.12,True,False
500,Content Lead,13-1111.00,Learning Strategies,3.0,False,True
500,Content Lead,13-1111.00,Mathematics,3.0,True,False
500,Content Lead,13-1111.00,Monitoring,3.88,False,True
500,Content Lead,13-1111.00,Reading Comprehension,4.12,True,False
500,Content Lead,13-1111.00,Science,1.88,False,True
500,Content Lead,13-1111.00,Speaking,4.0,True,False
500,Content Lead,13-1111.00,Writing,4.0,False,True
